overall,id,player_name,position_name,registered_position,age,nationality,height,weight,club_id,attack,defense,balance,stamina,top_speed,acceleration,technique,mentality,team_work,consistency
93,1436,Maradona,Unknown,11,25,Argentina,164,70,141,99,20,85,80,88,95,99,78,80,8
93,4499,Schmeichel,Unknown,0,43,Denmark,193,96,141,45,99,94,60,69,75,64,95,78,7
92,300,Buffon,Unknown,0,28,Italy,191,83,41,35,97,88,65,76,82,56,82,76,6
92,1377,Littbarski,Unknown,10,26,Germany,168,64,141,85,47,70,82,88,92,95,77,75,7
91,1044,Ronaldinho,Unknown,11,26,Brazil,181,80,61,94,43,86,84,83,92,98,73,79,7
91,1045,Adriano,Unknown,12,24,Brazil,189,87,63,91,36,97,84,86,90,88,67,68,4
91,1389,Conti,Unknown,10,27,Italy,169,65,141,89,58,76,90,90,94,87,74,74,7
91,1424,Gullit,Unknown,9,26,Netherlands,185,85,141,94,68,94,85,88,95,95,80,93,8
91,1439,Passarella,Unknown,2,25,Argentina,173,71,141,75,96,81,92,75,72,85,97,95,8
91,4553,Boniek,Unknown,11,26,Poland,181,75,141,90,42,83,90,94,93,91,85,86,7
90,93,Cech,Unknown,0,24,Czech Republic,197,87,35,30,93,91,65,67,70,63,75,77,6
90,219,Kahn,Unknown,0,37,Germany,188,91,34,40,96,90,65,60,69,50,95,82,7
90,446,C. Ronaldo,Unknown,10,21,Portugal,184,75,33,78,44,81,82,87,89,91,73,60,3
90,769,Eto'o,Unknown,12,26,Cameroon,180,75,55,93,47,84,90,95,97,84,70,78,6
90,1057,Robinho,Unknown,11,22,Brazil,172,60,54,80,43,70,82,88,87,92,65,75,4
90,1413,Cruyff,Unknown,12,27,Netherlands,180,71,141,98,30,82,87,90,96,97,75,99,8
90,1418,Rijkaard,Unknown,5,26,Netherlands,190,80,141,78,90,96,92,79,82,90,72,90,8
90,1468,Zico,Unknown,9,29,Brazil,172,69,141,92,45,78,86,82,85,94,88,80,8
89,147,J. Cole,Unknown,9,24,England,175,75,35,80,52,73,94,86,86,91,72,75,6
89,195,Henry,Unknown,12,29,France,188,83,40,97,33,82,80,93,96,96,72,82,6
89,302,F. Cannavaro,Unknown,3,33,Italy,176,75,61,60,97,86,85,77,82,76,86,88,7
89,1036,Dida,Unknown,0,33,Brazil,195,83,84,30,95,87,60,67,68,46,77,78,6
89,1046,Ronaldo,Unknown,12,30,Brazil,183,82,63,97,32,88,74,88,95,92,75,70,6
89,1323,Shilton,Unknown,0,36,England,183,81,141,30,96,81,60,68,70,44,90,80,6
89,1415,Van Breukelen,Unknown,0,31,Netherlands,180,78,141,30,93,82,58,69,70,56,85,68,5
89,1458,Pele,Unknown,12,29,Brazil,171,73,141,99,30,78,85,87,90,98,87,72,7
89,2042,Djibril Cissé,Unknown,12,25,France,182,78,33,85,32,88,85,94,93,84,68,65,5
89,2755,Stam,Unknown,3,34,Netherlands,191,91,41,67,93,94,85,84,73,75,76,82,6
89,4488,Ravelli,Unknown,0,31,Sweden,187,82,141,30,96,83,58,69,72,55,78,75,6
89,4515,Chilavert,Unknown,0,41,Paraguay,192,90,141,50,91,93,60,65,62,78,95,83,6
89,4525,M. Laudrup,Unknown,9,28,Denmark,183,75,141,88,52,83,83,84,90,93,80,80,6
88,101,Rosický,Unknown,9,26,Czech Republic,178,65,40,82,59,76,82,85,86,92,70,80,7
88,141,Terry,Unknown,3,25,England,186,87,35,63,94,90,83,75,76,76,85,83,7
88,152,Campbell,Unknown,3,32,England,188,89,33,60,90,95,79,79,73,72,77,78,5
88,160,Rooney,Unknown,11,21,England,178,78,33,85,50,90,90,86,90,90,80,80,6
88,277,Given,Unknown,0,30,Ireland,185,84,55,30,92,82,65,70,72,55,78,75,6
88,297,Duff,Unknown,10,27,Ireland,175,77,55,83,59,73,90,86,91,86,80,83,5
88,311,Peruzzi,Unknown,0,36,Italy,181,83,80,30,91,86,64,76,75,52,83,78,6
88,313,Materazzi,Unknown,3,33,Italy,193,83,34,67,87,91,82,70,68,74,73,77,5
88,346,Van der Sar,Unknown,0,35,Netherlands,198,83,33,30,95,82,65,68,67,63,80,78,6
88,356,Van Nistelrooy,Unknown,12,30,Netherlands,188,80,54,96,38,90,82,84,85,87,78,76,6
88,1033,Messi,Unknown,11,19,Argentina,170,66,8,79,49,81,80,85,90,85,71,75,5
88,1040,Roberto Carlos,Unknown,4,33,Brazil,168,67,33,79,65,75,93,88,86,89,82,82,5
88,1043,Kaka',Unknown,9,24,Brazil,183,73,55,87,54,83,86,88,90,93,74,80,6
88,1357,Cantona,Unknown,12,28,France,188,88,141,92,50,96,77,84,80,95,88,75,8
88,1369,IIlgner,Unknown,0,30,Germany,190,92,141,30,94,90,60,67,68,48,72,74,6
88,1370,Kohler,Unknown,3,25,Germany,186,84,141,55,95,98,91,74,81,73,84,85,6
88,1381,Zoff,Unknown,0,40,Italy,182,78,141,30,97,84,56,63,65,41,97,80,6
88,1401,Donadoni,Unknown,10,27,Italy,173,68,141,86,63,78,88,90,93,86,74,85,6
88,1426,Van Basten,Unknown,12,23,Netherlands,188,80,141,98,42,85,81,83,88,92,72,77,7
88,1438,Fillol,Unknown,0,28,Argentina,183,80,141,30,95,78,65,73,73,57,82,73,6
88,1448,Kempes,Unknown,12,23,Argentina,181,78,141,94,38,83,85,85,94,88,85,83,6
88,1570,Drogba,Unknown,12,28,Cote d'Ivoire,188,84,33,87,50,91,86,85,87,88,68,77,5
88,1574,Wright-Phillips,Unknown,8,25,England,168,64,35,79,49,72,82,92,92,84,71,72,5
88,2471,Toldo,Unknown,0,34,Italy,196,83,63,30,93,93,60,63,60,51,80,75,6
88,2766,Mitea,Unknown,11,21,Romania,172,64,14,73,43,67,76,92,88,85,63,70,4
88,3343,Cassano,Unknown,11,23,Italy,175,81,54,83,28,82,76,86,88,95,73,73,6
88,4450,Eusebio,Unknown,12,23,Portugal,175,73,141,96,55,84,86,93,89,88,78,76,6
88,4507,Stoichkov ,Unknown,12,28,Bulgaria,178,74,141,95,40,81,87,86,92,90,85,65,4
88,4530,Yashin,Unknown,0,34,Russia,184,82,141,30,99,78,56,65,66,55,82,80,7
88,4558,Preud'homme,Unknown,0,30,Belgium,178,75,141,30,95,78,58,67,69,55,78,72,6
87,102,Nedved,Unknown,9,34,Czech Republic,177,70,41,85,60,76,95,82,84,87,90,90,7
87,114,Baros,Unknown,12,24,Czech Republic,184,76,19,83,38,86,84,88,88,85,72,72,3
87,143,Ashley Cole,Unknown,4,25,England,173,67,35,79,69,80,93,90,93,82,83,77,5
87,145,Gerrard,Unknown,7,26,England,186,78,44,84,70,88,85,85,84,83,89,88,7
87,148,Owen,Unknown,12,26,England,173,70,63,91,35,82,80,91,89,85,76,79,6
87,310,Gilardino,Unknown,12,24,Italy,184,79,38,92,35,86,84,86,86,85,78,83,6
87,355,Robben,Unknown,10,22,Netherlands,180,75,8,81,53,79,78,87,90,87,77,75,5
87,469,Mutu,Unknown,11,27,Romania,180,74,37,84,48,79,85,88,90,87,80,75,5
87,610,Cañizares,Unknown,0,36,Spain,181,77,89,30,91,86,60,63,68,52,80,82,7
87,620,Reyes,Unknown,11,23,Spain,175,71,54,80,45,73,84,86,92,84,68,72,5
87,621,Joaquin,Unknown,10,25,Spain,179,75,89,83,47,82,83,89,91,85,71,76,5
87,676,Emre,Unknown,9,26,Turkey,171,80,47,77,52,78,87,85,88,87,80,62,4
87,700,Shevchenko,Unknown,11,30,Ukraine,183,72,35,97,42,88,88,86,94,86,87,87,7
87,838,Martins,Unknown,12,21,Nigeria,170,70,61,78,40,82,85,99,99,80,66,67,4
87,1031,Aimar,Unknown,9,26,Argentina,170,62,118,82,45,72,78,85,86,92,73,77,7
87,1037,Lúcio,Unknown,3,28,Brazil,188,84,40,75,88,91,85,80,75,80,75,77,6
87,1148,Cuevas,Unknown,11,26,Paraguay,172,63,61,78,30,71,77,91,92,85,63,62,4
87,1312,Banks,Unknown,0,28,England,185,85,141,30,98,83,60,67,68,43,82,75,5
87,1324,Seaman,Unknown,0,28,England,191,93,141,30,95,88,57,64,65,54,83,74,5
87,1325,Adams,Unknown,3,30,England,191,83,141,57,93,90,85,73,71,67,92,82,5
87,1342,Giresse,Unknown,9,31,France,163,60,141,84,65,74,85,78,84,92,75,88,7
87,1383,Bergomi,Unknown,3,26,Italy,184,74,141,63,96,85,82,74,76,70,84,85,7
87,1394,Vayengoddo,Unknown,3,31,Italy,179,75,141,64,96,88,83,73,72,75,85,88,7
87,1411,Neeskens,Unknown,9,22,Netherlands,175,78,141,84,65,75,98,82,83,84,87,88,7
87,1428,Oscar Ruggeri,Unknown,3,24,Argentina,183,82,141,65,95,86,84,80,78,77,90,75,6
87,1446,Bertoni,Unknown,9,24,Argentina,179,76,141,83,52,78,86,85,88,94,77,70,6
87,1449,Batistuta,Unknown,12,30,Argentina,185,73,141,98,24,90,78,80,82,82,87,71,7
87,1457,Rivelino,Unknown,9,28,Brazil,169,73,141,91,53,72,76,77,81,95,78,85,8
87,1461,Tafferel,Unknown,0,28,Brazil,180,74,141,30,95,83,64,67,68,60,76,62,6
87,1543,Anelka,Unknown,12,27,France,185,82,56,85,35,84,81,88,88,88,68,67,4
87,1598,Niemi,Unknown,0,34,Finland,185,83,45,30,92,84,63,65,59,56,75,82,5
87,1615,Radzinski,Unknown,11,32,Canada,174,74,14,83,48,78,88,90,88,82,70,72,6
87,1626,Dudek,Unknown,0,33,Poland,188,80,40,30,87,87,65,69,73,62,70,64,5
87,1726,Lua Lua,Unknown,11,25,DR Congo,172,77,26,82,38,74,86,88,90,86,73,63,4
87,2318,Pagliuca,Unknown,0,39,Italy,190,83,74,30,94,89,65,58,66,52,80,80,6
87,2468,Samuel,Unknown,3,28,Argentina,182,83,63,60,93,90,84,80,73,78,81,81,7
87,2564,Di Michele,Unknown,11,30,Italy,171,72,82,80,44,71,87,86,88,83,73,70,5
87,2759,Rosales,Unknown,11,25,Argentina,173,72,14,76,45,76,84,87,86,88,70,68,4
87,3507,Ewerthon,Unknown,11,25,Brazil,175,65,118,80,40,81,80,93,94,83,76,69,6
87,4447,Hierro,Unknown,3,38,Spain,187,84,141,80,88,90,85,76,73,80,91,86,8
87,4504,B. Laudrup,Unknown,12,23,Denmark,186,72,141,87,35,80,77,92,95,90,68,66,6
87,4522,Overmars,Unknown,10,27,Netherlands,175,72,141,82,41,71,71,94,96,78,67,67,5
86,26,Van Buyten,Unknown,3,28,Belgium,197,87,5,65,87,94,80,67,71,70,72,81,6
86,124,Jorgensen,Unknown,9,31,Denmark,178,74,37,79,52,75,88,86,81,88,70,86,6
86,140,R. Ferdinand,Unknown,3,27,England,198,80,33,66,95,89,83,82,81,83,86,82,7
86,144,Lampard,Unknown,7,28,England,183,79,35,84,65,82,97,77,78,85,82,87,7
86,186,Thuram,Unknown,3,34,France,185,78,61,59,94,92,82,83,83,79,80,86,7
86,193,Ribery,Unknown,8,23,France,170,72,64,75,45,74,90,87,88,83,74,79,5
86,197,Landreau,Unknown,0,27,France,183,83,36,40,87,81,60,68,73,50,81,80,6
86,206,Saha,Unknown,12,28,France,183,72,68,85,44,86,83,91,87,84,68,73,6
86,220,Hildebrand,Unknown,0,27,Germany,185,79,49,30,90,85,65,71,73,60,77,86,7
86,228,Odonkor,Unknown,10,22,Germany,172,74,67,76,39,75,80,94,97,75,64,68,5
86,287,Robbie Keane,Unknown,12,26,Ireland,175,64,55,87,33,76,82,88,89,82,87,68,5
86,306,Camoranesi,Unknown,8,30,Italy,174,70,41,81,65,75,90,82,86,88,74,83,6
86,396,Riise,Unknown,4,27,Norway,185,89,41,77,58,82,90,82,84,78,78,75,5
86,444,Deco,Unknown,7,29,Portugal,177,73,89,80,74,80,92,74,78,92,83,92,8
86,458,Boa Morte,Unknown,10,29,Portugal,176,81,45,78,47,81,82,90,88,87,61,62,3
86,599,Casillas,Unknown,0,25,Spain,185,70,54,30,92,80,65,67,70,43,91,75,5
86,601,Puyol,Unknown,3,28,Spain,178,80,61,64,93,87,93,83,88,76,97,87,6
86,606,Xavi,Unknown,7,26,Spain,170,69,61,75,72,72,92,78,77,91,86,94,8
86,609,Villa,Unknown,12,24,Spain,175,69,89,88,39,77,85,87,90,83,75,75,6
86,629,Ljungberg,Unknown,9,29,Sweden,176,75,40,84,63,82,93,88,91,83,88,85,6
86,631,Ibrahimovic,Unknown,11,25,Sweden,192,83,61,90,38,97,86,84,85,95,78,78,6
86,679,Rüstü,Unknown,0,33,Turkey,186,76,41,35,85,83,62,68,76,47,74,71,6
86,847,Okocha,Unknown,9,33,Nigeria,173,70,62,77,47,75,73,83,85,91,69,60,4
86,1014,Ayala,Unknown,3,33,Argentina,177,75,89,62,93,81,81,80,76,75,90,83,6
86,1023,Crespo,Unknown,12,31,Argentina,184,78,63,92,40,88,82,82,83,88,72,86,7
86,1052,Cicinho,Unknown,6,26,Brazil,171,68,54,75,53,75,86,89,85,80,73,78,5
86,1093,Oscar Cordoba,Unknown,0,36,Colombia,185,83,141,45,89,82,61,74,77,68,75,70,7
86,1174,Carini,Unknown,0,26,Uruguay,189,83,63,30,85,85,62,67,73,64,75,70,5
86,1183,Forlán,Unknown,12,27,Uruguay,179,75,89,87,38,79,87,85,88,82,75,75,6
86,1193,Recoba,Unknown,11,30,Uruguay,179,79,61,83,23,70,70,85,87,90,62,58,6
86,1332,Wright,Unknown,12,31,England,178,73,141,95,38,81,80,92,86,83,72,73,6
86,1343,Platini,Unknown,9,29,France,179,73,141,90,32,72,75,82,76,96,78,90,8
86,1347,Blanc,Unknown,2,32,France,192,88,141,71,98,88,80,74,70,77,87,85,6
86,1358,Maier,Unknown,0,30,Germany,183,77,141,30,97,78,60,63,66,45,90,73,5
86,1371,Sammer,Unknown,3,23,Germany,181,75,141,74,91,86,87,76,74,86,86,88,5
86,1374,Schuster,Unknown,9,20,Germany,179,72,141,87,55,81,82,84,83,90,66,88,8
86,1375,Matthaus,Unknown,9,29,Germany,173,72,141,86,65,80,95,77,80,83,97,90,8
86,1376,Rummenigge,Unknown,11,24,Germany,182,79,141,92,40,85,80,90,85,86,78,75,7
86,1379,Voller,Unknown,12,30,Germany,177,71,141,94,46,75,86,85,94,78,87,84,5
86,1380,Klinsmann,Unknown,12,25,Germany,182,73,141,95,42,82,85,85,87,78,88,72,6
86,1403,Vialli,Unknown,12,26,Italy,180,77,141,92,58,83,90,86,88,85,83,73,5
86,1408,Krol,Unknown,2,25,Netherlands,180,73,141,70,95,82,93,90,85,84,85,92,8
86,1434,Burrachaga,Unknown,9,23,Argentina,177,75,141,82,47,79,82,83,80,90,73,82,6
86,1465,Cerezo,Unknown,7,27,Brazil,181,73,141,72,78,79,97,84,85,79,86,88,7
86,1467,Socrates,Unknown,9,28,Brazil,192,79,141,88,63,80,85,86,77,81,90,88,8
86,1471,Bebeto,Unknown,11,28,Brazil,173,68,141,87,43,71,83,90,84,88,70,82,6
86,1483,A. Hleb,Unknown,9,25,Belarus,185,74,40,80,50,74,83,84,92,85,76,74,5
86,1540,Fortune,Unknown,8,29,South Africa,182,74,55,77,52,74,84,88,85,86,63,72,5
86,1590,Van der Meyde,Unknown,10,27,Netherlands,178,77,90,77,45,73,83,86,89,84,71,70,5
86,1715,Luque,Unknown,12,28,Spain,183,80,33,83,48,85,83,86,84,85,74,74,5
86,2626,Mancini,Unknown,8,26,Brazil,183,82,70,80,50,77,88,89,93,86,70,78,5
86,2685,Abbiati,Unknown,0,29,Italy,191,92,83,30,87,91,65,64,68,44,66,67,5
86,2711,De Sanctis,Unknown,0,29,Italy,190,83,38,30,87,88,65,64,66,52,68,66,6
86,2717,Di Natale,Unknown,11,29,Italy,170,73,38,82,40,73,82,89,88,86,76,83,7
86,2944,Alex,Unknown,3,24,Brazil,188,92,8,64,82,91,83,72,71,76,67,70,5
86,3133,Víctor Valdés,Unknown,0,24,Spain,183,78,61,30,86,85,65,71,74,61,73,70,5
86,3141,Giuly,Unknown,11,30,France,164,64,61,81,50,76,87,85,87,84,85,82,6
86,3449,Chevanton,Unknown,12,26,Uruguay,172,72,47,87,34,78,84,86,90,85,66,69,6
86,3475,Vicente,Unknown,8,25,Spain,175,72,89,83,46,75,82,88,90,84,73,74,7
86,3598,Makaay,Unknown,12,31,Netherlands,188,81,121,93,42,83,82,86,83,85,79,75,7
86,3661,Marchionni,Unknown,8,26,Italy,175,66,41,79,46,74,86,87,89,85,76,84,5
86,3691,Miccoli,Unknown,12,27,Italy,168,64,70,83,38,83,85,85,91,86,69,68,4
86,3712,Quaresma,Unknown,10,23,Portugal,173,69,91,78,42,73,81,88,89,84,69,67,4
86,3845,Mondragon,Unknown,0,35,Colombia,189,94,30,35,88,80,65,67,75,55,63,73,6
86,3850,Hasan Sas,Unknown,11,30,Turkey,177,74,30,80,52,78,88,84,87,83,69,71,5
86,4046,Butt,Unknown,0,31,Germany,191,91,25,45,84,91,60,67,79,51,73,78,4
86,4276,Rost,Unknown,0,33,Germany,194,90,14,40,93,86,60,62,69,51,76,76,6
86,4478,Boban,Unknown,9,26,Croatia,183,79,141,86,67,85,84,79,78,90,86,82,5
86,4485,Denis Law,Unknown,11,24,Scotland,175,71,141,97,33,80,86,84,86,86,73,90,7
86,4491,Stojkovic,Unknown,11,28,Serbia and Montenegro,175,73,141,87,52,73,80,81,83,97,84,85,7
86,4495,P. Andersson,Unknown,3,30,Sweden,185,81,141,55,93,93,80,75,73,76,77,83,6
85,56,M. Petrov,Unknown,10,27,Bulgaria,180,77,20,83,42,77,84,88,91,77,74,74,5
85,123,Rommedahl,Unknown,10,28,Denmark,177,70,48,80,45,67,89,89,90,85,72,75,6
85,136,Gronkjær,Unknown,10,29,Denmark,187,76,50,77,52,72,82,90,89,82,66,70,5
85,139,Robinson,Unknown,0,27,England,191,89,53,30,84,89,63,64,68,66,65,70,5
85,157,Jenas,Unknown,7,23,England,180,74,53,75,67,71,88,86,81,85,74,80,6
85,164,Hyypiä,Unknown,3,33,Finland,191,87,63,58,88,90,77,70,72,72,85,84,6
85,185,Barthez,Unknown,0,35,France,183,76,34,40,86,85,65,63,76,60,70,79,6
85,196,Coupet,Unknown,0,33,France,181,80,62,30,88,83,65,67,70,53,80,74,6
85,203,Dhorasoo,Unknown,7,33,France,168,63,34,75,60,71,88,84,83,85,65,89,6
85,205,Govou,Unknown,10,27,France,175,75,128,80,45,76,78,87,88,90,70,75,6
85,207,Trézéguet,Unknown,12,29,France,190,80,41,96,40,85,81,78,78,86,79,76,6
85,301,Nesta,Unknown,3,30,Italy,187,79,38,62,95,84,84,81,80,77,72,90,6
85,367,Babel,Unknown,12,19,Netherlands,185,79,41,73,36,84,76,86,85,86,67,64,3
85,491,Izmailov,Unknown,8,24,Russia,169,70,61,78,47,73,86,85,87,88,68,66,4
85,532,Krstajic,Unknown,3,32,Serbia and Montenegro,191,83,52,60,82,82,88,81,76,69,75,78,5
85,539,Kezman,Unknown,12,27,Serbia and Montenegro,179,72,96,87,32,76,81,87,88,83,75,70,4
85,628,Wilhelmsson,Unknown,8,26,Sweden,177,68,60,76,55,75,86,86,82,86,74,74,5
85,632,Larsson,Unknown,12,35,Sweden,178,75,62,89,51,81,81,80,86,88,86,90,7
85,687,Bastürk,Unknown,9,27,Turkey,168,68,23,79,57,83,88,82,80,85,75,75,8
85,723,Giggs,Unknown,8,32,Wales,180,68,14,84,53,74,82,82,83,87,77,82,7
85,781,Olembé,Unknown,9,25,Cameroon,171,66,64,70,54,66,85,86,90,84,66,66,4
85,792,Kalou,Unknown,11,28,Cote d'Ivoire,182,77,36,80,45,72,81,86,84,88,68,65,5
85,858,Pienaar,Unknown,8,24,South Africa,176,66,63,74,64,76,86,84,85,87,67,80,6
85,945,Márquez,Unknown,3,27,Mexico,182,74,55,66,87,84,81,73,74,75,77,73,6
85,1015,Heinze,Unknown,3,28,Argentina,178,71,89,68,85,83,86,78,77,76,78,75,5
85,1022,Saviola,Unknown,12,24,Argentina,168,60,55,87,42,80,80,86,90,85,65,73,6
85,1026,G. Milito,Unknown,3,26,Argentina,176,70,118,62,86,81,83,81,77,77,77,78,6
85,1034,Tevez,Unknown,11,22,Argentina,170,73,101,84,43,89,85,82,84,87,75,76,6
85,1128,Villar,Unknown,0,29,Paraguay,180,79,141,30,84,81,65,70,72,47,70,79,5
85,1275,Park Ji Sung,Unknown,8,25,South Korea,175,72,33,77,68,82,95,84,86,82,80,88,6
85,1289,Schwarzer,Unknown,0,34,Australia,196,85,3,40,85,88,63,65,73,46,71,72,5
85,1320,Bobby Charlton,Unknown,9,29,England,174,72,141,92,57,74,98,86,87,75,90,85,6
85,1333,Lineker,Unknown,12,25,England,175,74,141,94,30,70,88,83,92,86,85,75,6
85,1334,Keegan,Unknown,12,27,England,169,68,141,96,35,86,87,82,90,90,82,85,7
85,1341,Tigana,Unknown,7,29,France,168,62,141,73,82,66,97,86,84,85,74,86,7
85,1356,Papin,Unknown,12,22,France,176,72,141,95,38,72,80,83,78,91,76,84,6
85,1360,Schwarzenbeck,Unknown,3,26,Germany,183,78,141,68,95,84,80,77,76,72,80,80,6
85,1363,Hoenes,Unknown,9,22,Germany,181,76,141,81,60,78,87,88,86,84,74,88,7
85,1392,Zenga,Unknown,0,30,Italy,188,84,141,30,95,83,56,69,81,66,88,70,7
85,1393,Baresi,Unknown,2,30,Italy,176,70,141,74,98,86,87,80,79,85,98,98,7
85,1412,Rep,Unknown,10,22,Netherlands,178,73,141,83,55,68,86,88,87,82,72,80,6
85,1425,Keizer,Unknown,10,31,Netherlands,180,80,141,85,43,80,84,86,83,86,73,83,5
85,1460,Tostao,Unknown,12,23,Brazil,170,69,141,95,30,74,82,84,81,97,96,96,7
85,1466,Falcao,Unknown,9,28,Brazil,183,73,141,85,68,81,90,86,77,81,80,93,8
85,1474,Touré,Unknown,3,25,Cote d'Ivoire,183,76,40,66,78,90,87,86,84,70,72,75,4
85,1485,Poom,Unknown,0,34,Estonia,194,85,78,35,83,83,63,64,66,48,71,75,4
85,1505,Friedel,Unknown,0,35,United States,193,92,78,40,90,88,60,61,66,55,77,75,5
85,1534,Diouf,Unknown,11,25,Senegal,180,75,56,83,39,80,82,86,89,90,65,73,5
85,1621,Malbranque,Unknown,9,26,France,170,76,53,78,52,81,82,83,84,88,67,72,5
85,1634,Sinama Pongolle,Unknown,11,22,France,176,72,130,78,35,72,78,88,93,87,68,60,5
85,1659,Beasley,Unknown,8,24,United States,173,60,74,72,43,55,82,88,86,86,60,62,3
85,1792,Berbatov,Unknown,12,25,Bulgaria,188,79,53,86,43,85,82,86,83,87,75,77,7
85,1802,Defoe,Unknown,12,24,England,170,65,40,85,43,75,82,86,88,84,66,74,6
85,1960,T. M. Sylva,Unknown,0,31,Senegal,183,82,103,30,83,86,65,72,78,60,76,70,5
85,2132,B. Mendy,Unknown,4,25,France,180,77,36,72,54,81,83,94,86,80,65,70,4
85,2367,David Suazo,Unknown,12,26,Honduras,182,75,55,85,35,85,82,93,85,82,68,70,5
85,2489,Sereni,Unknown,0,31,Italy,186,80,80,30,87,83,62,66,72,55,78,74,6
85,2535,Alvarez,Unknown,6,26,Honduras,171,68,24,69,58,69,79,95,92,72,65,67,4
85,2541,Kaladze,Unknown,3,28,Georgia,186,76,61,66,88,85,86,77,80,76,80,81,5
85,2542,Serginho,Unknown,8,35,Brazil,181,75,61,77,55,70,77,93,86,85,66,64,4
85,2543,C. Seedorf,Unknown,9,30,Netherlands,176,76,84,83,64,90,90,77,79,91,73,93,7
85,2545,Maldini,Unknown,3,38,Italy,186,86,38,69,97,88,81,76,78,85,98,95,8
85,2899,Zoetebier,Unknown,0,36,Netherlands,186,87,136,30,84,86,65,66,66,60,70,70,5
85,2943,Gomes,Unknown,0,25,Brazil,191,82,78,30,83,84,65,69,72,48,75,72,5
85,3062,Douglas,Unknown,11,27,Netherlands,172,73,17,74,42,71,86,84,85,84,67,73,4
85,3486,Pirès,Unknown,9,33,France,187,80,100,84,58,81,82,83,81,88,74,80,7
85,3497,Nihat,Unknown,11,26,Turkey,175,71,100,84,52,75,86,86,89,84,72,83,6
85,3506,D'Alessandro,Unknown,9,25,Argentina,175,69,63,82,46,73,79,77,79,92,70,72,6
85,3592,Ismael,Unknown,3,31,France,191,81,63,59,85,90,80,74,70,73,71,75,5
85,3603,Salihamidzic,Unknown,8,29,Bosnia and Herzegovina,180,77,63,77,64,76,87,83,88,82,75,85,6
85,3612,Castillo,Unknown,11,22,Uruguay,170,61,28,74,42,63,73,88,91,80,66,65,5
85,3961,Dunn,Unknown,9,26,England,175,78,58,78,65,87,87,83,82,84,74,70,6
85,4277,Bordon,Unknown,3,30,Brazil,189,89,52,60,85,89,77,68,66,72,78,86,6
85,4286,Lovenkrands,Unknown,10,25,Denmark,181,70,52,76,43,72,80,89,89,82,68,67,4
85,4368,Jentzsch,Unknown,0,30,Germany,196,96,7,30,83,94,65,55,65,51,70,73,4
85,4474,Juninho P.,Unknown,9,33,Brazil,165,58,84,80,50,83,76,82,83,88,66,65,5
85,4482,Suker,Unknown,12,30,Croatia,183,78,141,90,40,80,84,78,83,90,85,80,6
85,4483,Di Stefano,Unknown,12,31,Spain,175,76,141,98,65,73,98,88,90,93,80,95,7
85,4489,Yeboah,Unknown,12,29,Ghana,180,88,141,86,29,90,80,82,85,82,80,74,5
85,4503,Butragueño,Unknown,12,27,Spain,170,68,141,94,40,71,83,82,87,85,85,85,7
85,4514,Bakero,Unknown,9,31,Spain,172,72,141,85,60,78,95,80,83,83,86,83,6
85,4541,Pelentier,Unknown,8,23,Brazil,173,64,141,75,55,66,85,85,85,82,68,65,5
84,116,Sorensen,Unknown,0,30,Denmark,196,89,19,35,86,88,65,63,70,54,68,65,5
84,150,James,Unknown,0,36,England,196,94,26,30,84,90,60,64,66,46,70,75,5
84,153,Carragher,Unknown,3,28,England,186,83,41,63,88,86,83,80,75,70,84,78,5
84,191,Vieira,Unknown,7,30,France,191,81,63,77,80,88,85,78,79,86,82,88,7
84,194,Zidane,Unknown,9,34,France,185,78,141,85,50,90,77,72,75,97,80,80,8
84,201,Chimbonda,Unknown,4,27,France,180,75,53,73,75,80,91,86,80,78,65,75,6
84,231,Nikopolidis,Unknown,0,35,Greece,187,88,28,30,84,85,65,65,66,50,77,78,6
84,254,Király,Unknown,0,30,Hungary,190,85,141,30,85,86,60,63,70,54,63,73,5
84,305,Pirlo,Unknown,5,27,Italy,177,68,38,81,63,74,84,75,74,95,65,91,8
84,312,Amelia,Unknown,0,24,Italy,187,78,81,30,85,85,60,69,72,46,72,72,5
84,322,F. Inzaghi,Unknown,12,33,Italy,181,74,61,90,35,75,84,84,88,78,82,69,6
84,352,Sneijder,Unknown,7,22,Netherlands,170,72,14,75,60,71,82,77,79,84,76,75,4
84,354,Van Persie,Unknown,11,23,Netherlands,183,71,40,76,37,81,82,85,84,88,68,62,4
84,369,Taylor,Unknown,0,35,Northern Ireland,193,90,58,30,85,85,65,67,62,44,74,76,5
84,401,Carew,Unknown,12,27,Norway,193,90,70,82,55,92,85,87,84,84,68,77,6
84,438,Ricardo,Unknown,0,30,Portugal,185,80,88,35,85,80,64,69,72,45,75,75,5
84,441,Miguel,Unknown,4,26,Portugal,179,78,89,76,66,79,86,88,84,75,68,70,3
84,449,Quim,Unknown,0,30,Portugal,184,76,70,40,83,81,64,75,70,56,78,65,5
84,604,Xabi Alonso,Unknown,5,24,Spain,183,77,61,72,75,81,89,75,75,85,70,93,7
84,608,Fernando Torres,Unknown,12,22,Spain,183,70,20,87,43,83,78,82,87,90,77,78,7
84,619,Luis García,Unknown,11,28,Spain,177,66,44,84,59,77,82,80,86,88,78,89,7
84,633,Isaksson,Unknown,0,25,Sweden,199,88,1,35,85,84,63,65,68,50,70,73,5
84,701,Voronin,Unknown,11,27,Ukraine,179,75,25,82,53,72,85,82,86,83,78,70,6
84,712,Vorobei,Unknown,12,27,Ukraine,178,70,21,77,45,80,81,85,88,82,72,73,5
84,767,Douala,Unknown,10,28,Cameroon,176,75,32,76,42,75,80,90,90,78,66,65,4
84,805,Dindane,Unknown,12,25,Cote d'Ivoire,174,76,109,79,42,82,83,86,88,80,70,73,4
84,839,Aghahowa,Unknown,12,24,Nigeria,178,77,21,79,33,76,84,92,90,80,67,66,4
84,851,Obinna,Unknown,12,19,Nigeria,182,80,87,72,29,75,77,94,93,80,64,63,3
84,859,Buckley,Unknown,10,28,South Africa,177,78,141,79,59,76,84,84,87,78,68,70,5
84,861,Zuma,Unknown,11,30,South Africa,180,68,113,78,34,76,75,85,87,90,67,66,4
84,901,Trabelsi,Unknown,4,29,Tunisia,179,81,74,74,68,82,90,85,83,76,68,80,6
84,990,Keller,Unknown,0,36,United States,188,86,11,30,85,85,56,62,68,45,78,70,6
84,1027,Coloccini,Unknown,3,24,Argentina,183,78,119,63,84,85,82,73,69,74,72,72,6
84,1042,Zé Roberto,Unknown,8,32,Brazil,172,72,34,83,69,71,86,84,82,90,72,91,8
84,1047,Júlio César,Unknown,0,27,Brazil,186,79,79,35,87,83,62,70,70,51,70,70,5
84,1108,De La Cruz,Unknown,4,31,Ecuador,174,74,72,75,63,84,88,82,85,81,72,69,5
84,1172,Pizarro,Unknown,12,28,Peru,184,84,5,87,46,85,86,80,80,83,70,80,7
84,1175,Lugano,Unknown,2,25,Uruguay,188,88,96,56,83,85,84,76,74,76,79,75,5
84,1254,Al-Deayea,Unknown,0,34,Saudi Arabia,189,75,141,35,83,78,56,69,72,45,75,63,6
84,1314,Moore,Unknown,2,25,England,183,82,141,68,98,81,86,76,74,78,95,95,7
84,1318,Ball,Unknown,9,21,England,170,64,141,85,55,66,86,84,81,90,74,83,7
84,1322,Hurst,Unknown,12,24,England,183,80,141,95,55,85,85,80,79,72,80,85,7
84,1338,Bossis,Unknown,3,29,France,182,80,141,68,92,88,86,80,78,73,82,77,6
84,1364,Breitner,Unknown,7,23,Germany,176,73,141,84,52,80,90,79,78,82,85,93,7
84,1390,Rossi,Unknown,12,25,Italy,174,66,141,93,35,72,85,83,84,84,75,80,6
84,1397,Rivera,Unknown,9,26,Italy,175,66,141,85,35,64,70,74,72,97,75,90,7
84,1407,Suurbier,Unknown,6,29,Netherlands,181,80,141,80,55,69,88,87,86,75,74,85,5
84,1409,Van Hanegem,Unknown,5,30,Netherlands,181,78,141,77,65,83,85,68,71,92,78,87,8
84,1422,Vanenburg,Unknown,8,24,Netherlands,174,68,141,82,60,66,83,83,85,85,75,85,7
84,1427,Pumpido,Unknown,0,28,Argentina,182,80,141,30,92,78,68,75,71,47,72,73,5
84,1445,Ardiles,Unknown,7,25,Argentina,168,62,141,83,62,69,90,76,75,92,82,95,8
84,1450,Felix,Unknown,0,33,Brazil,176,72,141,40,85,83,58,65,66,53,77,70,5
84,1459,Jairzinho,Unknown,9,26,Brazil,173,76,141,88,35,78,82,83,84,88,72,65,5
84,1473,Lehmann,Unknown,0,36,Germany,190,87,40,35,89,87,60,63,65,40,70,70,4
84,1552,Hasselbaink,Unknown,12,34,Netherlands,178,85,5,87,38,86,78,83,85,78,73,71,5
84,1583,Wright,Unknown,0,28,England,187,85,90,30,85,88,62,62,67,50,76,70,5
84,1607,John,Unknown,12,21,Netherlands,182,86,45,76,40,85,83,83,82,83,72,73,4
84,1645,Weaver,Unknown,0,27,England,191,85,73,35,78,85,58,70,66,51,65,70,5
84,1654,Vassell,Unknown,12,26,England,170,76,74,80,40,83,83,90,85,84,69,75,5
84,1655,Andy Cole,Unknown,12,35,England,180,75,34,87,36,84,78,83,81,83,66,78,6
84,1663,Scholes,Unknown,7,31,England,170,74,33,84,60,78,88,80,82,83,72,92,8
84,1710,Dyer,Unknown,7,27,England,173,64,44,77,48,75,86,88,89,85,75,72,4
84,1791,Davids,Unknown,7,33,Netherlands,169,68,33,72,72,80,93,85,86,85,80,80,6
84,1805,Routledge,Unknown,10,21,England,170,64,45,75,48,66,82,86,85,82,69,76,3
84,1807,Mido,Unknown,12,23,Egypt,190,81,53,80,38,80,87,85,81,90,58,60,5
84,1915,Yohann Pelé,Unknown,0,23,France,196,89,107,30,83,86,56,61,63,50,78,74,5
84,2119,Grégorini,Unknown,0,27,France,194,90,108,30,83,85,60,65,69,53,78,76,5
84,2307,Penneteau,Unknown,0,25,France,185,78,115,30,83,86,63,68,75,58,70,72,4
84,2448,Frey,Unknown,0,26,France,189,83,8,30,84,82,65,69,76,46,76,70,5
84,2469,Javier Zanetti,Unknown,4,33,Argentina,178,75,63,74,66,86,93,85,83,80,82,85,5
84,2470,Dejan Stankovic,Unknown,9,28,Serbia and Montenegro,181,75,130,81,58,80,90,83,84,83,78,88,6
84,2476,M. González,Unknown,8,25,Argentina,175,75,63,75,48,77,83,83,88,79,67,65,4
84,2508,C. Lucarelli,Unknown,12,31,Italy,188,85,38,89,37,88,82,78,78,84,91,78,6
84,2521,Storari,Unknown,0,29,Italy,187,76,24,30,84,79,62,73,77,52,72,70,5
84,2586,Morfeo,Unknown,9,30,Italy,170,67,99,82,36,73,80,82,78,90,75,75,6
84,2627,Vucinic,Unknown,12,23,Serbia and Montenegro,186,76,79,84,42,83,84,84,85,83,68,75,5
84,2637,Montella,Unknown,12,32,Italy,172,71,79,90,33,70,86,85,88,88,74,85,6
84,2664,Manninger,Unknown,0,29,Austria,188,83,95,30,85,83,60,66,68,50,70,70,5
84,2919,Sikora,Unknown,10,28,Netherlands,172,64,136,77,41,73,78,86,87,84,72,68,5
84,3121,Etxeberria,Unknown,11,29,Spain,177,73,138,83,50,77,90,85,87,82,76,82,6
84,3203,Munúa,Unknown,0,28,Uruguay,188,87,119,30,84,84,58,68,66,52,74,65,4
84,3303,Cavallero,Unknown,0,32,Argentina,184,82,75,30,85,85,63,66,69,58,78,77,6
84,3310,Robert,Unknown,8,31,France,176,69,61,78,40,75,76,88,82,83,70,62,3
84,3369,Ibagaza,Unknown,9,29,Argentina,166,65,69,80,53,71,76,83,86,86,67,76,6
84,3399,Munitis,Unknown,11,31,Spain,167,70,139,82,55,75,84,83,90,80,78,72,5
84,3443,Escudé,Unknown,3,27,France,184,76,47,65,82,81,85,73,72,80,75,82,6
84,3465,Baraja,Unknown,5,31,Spain,180,75,89,75,71,84,87,75,76,84,80,87,5
84,3499,César Sánchez,Unknown,0,35,Spain,185,82,118,30,85,80,60,67,69,45,72,73,5
84,3508,D. Milito,Unknown,12,27,Argentina,181,78,118,83,50,80,84,85,84,84,80,80,5
84,3595,Deisler,Unknown,9,26,Germany,182,78,5,82,49,80,77,81,80,90,71,77,6
84,3656,Tudor,Unknown,3,28,Croatia,193,90,14,62,82,90,79,71,67,76,74,72,5
84,3934,Rogerio Ceni,Unknown,0,33,Brazil,188,85,121,50,83,84,65,73,72,71,80,73,6
84,4069,Weidenfeller,Unknown,0,25,Germany,188,85,66,30,84,83,63,67,70,51,67,70,5
84,4100,Insua,Unknown,9,26,Argentina,179,73,11,80,53,73,78,80,84,85,72,67,4
84,4224,Trochowski,Unknown,9,21,Germany,168,68,13,75,46,70,77,86,84,83,70,70,5
84,4230,Enke,Unknown,0,28,Germany,185,78,84,30,83,82,65,67,70,50,65,71,4
84,4282,Lincoln,Unknown,9,27,Brazil,177,71,52,78,49,75,81,81,84,89,69,75,6
84,4295,Heinen,Unknown,0,35,Germany,188,84,49,30,82,87,56,64,66,49,75,76,6
84,4345,Wiese,Unknown,0,24,Germany,193,91,27,35,83,83,60,66,63,50,78,78,6
84,4347,Naldo,Unknown,3,24,Brazil,195,89,74,62,79,88,85,75,75,72,75,78,5
84,4349,Wome,Unknown,4,27,Cameroon,180,80,27,74,58,78,84,86,81,77,72,72,4
84,4439,Neymar Jr.,Unknown,10,16,Brazil,175,66,141,75,28,66,73,83,86,90,66,62,7
84,4453,A. Guardado,Unknown,8,21,Mexico,167,63,141,72,53,68,83,82,90,80,63,65,7
84,4502,Puskas,Unknown,12,27,Hungary,172,75,141,98,38,80,85,75,77,89,85,80,6
84,4529,Luis Enrique,Unknown,8,36,Spain,180,73,141,83,72,78,87,86,84,82,96,89,7
84,4539,Preben Larsen,Unknown,12,28,Denmark,183,73,141,90,37,88,83,85,80,78,78,77,6
84,4546,Beguiristain,Unknown,10,26,Spain,170,70,141,83,50,71,75,85,82,84,83,85,6
84,4554,Veron,Unknown,9,31,Argentina,186,80,55,79,61,83,83,75,74,93,69,86,8
84,4556,Matthews,Unknown,10,35,England,177,74,141,88,40,72,74,75,92,95,90,57,6
84,4559,Luis Suárez,Unknown,5,30,Spain,172,70,141,80,65,78,83,80,83,92,78,90,8
84,4561,Ruben Sosa,Unknown,12,27,Uruguay,172,72,141,90,36,73,78,83,82,85,80,78,6
84,4592,Denilson,Unknown,10,29,Brazil,177,65,34,76,34,71,73,83,85,89,68,60,3
83,91,Balaban,Unknown,12,28,Croatia,187,78,4,80,44,81,83,82,82,83,70,83,5
83,97,Jankulovski,Unknown,8,29,Czech Republic,184,76,135,77,60,76,86,83,80,84,72,89,6
83,99,Poborský,Unknown,8,34,Czech Republic,174,73,61,82,45,72,82,83,84,83,78,83,7
83,112,Sionko,Unknown,10,29,Czech Republic,178,72,9,77,46,74,85,88,85,80,69,76,5
83,151,Carson,Unknown,0,21,England,191,81,48,30,83,86,61,68,68,55,65,65,4
83,155,Carrick,Unknown,5,25,England,182,74,37,74,69,78,80,81,77,80,68,72,7
83,158,Lennon,Unknown,8,19,England,173,63,53,74,45,72,78,88,88,83,68,70,5
83,161,Walcott,Unknown,10,17,England,170,68,40,74,46,78,74,89,92,80,65,68,5
83,162,Jääskeläinen,Unknown,0,31,Finland,191,80,56,30,81,81,65,71,74,56,72,70,3
83,192,Wiltord,Unknown,11,32,France,173,72,5,84,43,78,82,85,87,80,72,79,6
83,199,Silvestre,Unknown,3,29,France,183,83,33,72,80,85,85,85,82,75,66,70,4
83,217,Klose,Unknown,12,28,Germany,182,81,27,88,47,80,86,81,85,82,71,80,6
83,227,Asamoah,Unknown,11,28,Germany,180,85,52,79,56,84,86,88,84,76,69,67,5
83,237,Karagounis,Unknown,9,29,Greece,176,74,70,74,62,72,86,80,82,84,70,70,5
83,278,Dunne,Unknown,3,27,Ireland,188,92,74,58,82,88,78,67,69,66,78,78,4
83,303,Zambrotta,Unknown,4,29,Italy,181,76,61,79,74,82,95,85,78,83,83,90,6
83,308,Totti,Unknown,11,30,Italy,180,82,38,92,35,84,80,76,78,94,76,82,7
83,309,Toni,Unknown,12,29,Italy,193,88,8,91,41,92,82,76,73,86,72,76,6
83,320,Del Piero,Unknown,11,31,Italy,173,73,41,91,46,75,79,77,78,93,77,81,6
83,321,Iaquinta,Unknown,12,26,Italy,189,79,38,82,42,88,86,84,75,82,75,75,5
83,351,Van Bommel,Unknown,7,29,Netherlands,187,84,5,78,66,86,87,76,75,86,85,86,7
83,358,Stekelenburg,Unknown,0,24,Netherlands,194,92,14,30,83,85,64,67,69,55,67,70,4
83,365,van der Vaart,Unknown,9,23,Netherlands,175,70,13,85,53,77,80,75,76,90,77,80,6
83,403,E. Johnsen,Unknown,0,26,Norway,188,86,86,30,78,83,59,66,67,58,72,69,5
83,415,Boruc,Unknown,0,26,Poland,192,85,46,30,82,86,62,65,64,48,69,74,5
83,440,R. Carvalho,Unknown,3,28,Portugal,183,79,35,65,93,81,84,76,75,75,93,80,6
83,447,Figo,Unknown,8,33,Portugal,180,75,63,85,55,79,77,77,79,90,85,85,7
83,448,Pauleta,Unknown,12,33,Portugal,180,78,61,88,41,82,82,80,79,85,74,77,7
83,457,Simão,Unknown,10,26,Portugal,170,64,70,80,56,71,82,83,85,86,73,75,5
83,461,Lobont,Unknown,0,28,Romania,184,78,141,30,85,78,62,66,67,54,75,66,5
83,463,Chivu,Unknown,3,26,Romania,184,83,79,72,86,82,87,82,81,83,80,80,7
83,495,Ovchinnikov,Unknown,0,35,Russia,188,90,34,30,85,89,64,63,66,44,77,78,5
83,530,Jevric,Unknown,0,32,Serbia and Montenegro,187,86,141,30,83,86,56,65,67,55,68,76,5
83,553,Contofalsky,Unknown,0,28,Slovakia,191,90,141,30,78,88,63,66,67,44,71,74,4
83,611,Reina,Unknown,0,24,Spain,188,92,44,30,86,80,65,64,67,49,75,66,5
83,618,Iniesta,Unknown,7,22,Spain,170,65,33,78,62,68,86,81,82,86,71,79,7
83,641,Källström,Unknown,9,24,Sweden,187,84,6,77,59,77,78,83,80,84,68,72,5
83,645,Zuberbühler,Unknown,0,35,Switzerland,197,98,141,30,84,92,58,67,64,47,73,73,5
83,651,Barnetta,Unknown,9,21,Switzerland,176,62,25,77,45,72,78,84,87,81,70,74,5
83,655,Frei,Unknown,12,27,Switzerland,180,73,66,84,35,78,77,82,87,84,69,75,5
83,675,Tuncay,Unknown,12,24,Turkey,182,70,96,80,44,78,83,80,85,84,70,75,5
83,677,Halil Altintop,Unknown,12,23,Turkey,186,82,52,80,37,84,82,80,83,84,71,70,7
83,721,Simon Davies,Unknown,8,27,Wales,175,72,90,77,62,72,85,82,85,86,71,75,6
83,724,Bellamy,Unknown,12,27,Wales,175,69,44,81,43,73,87,88,93,74,62,73,5
83,763,Geremi,Unknown,8,27,Cameroon,180,78,35,72,62,81,86,86,84,80,73,76,5
83,786,Eboue,Unknown,4,23,Cote d'Ivoire,178,69,40,70,66,77,87,86,83,74,66,72,4
83,803,Bakari Kone,Unknown,8,25,Cote d'Ivoire,163,61,108,76,41,63,79,86,93,75,66,66,5
83,809,Pantsil,Unknown,4,25,Ghana,178,68,94,68,71,80,88,81,80,75,70,68,3
83,835,Utaka,Unknown,12,24,Nigeria,179,82,101,82,42,77,80,90,91,85,69,70,4
83,846,Oruma,Unknown,9,29,Nigeria,174,70,64,78,56,72,86,82,83,80,66,75,6
83,882,Senaya,Unknown,8,22,Togo,166,70,141,72,52,70,84,82,86,82,68,70,3
83,920,Dos Santos,Unknown,12,27,Tunisia,172,68,102,84,35,78,80,86,86,82,70,78,6
83,936,Drummond,Unknown,4,30,Costa Rica,172,66,89,69,67,82,88,83,81,72,63,62,4
83,955,Corona,Unknown,0,25,Mexico,181,82,141,45,80,78,63,70,73,54,67,65,5
83,978,Jack,Unknown,0,30,Trinidad and Tobago,190,101,141,30,76,88,56,69,66,45,67,65,3
83,999,Donovan,Unknown,11,24,United States,173,67,14,80,40,69,78,91,88,81,66,72,6
83,1013,Abbondanzieri,Unknown,0,34,Argentina,186,83,93,45,86,84,65,65,70,59,80,80,7
83,1019,Cambiasso,Unknown,5,26,Argentina,178,73,63,75,79,75,92,75,76,85,75,82,8
83,1020,Maxi Rodríguez,Unknown,8,25,Argentina,174,73,20,81,50,74,80,83,85,84,70,71,8
83,1021,Riquelme,Unknown,9,28,Argentina,182,79,84,83,52,82,77,74,73,93,73,80,8
83,1028,Cufre,Unknown,4,28,Argentina,176,76,74,63,74,80,87,80,83,72,73,72,5
83,1032,Palacio,Unknown,11,24,Argentina,175,66,70,80,40,73,83,84,83,80,65,60,2
83,1039,Cafu,Unknown,4,36,Brazil,176,75,41,76,62,77,96,85,80,80,75,89,6
83,1050,Cris,Unknown,3,29,Brazil,183,77,8,62,91,82,81,74,72,73,71,84,6
83,1158,Farfán,Unknown,10,22,Peru,180,82,8,76,44,83,83,82,84,83,60,62,4
83,1169,Solano,Unknown,8,31,Peru,173,71,88,78,59,69,91,82,82,86,70,78,7
83,1182,Zalayeta,Unknown,12,27,Uruguay,188,89,41,82,33,86,82,84,82,84,81,82,6
83,1331,Barnes,Unknown,10,23,England,180,76,141,86,40,84,78,78,76,95,76,72,6
83,1349,Petit,Unknown,5,28,France,185,79,141,78,77,75,90,82,80,83,76,80,7
83,1353,Ginola,Unknown,8,39,France,177,69,141,82,23,68,70,78,77,94,67,62,6
83,1361,Beckenbauer,Unknown,2,29,Germany,181,75,141,85,88,78,83,83,82,96,98,98,8
83,1368,Gerd Muller,Unknown,12,28,Germany,176,77,141,97,30,83,86,77,84,70,82,83,5
83,1387,Tardelli,Unknown,7,27,Italy,178,70,141,80,80,79,98,78,79,78,83,85,7
83,1398,Mancini,Unknown,11,25,Italy,179,78,141,88,52,70,75,78,75,93,86,82,7
83,1400,Zola,Unknown,11,29,Italy,168,67,141,91,46,70,80,77,83,96,83,83,8
83,1414,Rensenbrink,Unknown,12,27,Netherlands,178,76,141,86,57,74,85,90,86,85,76,82,6
83,1435,Enrique,Unknown,9,24,Argentina,172,71,141,78,55,70,92,83,85,79,77,82,6
83,1437,Valdano,Unknown,12,30,Argentina,188,84,141,87,53,86,86,80,77,83,83,93,7
83,1443,Redondo,Unknown,5,29,Argentina,186,75,141,75,80,83,87,75,73,90,83,90,7
83,1444,Almeyda,Unknown,5,26,Argentina,174,72,141,64,80,82,98,80,79,78,83,80,6
83,1447,Luque,Unknown,12,29,Argentina,177,75,141,90,33,80,81,82,80,85,73,77,5
83,1469,Rai,Unknown,9,28,Brazil,188,89,141,82,43,90,81,75,74,95,67,70,6
83,1472,Careca,Unknown,12,25,Brazil,182,76,141,93,38,80,83,85,86,84,78,78,6
83,1496,Ángel,Unknown,12,31,Colombia,184,78,19,86,35,81,82,81,85,85,66,74,7
83,1553,D. Bent,Unknown,12,22,England,180,73,48,80,34,79,81,94,87,76,66,65,4
83,1569,Essien,Unknown,7,23,Ghana,180,77,35,75,69,83,94,82,84,80,75,88,5
83,1571,Cudicini,Unknown,0,33,Italy,186,76,35,30,87,83,62,63,65,52,70,75,5
83,1575,Ballack,Unknown,9,30,Germany,189,84,35,86,56,90,84,76,75,87,83,85,7
83,1577,Howard,Unknown,0,27,United States,191,95,90,30,84,88,60,64,60,48,70,63,4
83,1582,Beattie,Unknown,12,28,England,185,73,90,85,44,86,79,80,85,79,70,78,6
83,1592,Andrew Johnson,Unknown,12,25,England,170,71,90,84,39,77,83,90,86,78,73,73,6
83,1630,Zenden,Unknown,8,30,Netherlands,172,70,44,77,71,70,76,86,86,80,73,92,6
83,1669,A. Smith,Unknown,12,25,England,178,70,33,80,57,83,86,80,82,84,83,81,6
83,1679,Yakubu,Unknown,12,23,Nigeria,183,83,3,84,32,85,82,87,85,81,69,67,5
83,1714,N'Zogbia,Unknown,8,20,France,170,65,60,68,58,66,78,83,85,84,65,63,3
83,1718,Kiely,Unknown,0,36,Ireland,185,85,26,30,82,84,63,66,68,45,75,70,4
83,1733,D. Thompson,Unknown,8,29,England,170,64,26,77,55,75,82,82,84,81,66,68,4
83,1835,Green,Unknown,0,26,England,191,93,94,30,85,83,61,66,65,61,70,71,5
83,1841,Bowyer,Unknown,7,29,England,175,62,46,73,66,74,90,83,86,78,76,82,5
83,1852,Walker,Unknown,0,33,England,180,82,21,30,82,78,65,63,68,43,84,77,4
83,1855,Kirkland,Unknown,0,25,England,190,73,1,30,85,82,63,69,70,64,75,62,4
83,1860,Henri Camara,Unknown,12,29,Senegal,176,67,1,80,45,73,82,95,94,82,68,63,4
83,1861,Heskey,Unknown,12,28,England,188,88,1,83,56,88,84,85,83,81,72,80,7
83,1872,Cool,Unknown,0,34,France,183,80,10,30,83,81,65,65,70,62,70,71,5
83,1939,Itandje,Unknown,0,23,France,193,88,109,30,79,85,62,75,70,55,69,65,4
83,2048,Roma,Unknown,0,32,Italy,192,87,31,30,88,86,60,65,71,55,72,72,6
83,2053,Di Vaio,Unknown,12,30,Italy,178,76,31,85,36,74,85,83,89,83,79,73,6
83,2131,Yépes,Unknown,3,30,Colombia,186,83,61,59,90,82,83,78,74,78,80,80,6
83,2143,M'Bami,Unknown,7,24,Cameroon,172,67,64,70,65,79,85,81,82,85,67,71,5
83,2174,Janot,Unknown,0,29,France,176,75,43,35,80,84,60,68,72,44,66,73,4
83,2221,Richert,Unknown,0,32,France,182,80,134,30,85,81,64,63,66,51,70,72,5
83,2319,Adani,Unknown,3,32,Italy,183,73,65,62,82,81,82,73,67,73,72,78,6
83,2357,Vieri,Unknown,12,33,Italy,185,82,74,88,35,90,74,80,78,82,67,71,5
83,2365,Mauro Esposito,Unknown,10,27,Italy,172,70,126,80,47,69,80,85,86,80,72,76,6
83,2377,Langella,Unknown,12,29,Italy,184,81,126,78,40,80,83,87,83,77,73,77,5
83,2399,Sicignano,Unknown,0,32,Italy,188,82,87,35,82,81,60,68,76,52,80,77,4
83,2409,Pellissier,Unknown,11,26,Italy,176,75,87,80,40,68,86,88,87,76,79,70,5
83,2467,Iván Córdoba,Unknown,3,30,Colombia,173,70,63,62,84,78,86,90,96,75,78,80,5
83,2480,César,Unknown,8,32,Brazil,181,71,81,80,50,72,78,85,83,86,69,72,6
83,2487,Rocchi,Unknown,12,29,Italy,177,71,80,84,48,77,86,83,85,81,81,84,7
83,2494,Manfredini,Unknown,8,31,Cote d'Ivoire,180,73,80,75,53,74,82,84,86,83,66,71,5
83,2504,Cesar Prates,Unknown,6,31,Brazil,174,71,81,76,60,74,88,85,80,77,66,65,5
83,2576,Brienza,Unknown,11,27,Italy,171,70,82,76,46,77,85,81,85,80,72,68,4
83,2578,Bucci,Unknown,0,37,Italy,180,77,99,30,85,77,56,65,66,50,75,70,5
83,2601,Pelizzoli,Unknown,0,25,Italy,197,83,120,30,82,89,63,68,70,49,68,70,4
83,2631,David Pizarro,Unknown,7,27,Chile,168,66,79,78,58,74,82,77,77,88,73,83,7
83,2674,Chiesa,Unknown,11,35,Italy,176,70,95,86,39,74,83,82,83,84,83,77,7
83,2691,Lazetic,Unknown,8,28,Serbia and Montenegro,178,72,83,75,66,73,86,84,86,84,72,72,6
83,2695,Taibi,Unknown,0,36,Italy,190,82,83,45,84,85,62,67,69,54,82,78,5
83,3019,Bouaouzan,Unknown,10,22,Netherlands,175,72,112,73,41,68,78,84,91,82,63,60,4
83,3045,Terol,Unknown,0,26,Netherlands,193,93,112,30,82,88,63,66,68,45,73,65,4
83,3047,Schut,Unknown,3,25,Netherlands,192,94,17,62,76,89,82,77,73,75,66,72,4
83,3072,Hersi,Unknown,8,24,Netherlands,173,64,16,70,53,67,85,82,87,83,62,70,5
83,3092,Peersman,Unknown,0,27,Belgium,189,76,73,30,82,82,65,68,70,50,70,70,4
83,3157,Rafael Sobis,Unknown,11,21,Brazil,172,73,67,76,40,74,83,82,84,80,66,66,6
83,3158,Robert,Unknown,12,25,Brazil,184,79,67,78,40,81,82,82,81,82,70,75,5
83,3159,Contreras,Unknown,0,34,Spain,180,78,67,30,84,80,60,67,72,50,69,74,5
83,3178,Gustavo Lopez,Unknown,8,33,Argentina,174,73,92,80,44,72,75,80,84,88,66,72,5
83,3182,Esteban,Unknown,0,31,Spain,179,75,92,30,83,85,63,62,66,58,72,68,5
83,3198,Sergio Gonzalez,Unknown,5,29,Spain,182,77,119,76,74,77,87,80,79,81,78,81,7
83,3227,Luis García,Unknown,11,25,Spain,180,68,105,83,44,74,82,84,85,84,74,75,6
83,3336,Galletti,Unknown,10,26,Argentina,175,75,20,81,49,75,81,84,86,80,73,73,6
83,3337,Agüero,Unknown,12,18,Argentina,172,74,20,76,30,75,80,86,93,80,55,65,4
83,3457,Jesúli,Unknown,8,28,Spain,178,68,47,78,56,70,81,82,85,85,67,69,5
83,3473,Regueiro,Unknown,8,28,Uruguay,182,72,39,78,57,71,82,83,84,83,70,69,5
83,3596,Schweinsteiger,Unknown,9,22,Germany,181,77,100,78,52,80,82,78,80,86,71,75,6
83,3641,Victor,Unknown,8,30,Spain,183,77,32,81,60,73,80,82,86,83,70,79,6
83,3655,Legrottaglie,Unknown,3,30,Italy,185,73,41,60,82,86,81,72,70,76,68,73,5
83,3690,Rui Costa,Unknown,9,34,Portugal,180,74,103,82,59,77,83,74,77,91,68,86,8
83,3705,Vítor Baía,Unknown,0,37,Portugal,184,78,33,30,88,79,60,63,72,54,78,80,6
83,3706,Bosingwa,Unknown,4,24,Portugal,183,75,91,70,60,78,81,86,83,78,65,68,5
83,3722,Lisandro Lopez,Unknown,12,23,Argentina,175,72,91,80,40,83,86,83,85,77,70,66,4
83,3807,Runje,Unknown,0,30,Croatia,185,85,104,30,83,86,65,73,73,63,71,59,5
83,3836,Edu Dracena,Unknown,3,25,Brazil,187,80,96,53,81,84,80,71,70,70,62,76,4
83,3875,Kleber,Unknown,11,23,Brazil,173,72,85,77,28,73,86,80,86,78,64,66,4
83,3881,Chernat,Unknown,9,26,Romania,168,63,85,76,44,65,80,82,85,83,69,67,5
83,3913,Gallardo,Unknown,9,30,Argentina,165,68,36,85,44,73,79,78,81,87,68,80,6
83,3926,Ortega,Unknown,9,32,Argentina,170,67,62,80,35,70,71,75,82,85,65,60,5
83,3927,Molina,Unknown,0,36,Spain,185,89,75,30,85,82,62,67,71,57,75,84,4
83,4149,Tremmel,Unknown,0,27,Germany,190,86,140,30,81,84,60,55,60,51,72,70,5
83,4218,Wächter,Unknown,0,28,Germany,189,86,13,30,81,80,65,65,66,44,68,68,4
83,4302,Babbel,Unknown,3,34,Germany,191,87,49,63,84,85,80,74,73,73,80,80,5
83,4306,Hilbert,Unknown,8,21,Germany,182,72,49,74,54,78,78,84,91,80,70,70,5
83,4353,Diego,Unknown,9,20,Brazil,173,73,8,78,51,73,82,76,83,87,63,75,4
83,4370,Hofland,Unknown,3,27,Netherlands,185,86,7,58,82,90,80,75,72,74,72,62,5
83,4510,Bremner,Unknown,7,32,Scotland,166,63,141,75,77,71,87,72,71,88,92,85,7
83,4511,Hässler,Unknown,9,26,Germany,166,65,141,84,45,81,90,75,81,86,72,74,5
83,4518,Campos,Unknown,0,28,Mexico,175,70,141,65,87,72,60,80,80,78,72,72,4
83,4519,Mark Hughes,Unknown,12,27,Wales,179,83,141,88,46,82,81,81,78,88,77,78,6
83,4521,Vonlanthen,Unknown,11,20,Switzerland,175,72,84,75,40,72,76,87,91,79,63,62,4
83,4531,Shearer,Unknown,12,36,England,183,79,141,92,42,90,74,74,78,77,95,88,8
83,4544,Djalminha,Unknown,9,29,Brazil,176,75,141,82,35,74,76,78,75,93,62,60,3
83,4557,Marc Vivien Foe,Unknown,5,28,Cameroon,190,84,141,74,74,88,84,76,76,82,70,75,6
83,4743,Gambino,Unknown,8,18,Italy,172,61,141,85,47,64,77,90,87,65,81,73,5
83,32939,Owusu Abeyie,Unknown,8,20,Netherlands,180,69,2,71,38,80,76,83,82,85,63,63,4
83,32946,Bystrov,Unknown,8,22,Russia,173,65,2,74,44,71,81,84,83,84,68,67,4
82,1,Macho,Unknown,0,29,Austria,193,83,141,30,83,83,63,67,62,52,82,70,5
82,13,Payer,Unknown,0,27,Austria,184,84,141,30,78,83,56,65,67,47,73,66,4
82,44,Mbo Mpenza,Unknown,12,29,Belgium,176,72,6,78,40,72,83,88,85,83,70,70,4
82,70,Pletikosa,Unknown,0,27,Croatia,193,83,21,30,84,82,56,67,70,52,73,70,5
82,72,R. Kovac,Unknown,3,32,Croatia,182,78,141,61,90,83,81,77,71,73,80,87,6
82,95,Ujfalusi,Unknown,3,28,Czech Republic,185,76,37,59,80,81,86,75,72,69,74,79,4
82,104,Blazek,Unknown,0,33,Czech Republic,188,88,141,30,85,86,62,66,68,46,70,75,5
82,105,Kinsky,Unknown,0,31,Czech Republic,187,83,141,40,78,81,61,66,68,52,70,69,5
82,122,Poulsen,Unknown,5,26,Denmark,182,79,47,70,75,83,83,78,75,81,75,76,7
82,125,C. Jensen,Unknown,9,29,Denmark,179,90,45,77,60,77,84,78,75,85,75,84,6
82,130,Bogelund,Unknown,4,26,Denmark,179,77,11,65,69,79,88,82,76,73,69,76,5
82,172,Forssell,Unknown,12,25,Finland,178,68,58,83,40,79,82,85,86,80,74,78,5
82,187,Gallas,Unknown,3,29,France,181,72,40,65,85,83,90,85,83,71,68,75,4
82,198,Boumsong,Unknown,3,26,France,190,84,91,53,83,85,84,78,79,75,70,74,4
82,204,Malouda,Unknown,8,26,France,184,73,112,79,50,81,86,84,77,84,75,77,6
82,209,Metzelder,Unknown,3,25,Germany,193,84,55,67,84,90,85,80,77,74,80,77,6
82,213,Frings,Unknown,7,29,Germany,182,80,14,76,69,81,88,82,79,78,78,87,7
82,218,Podolski,Unknown,11,21,Germany,180,81,5,80,49,76,80,82,85,79,69,66,7
82,229,Neuville,Unknown,12,32,Germany,171,64,11,87,41,70,86,83,87,81,72,78,7
82,239,Charisteas,Unknown,12,26,Greece,191,82,15,79,51,83,86,81,77,82,70,78,5
82,243,Dellas,Unknown,2,30,Greece,196,88,14,60,84,93,78,68,66,67,67,82,5
82,265,Rabóczki,Unknown,0,28,Hungary,190,91,141,30,81,86,62,64,65,47,73,74,5
82,349,Heitinga,Unknown,3,22,Netherlands,180,75,41,68,79,80,84,80,79,81,78,78,6
82,357,Timmer,Unknown,0,34,Netherlands,185,89,15,30,83,85,60,60,63,55,72,74,5
82,366,Kuyt,Unknown,12,26,Netherlands,183,85,44,86,45,83,95,78,75,85,74,85,7
82,392,Myhre,Unknown,0,33,Norway,188,83,48,30,81,85,58,66,69,50,72,66,5
82,445,Maniche,Unknown,7,28,Portugal,173,69,41,78,65,76,92,80,83,80,72,84,8
82,475,Radoi,Unknown,3,25,Romania,177,77,62,65,80,80,84,75,76,75,74,72,6
82,503,Titov,Unknown,9,30,Russia,186,79,2,78,60,71,84,80,75,87,78,77,7
82,517,Miller,Unknown,12,26,Scotland,175,68,46,76,39,75,80,82,87,80,72,65,5
82,518,Marshall,Unknown,0,21,Scotland,191,83,46,30,75,82,60,69,72,58,72,66,4
82,526,Maloney,Unknown,8,23,Scotland,170,70,46,76,40,65,85,82,85,79,69,65,5
82,531,Gavrancic,Unknown,3,28,Serbia and Montenegro,191,84,85,62,83,89,82,74,69,69,72,75,6
82,542,Stojkovic,Unknown,0,23,Serbia and Montenegro,195,92,60,30,80,82,62,66,69,53,70,66,5
82,549,Vukic,Unknown,9,27,Serbia and Montenegro,182,72,21,79,45,80,84,84,79,82,68,72,6
82,602,Sergio Ramos,Unknown,4,20,Spain,183,73,61,70,76,85,84,78,71,75,68,75,5
82,605,Fabregas,Unknown,7,19,Spain,180,70,100,75,58,69,82,78,76,87,72,75,6
82,607,Raúl,Unknown,12,29,Spain,180,68,54,89,50,72,87,76,80,93,88,88,7
82,612,C. Marchena,Unknown,3,27,Spain,183,78,5,60,84,85,81,76,73,76,76,85,6
82,623,Mellberg,Unknown,4,29,Sweden,194,82,19,62,86,86,85,82,73,78,80,85,6
82,630,A. Svensson,Unknown,7,30,Sweden,177,82,55,74,60,82,84,78,75,87,70,71,6
82,647,Senderos,Unknown,3,21,Switzerland,190,84,97,60,82,86,82,80,70,69,74,74,4
82,678,Necati Ates,Unknown,12,26,Turkey,182,80,30,82,36,82,86,81,80,79,67,72,5
82,684,Okan Buruk,Unknown,9,33,Turkey,169,70,141,78,55,65,87,82,85,82,75,70,5
82,691,Shovkovskyi,Unknown,0,31,Ukraine,191,86,85,35,85,85,60,67,68,44,65,70,5
82,710,Rebrov,Unknown,11,32,Ukraine,165,60,85,81,43,70,79,86,85,85,68,65,4
82,743,Ze Kalanga,Unknown,8,23,Angola,170,67,89,68,55,73,80,82,87,75,65,70,5
82,756,Edson,Unknown,10,26,Angola,177,64,141,70,57,70,85,81,83,80,63,62,3
82,760,Kameni,Unknown,0,22,Cameroon,188,83,105,30,79,79,65,75,80,58,65,65,4
82,764,Atouba,Unknown,4,24,Cameroon,190,80,13,72,65,87,84,84,73,85,68,69,2
82,773,Perrier Doumbe,Unknown,4,28,Cameroon,179,77,141,63,74,82,82,84,82,74,68,68,4
82,774,Angbwa,Unknown,4,24,Cameroon,189,76,84,65,67,81,80,83,82,75,65,65,5
82,804,Kone,Unknown,12,22,Cote d'Ivoire,182,85,72,81,32,82,86,82,83,80,73,67,5
82,817,Adjel,Unknown,0,26,Ghana,186,80,141,30,83,84,62,66,64,55,76,72,3
82,833,Taiwo,Unknown,4,21,Nigeria,183,77,64,70,57,74,83,81,83,71,60,60,4
82,836,Obodo,Unknown,5,22,Nigeria,180,76,82,67,69,79,91,82,81,80,73,71,4
82,850,Makinwa,Unknown,12,23,Nigeria,186,78,80,78,40,85,82,88,85,77,73,76,5
82,873,McCarthy,Unknown,12,28,South Africa,182,76,78,84,45,78,79,86,84,84,60,68,5
82,875,Agassa,Unknown,0,28,Togo,190,85,141,30,75,85,63,69,71,43,72,62,4
82,927,Martinez,Unknown,3,27,Costa Rica,174,76,79,60,84,75,85,80,88,76,78,84,5
82,931,Rónald Gómez,Unknown,12,31,Costa Rica,183,80,141,75,40,83,76,80,83,85,69,68,3
82,937,Wallace,Unknown,4,31,Costa Rica,175,72,141,73,60,78,86,81,81,78,69,72,5
82,939,Bolanos,Unknown,8,22,Costa Rica,178,67,141,73,45,75,85,84,83,79,65,63,3
82,944,O. Sánchez,Unknown,0,33,Mexico,184,79,141,30,85,82,57,66,68,44,74,78,6
82,956,Ochoa,Unknown,0,21,Mexico,185,73,94,38,78,79,63,74,73,56,69,73,5
82,961,Ramón Morales,Unknown,8,31,Mexico,168,62,41,75,60,68,84,81,84,79,73,70,5
82,965,Arellano,Unknown,10,33,Mexico,175,69,63,78,42,73,80,85,84,80,71,73,4
82,1002,Hahnemann,Unknown,0,34,United States,191,99,72,30,77,88,58,64,63,49,72,70,5
82,1024,Leo Franco,Unknown,0,29,Argentina,188,79,20,30,85,80,65,72,73,45,72,74,5
82,1029,Lucho González,Unknown,8,25,Argentina,185,75,8,75,63,81,84,84,78,81,72,89,6
82,1041,Emerson,Unknown,7,30,Brazil,184,82,54,75,81,89,89,76,77,85,84,92,7
82,1049,Luisão,Unknown,3,25,Brazil,192,81,70,65,75,90,80,81,72,73,67,68,4
82,1056,Juninho,Unknown,9,31,Brazil,178,71,27,85,63,75,86,77,74,89,78,86,7
82,1066,Mark González,Unknown,8,22,Chile,174,70,44,75,42,67,75,86,84,81,62,64,5
82,1067,Valdivia,Unknown,9,23,Chile,172,70,8,76,46,77,79,82,85,84,68,68,4
82,1072,Vargas,Unknown,2,30,Chile,181,80,141,58,85,81,85,76,73,76,75,75,5
82,1083,Perea,Unknown,3,27,Colombia,180,76,20,60,77,81,86,98,84,67,71,67,4
82,1115,Carlos Tenorio,Unknown,12,27,Ecuador,185,84,141,79,30,82,78,88,83,75,67,67,4
82,1139,Bobadilla,Unknown,0,30,Paraguay,176,87,141,35,82,76,60,65,68,48,72,72,5
82,1185,Viera,Unknown,0,23,Uruguay,185,82,100,30,82,83,62,66,69,45,71,70,5
82,1194,V. Sánchez,Unknown,10,26,Uruguay,170,63,141,76,53,68,82,83,84,81,79,65,5
82,1204,Mahdavikia,Unknown,4,29,Iran,172,72,13,80,59,78,88,84,80,78,73,76,6
82,1205,Karimi,Unknown,9,27,Iran,185,86,5,77,46,75,81,83,85,83,65,74,6
82,1217,Kazemian,Unknown,10,25,Iran,173,78,74,76,33,55,83,86,89,84,66,67,6
82,1266,Lee Woon Jae,Unknown,0,33,South Korea,182,88,141,30,82,78,63,64,68,52,86,78,6
82,1286,Chung Kyung Ho,Unknown,10,26,South Korea,179,71,141,80,48,80,80,84,85,78,73,73,4
82,1297,Bresciano,Unknown,8,25,Australia,182,73,82,77,62,79,85,82,81,82,72,84,5
82,1298,Kewell,Unknown,10,28,Australia,181,79,24,81,40,74,78,85,83,84,66,67,5
82,1299,Viduka,Unknown,12,31,Australia,188,92,3,87,40,93,75,75,79,85,72,75,6
82,1300,Kalac,Unknown,0,33,Australia,202,95,68,30,84,93,59,64,60,50,72,75,4
82,1306,Lazaridis,Unknown,8,34,Australia,175,75,141,75,66,73,79,85,82,79,66,69,5
82,1328,Hoddle,Unknown,9,28,England,183,73,141,83,45,80,80,74,73,90,75,82,8
82,1329,Gascoigne,Unknown,9,28,England,178,75,141,90,48,84,75,75,73,96,83,63,3
82,1337,Tresor,Unknown,2,32,France,182,80,141,65,94,84,80,76,77,76,87,85,6
82,1346,Bats,Unknown,0,29,France,181,79,141,30,82,80,63,67,70,45,70,70,5
82,1348,Leboeuf,Unknown,3,28,France,183,72,141,58,85,83,82,71,69,69,77,85,6
82,1359,Vogts,Unknown,4,27,Germany,168,67,141,60,92,79,86,80,82,74,92,76,5
82,1366,Grabowski,Unknown,10,23,Germany,175,67,141,79,53,75,84,83,82,78,72,80,5
82,1378,Bierhoff,Unknown,12,29,Germany,191,90,141,90,37,89,80,76,75,77,82,70,6
82,1388,Cabrini,Unknown,6,24,Italy,178,72,141,83,60,78,85,83,77,81,73,85,7
82,1402,Schillaci,Unknown,12,25,Italy,175,70,141,86,33,73,85,76,79,75,85,66,6
82,1416,Ronald Koeman,Unknown,2,25,Netherlands,182,81,141,83,70,87,82,72,69,80,82,85,6
82,1417,Van Tiggelen,Unknown,4,31,Netherlands,183,70,141,72,70,74,84,84,82,76,83,85,5
82,1429,Jose Brown,Unknown,2,29,Argentina,183,81,141,62,84,81,81,74,73,71,70,76,5
82,1454,Everaldo,Unknown,4,21,Brazil,171,68,141,80,68,71,90,87,85,80,72,80,7
82,1455,Clodoaldo,Unknown,5,26,Brazil,172,69,141,75,83,78,88,77,76,85,75,90,7
82,1462,Luis Pereira,Unknown,3,21,Brazil,181,81,141,72,88,83,82,80,77,78,76,75,6
82,1464,Dunga,Unknown,5,27,Brazil,178,74,141,68,82,85,88,70,68,80,98,90,8
82,1470,Leonardo,Unknown,9,25,Brazil,177,70,141,78,52,72,77,76,74,88,76,75,7
82,1475,Adebayor,Unknown,12,22,Togo,190,76,5,82,40,86,82,82,80,84,66,77,5
82,1498,M. Laursen,Unknown,3,29,Denmark,188,79,19,56,84,85,78,78,74,62,68,66,4
82,1504,Berger,Unknown,8,32,Czech Republic,185,79,94,80,44,80,73,84,82,82,67,59,6
82,1509,Roberts,Unknown,12,28,Grenada,185,89,78,80,35,91,80,87,79,75,70,75,5
82,1510,Enckelman,Unknown,0,29,Finland,188,79,78,35,81,81,60,65,67,59,68,69,4
82,1511,Nelsen,Unknown,3,29,New Zealand,182,79,78,54,81,84,79,73,69,72,71,70,6
82,1520,Nonda,Unknown,12,29,DR Congo,181,85,78,84,35,83,80,84,82,77,68,67,5
82,1530,Gardner,Unknown,4,28,Jamaica,175,70,56,74,55,77,85,86,84,81,70,69,5
82,1538,Al Habsi,Unknown,0,24,Oman,194,79,56,30,80,82,62,65,66,44,68,64,5
82,1550,Ambrose,Unknown,9,22,England,183,72,48,74,55,77,82,83,82,83,70,73,5
82,1560,M. Bent,Unknown,12,28,England,188,78,48,81,38,86,78,83,83,80,69,71,7
82,1580,Arteta,Unknown,7,24,Spain,176,70,94,78,63,70,75,78,79,86,78,82,7
82,1608,Crossley,Unknown,0,37,Wales,193,105,45,30,76,88,56,62,63,48,73,70,5
82,1623,Sissoko,Unknown,5,21,Mali,188,80,44,73,68,84,87,82,77,80,68,65,4
82,1631,Pennant,Unknown,8,23,England,173,64,44,75,55,66,77,84,83,84,68,65,5
82,1636,Distin,Unknown,3,28,France,193,88,74,60,78,92,82,78,72,67,74,72,5
82,1642,Sinclair,Unknown,8,33,England,178,81,109,77,54,72,83,85,83,76,72,67,5
82,1650,Hamann,Unknown,5,33,Germany,192,85,74,72,78,82,84,75,72,81,80,87,6
82,1665,Vidic,Unknown,3,25,Serbia and Montenegro,191,88,63,48,82,88,79,74,77,69,76,77,6
82,1670,Solskjær,Unknown,12,33,Norway,175,74,34,83,50,80,80,80,82,84,79,78,7
82,1690,Maccarone,Unknown,12,27,Italy,180,74,3,79,46,75,84,82,83,83,67,70,5
82,1704,Parker,Unknown,7,26,England,175,70,55,70,71,81,84,81,79,82,79,78,5
82,1706,Harper,Unknown,0,31,England,188,83,55,30,82,82,59,69,70,44,67,70,5
82,1770,Bromby,Unknown,3,26,England,180,73,77,58,77,88,78,67,69,66,78,78,4
82,1788,King,Unknown,3,26,England,188,86,53,52,85,87,85,76,74,72,69,70,6
82,1840,Benayoun,Unknown,9,26,Israel,178,70,5,79,42,65,75,83,84,85,71,72,7
82,1843,Carroll,Unknown,0,29,Northern Ireland,188,80,136,30,84,83,62,63,64,45,70,65,4
82,1857,De Zeeuw,Unknown,3,36,Netherlands,185,88,1,66,83,87,78,71,70,75,81,72,5
82,1892,Ramé,Unknown,0,34,France,187,85,111,35,83,86,65,66,73,48,76,72,6
82,1899,Smicer,Unknown,8,33,Czech Republic,180,71,111,80,38,74,80,82,81,86,72,70,6
82,1902,Darcheville,Unknown,12,31,France,174,83,111,80,31,85,80,86,81,77,65,65,5
82,1914,S. Dalmat,Unknown,9,27,France,180,80,111,77,60,81,75,85,83,86,66,66,7
82,1923,Grafiti,Unknown,12,27,Brazil,189,79,107,77,50,84,84,83,83,80,65,65,4
82,2017,Squillaci,Unknown,3,26,France,183,79,85,55,85,84,79,73,70,60,69,75,5
82,2032,Bamogo,Unknown,11,24,France,176,72,64,80,35,76,76,84,82,81,72,70,6
82,2034,Niang,Unknown,12,27,Senegal,178,80,64,80,35,88,80,85,76,75,75,70,5
82,2041,Luyindula,Unknown,11,27,France,178,72,75,82,45,82,85,81,83,82,76,76,5
82,2060,Meriem,Unknown,9,27,France,174,70,31,79,55,67,83,79,75,91,71,71,4
82,2096,Boukhari,Unknown,9,26,Morocco,184,78,60,76,55,82,82,82,75,86,70,75,5
82,2195,Sakho,Unknown,12,29,Senegal,178,71,43,78,48,80,82,86,84,78,73,67,4
82,2240,Mézague,Unknown,9,22,Cameroon,183,76,134,78,45,69,78,83,84,83,63,68,5
82,2255,Ebondo,Unknown,4,22,France,183,70,102,68,60,81,80,89,81,72,62,65,4
82,2256,Mathieu,Unknown,4,22,France,190,82,102,75,60,80,90,82,76,80,68,68,6
82,2272,Le Crom,Unknown,0,32,France,186,77,106,30,83,83,56,65,65,53,80,65,5
82,2406,Semioli,Unknown,8,26,Italy,177,71,87,75,55,75,85,82,83,81,70,74,4
82,2465,Lupatelli,Unknown,0,28,Italy,189,87,37,30,83,77,63,73,80,56,73,71,5
82,2477,Solari,Unknown,8,30,Argentina,180,75,5,80,54,76,82,76,82,85,68,80,6
82,2482,Cribari,Unknown,3,26,Brazil,185,72,80,55,80,83,80,77,76,77,68,75,5
82,2498,Pandev,Unknown,12,23,Macedonia,184,75,80,78,40,80,78,82,84,84,74,72,5
82,2528,Iliev,Unknown,12,26,Serbia and Montenegro,182,78,24,76,48,77,84,85,85,83,74,74,5
82,2552,R. Oliveira,Unknown,12,26,Brazil,183,80,138,84,37,79,79,84,87,81,72,68,5
82,2556,Foggia,Unknown,8,23,Italy,162,71,120,73,45,73,75,80,85,82,73,68,5
82,2559,Bovo,Unknown,3,23,Italy,181,75,82,58,77,81,80,75,75,74,70,76,5
82,2565,Caracciolo,Unknown,12,25,Italy,194,75,82,82,38,81,84,81,76,84,77,78,5
82,2622,Doni,Unknown,0,27,Brazil,194,83,79,30,81,86,60,68,60,45,64,68,4
82,2623,Mexés,Unknown,2,24,France,187,82,79,63,84,83,82,73,71,77,72,80,5
82,2625,Taddei,Unknown,9,26,Brazil,177,69,79,77,55,74,86,81,78,84,77,84,6
82,2628,Curci,Unknown,0,21,Italy,191,90,79,30,80,87,62,66,70,59,67,65,4
82,2633,Aquilani,Unknown,7,22,Italy,186,77,79,71,57,70,82,83,81,84,70,75,5
82,2640,Zotti,Unknown,0,24,Italy,190,86,125,30,81,85,60,65,68,53,70,70,3
82,2650,Flachi,Unknown,12,31,Italy,172,71,125,85,35,75,83,78,84,86,89,85,6
82,2653,Terlizzi,Unknown,3,26,Italy,187,78,125,62,82,86,83,73,69,66,72,76,5
82,2675,Pavarini,Unknown,0,32,Italy,188,79,95,30,80,82,60,66,69,45,73,75,5
82,2680,Locatelli,Unknown,9,30,Italy,175,72,95,78,42,73,76,77,80,88,71,69,4
82,2688,Comotto,Unknown,4,28,Italy,181,77,83,67,69,75,83,87,86,70,70,70,5
82,2709,Cioffi,Unknown,3,26,Italy,196,88,83,62,82,86,87,73,69,66,72,76,5
82,2732,Postma,Unknown,0,30,Netherlands,201,83,59,30,77,91,58,65,58,40,74,67,5
82,2775,Arveladze,Unknown,10,33,Georgia,181,73,29,84,37,78,78,88,88,80,68,75,5
82,2819,Castelen,Unknown,10,23,Netherlands,168,67,15,76,40,72,82,86,82,79,70,60,4
82,2826,De Ceulaer,Unknown,10,22,Belgium,174,72,15,72,43,69,82,82,85,79,66,73,4
82,2907,Diba,Unknown,10,23,Netherlands,172,61,136,76,40,64,78,80,85,83,62,67,3
82,2922,Babos,Unknown,0,32,Hungary,196,92,124,30,85,85,62,66,70,48,72,71,5
82,2931,Denneboom,Unknown,12,25,Netherlands,189,83,124,76,35,87,75,88,78,80,66,74,4
82,2946,Kluivert,Unknown,12,30,Netherlands,189,81,94,82,46,90,74,80,74,91,63,75,5
82,2947,Moens,Unknown,0,33,Netherlands,193,95,86,30,83,86,62,63,66,52,74,76,4
82,3032,N'kufo,Unknown,12,31,Switzerland,186,86,127,82,25,88,76,82,75,84,67,68,6
82,3114,Aranzubia,Unknown,0,27,Spain,186,82,138,30,82,82,65,66,65,53,76,74,6
82,3155,Marcos Assunção,Unknown,5,30,Brazil,178,75,41,72,75,78,85,71,70,86,77,81,7
82,3172,Pinto,Unknown,0,30,Spain,186,84,92,30,81,90,63,63,66,47,73,63,4
82,3185,Placente,Unknown,4,29,Argentina,177,72,84,73,74,75,90,81,80,78,73,80,5
82,3202,Bodipo,Unknown,12,29,Equatorial Guinea,181,76,119,81,34,81,78,84,80,80,70,72,5
82,3206,Lopo,Unknown,3,26,Spain,187,80,119,56,71,83,83,73,74,70,69,68,5
82,3210,Valeron,Unknown,9,31,Spain,180,72,63,80,64,84,76,72,74,92,68,92,8
82,3226,De La Peña,Unknown,7,30,Spain,173,73,105,77,36,64,70,72,70,94,66,82,5
82,3228,Tamudo,Unknown,12,29,Spain,180,71,105,87,43,74,82,86,82,82,72,76,6
82,3309,Ettien,Unknown,8,27,Cote d'Ivoire,184,80,75,70,40,84,84,90,86,75,66,59,5
82,3347,Iván Helguera,Unknown,5,31,Spain,185,73,54,72,77,84,86,74,72,84,72,80,5
82,3350,Guti,Unknown,9,29,Spain,181,72,54,82,56,78,84,78,80,84,68,82,6
82,3351,Prats,Unknown,0,35,Spain,187,83,69,40,81,81,64,65,66,55,73,69,5
82,3358,Arango,Unknown,9,26,Venezuela,179,74,69,77,32,79,80,84,80,84,65,70,6
82,3450,Luís Fabiano,Unknown,12,26,Brazil,183,81,47,82,33,80,78,83,82,82,64,65,4
82,3461,Kanoute,Unknown,12,29,Mali,192,82,47,80,49,82,78,88,75,85,69,70,5
82,3468,Butelle,Unknown,0,23,France,188,84,132,35,82,81,58,63,69,46,75,71,4
82,3487,José Marí,Unknown,12,27,Spain,184,78,100,83,44,77,83,81,83,80,74,74,5
82,3523,Zitka,Unknown,0,31,Czech Republic,190,83,6,30,84,86,62,64,67,42,75,72,5
82,3604,Scholl,Unknown,9,36,Germany,177,70,74,82,46,73,75,81,85,84,72,77,7
82,3649,R. Kovac,Unknown,3,32,Croatia,182,78,41,61,90,83,81,77,71,73,80,87,6
82,3687,Anderson Cléber,Unknown,3,26,Brazil,186,80,70,60,76,85,80,73,72,72,76,75,4
82,3688,Nélson,Unknown,4,23,Portugal,171,75,70,70,61,68,88,85,88,75,63,66,4
82,3707,Pepe,Unknown,3,23,Brazil,186,72,62,61,76,84,83,80,75,70,66,67,4
82,3715,Helton,Unknown,0,28,Brazil,186,74,91,40,80,82,63,77,73,56,72,69,5
82,3733,João Moutinho,Unknown,7,20,Portugal,170,61,100,75,63,66,84,80,80,85,66,81,7
82,3774,Letizi,Unknown,0,33,France,187,80,9,30,83,86,65,70,63,55,78,63,5
82,3787,Tourray,Unknown,0,25,Gambia,198,98,57,30,77,93,57,66,61,40,65,68,3
82,3825,Kleberson,Unknown,9,27,Brazil,175,64,104,73,64,70,85,81,80,85,64,80,7
82,3833,Alex,Unknown,9,29,Brazil,175,73,96,84,45,66,75,80,82,88,69,75,6
82,3860,Okan Buruk,Unknown,9,33,Turkey,169,69,30,76,55,65,84,81,85,82,75,70,5
82,3977,Ward,Unknown,0,32,Wales,180,80,76,39,81,85,67,66,67,50,72,71,4
82,4010,Eigler,Unknown,12,22,Germany,185,83,113,80,38,84,79,83,85,83,75,74,5
82,4053,Nicht,Unknown,0,24,Germany,195,84,98,30,85,83,80,66,65,52,80,80,4
82,4071,Wörns,Unknown,3,33,Germany,184,80,66,59,91,82,82,73,74,70,80,84,7
82,4073,Dede,Unknown,8,27,Brazil,176,69,66,77,70,80,86,81,82,80,73,76,6
82,4076,Tinga,Unknown,7,27,Brazil,170,62,66,74,61,66,82,86,82,83,68,76,5
82,4112,Sverkos,Unknown,12,22,Czech Republic,185,72,11,78,45,76,81,85,83,80,73,72,5
82,4187,Du Ri Cha,Unknown,4,25,South Korea,181,81,110,70,30,85,84,87,72,76,64,65,3
82,4191,Diakite,Unknown,9,26,Mali,180,70,110,75,58,83,79,86,87,84,72,74,5
82,4213,Jarolim,Unknown,8,27,Czech Republic,172,69,13,77,58,83,87,80,82,83,71,68,5
82,4227,Berisha,Unknown,12,20,Albania,184,77,13,77,34,80,79,83,84,84,68,69,4
82,4233,Jones,Unknown,0,24,Australia,191,77,3,30,78,87,58,67,68,46,70,68,4
82,4253,Fiedler,Unknown,0,31,Germany,180,76,23,30,79,84,64,65,68,44,68,65,5
82,4287,Neuer,Unknown,0,20,Germany,192,85,52,30,82,85,60,67,70,50,67,68,5
82,4312,Vander,Unknown,0,26,Germany,195,86,27,30,77,93,57,64,69,63,70,70,5
82,4355,Jô,Unknown,12,19,Brazil,189,70,12,79,37,83,78,85,81,86,66,71,4
82,4365,Zidan,Unknown,11,23,Egypt,172,70,27,77,43,80,77,84,88,77,68,67,4
82,4481,Sergi Barjuan,Unknown,4,27,Spain,174,68,141,73,78,77,90,80,82,76,81,83,5
82,4487,Di Maria,Unknown,10,19,Argentina,178,66,141,73,39,73,80,76,81,83,65,68,5
82,4493,Paulo Sousa,Unknown,5,26,Portugal,177,76,141,77,70,78,84,77,73,89,73,74,5
82,4496,Mboma,Unknown,12,27,Cameroon,185,85,141,84,33,86,78,82,80,82,75,67,4
82,4497,Balakov,Unknown,9,30,Bulgaria,176,72,141,84,60,84,80,75,73,91,90,84,6
82,4501,Cavenaghi,Unknown,12,23,Argentina,178,81,2,84,39,78,82,83,85,83,73,78,6
82,4523,Desailly,Unknown,3,38,France,185,85,141,58,85,88,73,67,63,76,85,83,7
82,4545,S. Conceição,Unknown,8,31,Portugal,177,78,94,80,58,73,80,86,83,82,75,69,4
82,4567,Ravanelli,Unknown,12,28,Italy,188,84,141,85,57,88,83,81,72,74,85,85,5
82,4584,Bojan Krkic,Unknown,11,17,Spain,169,62,141,70,38,65,82,73,88,83,62,60,5
82,4758,Orellano,Unknown,12,19,Argentina,172,71,141,86,13,74,71,86,87,78,60,52,5
81,9,Ivanschitz,Unknown,9,23,Austria,183,79,141,76,52,71,86,80,83,80,67,68,5
81,11,Wallner,Unknown,12,24,Austria,176,80,141,77,33,80,84,80,85,76,70,64,5
81,12,Schranz,Unknown,0,27,Austria,183,83,141,30,80,81,62,66,65,45,74,70,5
81,27,Van Damme,Unknown,4,23,Belgium,194,87,6,66,69,89,82,80,78,73,66,66,5
81,34,Sonck,Unknown,12,28,Belgium,174,75,11,79,43,78,84,77,80,76,75,78,7
81,53,S. Petrov,Unknown,7,27,Bulgaria,180,77,19,74,70,80,90,76,77,83,82,80,6
81,55,Bojinov,Unknown,12,20,Bulgaria,178,78,139,79,30,77,77,81,85,82,66,65,6
81,79,Klasnic,Unknown,12,26,Croatia,186,82,27,86,40,78,80,81,83,83,70,84,7
81,81,Butina,Unknown,0,32,Croatia,191,88,28,30,82,84,65,67,66,54,75,68,5
81,82,Didulica,Unknown,0,29,Croatia,191,80,29,30,78,86,61,64,66,48,67,67,5
81,84,Tomas,Unknown,3,30,Croatia,186,82,30,57,80,82,82,74,73,70,72,77,6
81,85,Leko,Unknown,5,26,Croatia,187,80,31,73,68,80,84,77,75,81,67,73,5
81,88,Modric,Unknown,9,21,Croatia,175,68,33,72,58,71,83,79,82,82,66,72,5
81,90,Olic,Unknown,12,27,Croatia,183,81,34,78,45,69,78,84,90,83,70,72,5
81,96,Grygera,Unknown,4,26,Czech Republic,185,78,14,68,76,81,84,80,76,73,72,74,4
81,103,Koller,Unknown,12,33,Czech Republic,202,100,14,87,50,99,87,69,70,82,74,85,8
81,117,Kroldrup,Unknown,3,27,Denmark,187,82,37,56,79,83,80,77,75,70,72,72,5
81,118,Agger,Unknown,3,21,Denmark,191,79,44,53,79,83,80,78,75,71,76,77,5
81,121,Gravesen,Unknown,7,30,Denmark,183,85,46,77,72,87,89,72,75,81,89,86,6
81,126,Tomasson,Unknown,11,30,Denmark,180,74,49,87,53,75,85,80,79,83,75,85,6
81,128,P. Nielsen,Unknown,3,33,Denmark,191,86,141,60,75,86,81,72,67,65,75,73,5
81,154,Bridge,Unknown,4,26,England,178,77,35,74,69,76,89,83,80,74,77,80,5
81,174,Tihinen,Unknown,3,30,Finland,186,82,141,60,80,84,80,71,70,67,80,74,5
81,188,Sagnol,Unknown,4,29,France,180,78,5,74,79,80,88,79,80,79,75,84,6
81,189,Abidal,Unknown,3,27,France,186,74,62,58,76,83,86,82,83,72,70,70,4
81,190,Makélélé,Unknown,5,33,France,170,70,33,64,85,74,93,84,83,82,70,93,7
81,210,Mertesacker,Unknown,3,22,Germany,198,90,27,50,81,90,80,70,65,67,68,70,5
81,211,Friedrich,Unknown,3,27,Germany,185,78,23,68,85,84,82,82,80,75,70,72,6
81,216,Borowski,Unknown,7,26,Germany,194,84,27,78,66,86,85,76,73,84,75,83,8
81,222,Nowotny,Unknown,3,32,Germany,187,87,74,58,87,85,74,73,68,73,80,84,7
81,225,Hitzlsperger,Unknown,5,24,Germany,182,75,49,73,66,78,86,82,76,80,70,68,5
81,234,Seitaridis,Unknown,4,25,Greece,185,79,20,72,71,82,83,82,75,80,68,72,5
81,240,Giannakopoulos,Unknown,10,32,Greece,172,70,56,77,54,77,88,79,82,82,70,70,5
81,257,Bodnar,Unknown,4,27,Hungary,173,80,141,73,61,75,82,83,81,77,69,70,4
81,285,Kilbane,Unknown,8,29,Ireland,183,81,42,77,64,80,84,81,76,83,68,74,6
81,286,Morrison,Unknown,12,27,Ireland,178,64,141,80,35,75,83,85,81,76,73,71,5
81,290,Breen,Unknown,3,32,Ireland,186,76,141,59,78,82,82,70,68,75,71,70,5
81,294,Liam Miller,Unknown,7,25,Ireland,170,64,76,70,62,69,85,83,80,80,72,78,6
81,296,S. Reid,Unknown,9,25,Ireland,180,74,78,76,53,78,79,83,82,79,68,74,5
81,314,Barzagli,Unknown,3,25,Italy,186,79,62,53,85,83,82,78,76,72,68,78,5
81,318,De Rossi,Unknown,7,23,Italy,184,83,79,76,62,82,85,73,72,83,72,84,6
81,331,Rubins,Unknown,8,27,Latvia,175,67,55,74,47,67,78,85,85,77,73,75,5
81,347,Ooijer,Unknown,3,32,Netherlands,184,80,78,68,82,87,80,75,74,70,80,77,5
81,359,Boulahrouz,Unknown,3,24,Netherlands,182,81,35,59,80,83,87,77,83,65,76,80,5
81,368,Vennegoor,Unknown,12,27,Netherlands,191,92,46,84,52,91,81,72,74,74,74,82,6
81,376,Gillespie,Unknown,8,31,Northern Ireland,178,71,77,76,52,70,80,85,82,80,68,75,4
81,400,M. G. Pedersen,Unknown,8,25,Norway,180,70,78,79,46,76,82,83,80,85,68,69,5
81,404,Jarstein,Unknown,0,22,Norway,190,82,141,30,77,83,60,66,65,45,73,70,5
81,406,Borgersen,Unknown,3,34,Norway,188,85,141,60,74,84,77,72,69,66,70,66,5
81,410,Stromstad,Unknown,8,24,Norway,167,65,141,72,60,77,86,80,83,80,75,74,4
81,422,Smolarek,Unknown,11,25,Poland,178,66,66,80,43,73,80,82,82,81,65,88,6
81,423,Krzynówek,Unknown,8,30,Poland,180,73,7,77,58,81,82,77,80,80,72,70,5
81,426,Kuszczak,Unknown,0,24,Poland,188,82,33,35,80,85,60,62,67,47,65,70,5
81,427,Fabianski,Unknown,0,21,Poland,190,83,94,30,74,85,61,63,67,46,66,68,4
81,454,Petit,Unknown,5,30,Portugal,172,71,70,69,76,73,91,75,75,82,82,85,7
81,460,Hélder Postiga,Unknown,12,24,Portugal,179,79,91,77,39,80,76,84,78,82,70,76,5
81,464,Contra,Unknown,4,30,Romania,180,74,93,72,66,76,85,80,83,81,72,66,5
81,470,Cocis,Unknown,11,23,Romania,181,74,141,73,42,71,80,83,81,82,69,74,5
81,472,Danut Coman,Unknown,0,27,Romania,180,74,141,30,80,80,64,66,67,52,71,70,3
81,484,Akinfeev,Unknown,0,20,Russia,185,78,62,30,78,80,63,66,68,50,65,70,5
81,493,Arshavin,Unknown,11,25,Russia,172,69,8,74,46,69,78,83,82,81,67,68,5
81,494,Kerzhakov,Unknown,12,23,Russia,175,67,47,79,34,66,80,86,88,80,68,67,5
81,498,Kolodin,Unknown,3,24,Russia,187,84,141,50,74,85,80,74,68,68,70,70,5
81,514,B. Ferguson,Unknown,5,28,Scotland,178,74,74,76,70,77,83,78,80,86,78,77,6
81,525,McFadden,Unknown,11,23,Scotland,178,71,90,75,42,71,77,80,83,82,72,70,5
81,538,P. Djordjevic,Unknown,8,34,Serbia and Montenegro,184,75,28,80,59,74,82,77,76,90,72,79,7
81,540,Milosevic,Unknown,12,33,Serbia and Montenegro,186,81,97,86,36,86,77,77,73,84,73,68,5
81,547,Ergic,Unknown,8,25,Serbia and Montenegro,186,83,141,74,56,80,82,78,81,84,67,73,5
81,551,Ljuboja,Unknown,12,28,Serbia and Montenegro,189,80,13,82,36,87,83,80,85,77,60,62,4
81,616,Albelda,Unknown,5,29,Spain,181,77,31,64,84,83,91,79,71,74,78,88,6
81,643,Rosenberg,Unknown,12,24,Sweden,178,81,85,77,39,84,78,81,77,84,65,65,4
81,644,Allbäck,Unknown,12,33,Sweden,180,77,50,82,55,78,82,85,81,84,74,78,6
81,648,Degen,Unknown,4,23,Switzerland,185,81,66,72,63,81,86,85,82,75,69,75,4
81,653,Cabanas,Unknown,9,27,Switzerland,172,68,141,74,58,71,86,78,82,82,72,78,5
81,666,H. Yakin,Unknown,11,29,Switzerland,180,81,61,79,44,78,76,77,79,86,74,74,5
81,668,Volkan Demirel,Unknown,0,24,Turkey,191,92,96,30,80,88,61,65,64,44,70,71,5
81,681,Fatih Akyel,Unknown,4,28,Turkey,180,77,141,68,72,79,85,79,82,76,68,80,5
81,714,Paul Jones,Unknown,0,39,Wales,191,89,141,30,81,88,58,60,65,45,70,72,6
81,755,Flavio,Unknown,11,26,Angola,175,69,141,74,39,80,83,83,78,83,74,77,4
81,777,Djemba Djemba,Unknown,5,25,Cameroon,174,75,19,71,72,84,87,79,79,80,62,78,5
81,780,Emana,Unknown,9,24,Cameroon,180,77,102,77,55,80,82,86,78,81,70,64,5
81,787,Boka,Unknown,4,23,Cote d'Ivoire,166,68,49,70,73,63,85,84,89,76,67,68,5
81,794,Gnanhouan,Unknown,0,27,Cote d'Ivoire,192,83,141,35,78,78,61,66,69,54,73,67,4
81,799,Zoro,Unknown,4,22,Cote d'Ivoire,182,75,24,59,73,85,82,81,76,67,66,68,4
81,814,Muntari,Unknown,5,22,Ghana,179,79,81,72,69,83,84,84,78,80,66,72,5
81,816,Asamoah Gyan,Unknown,12,20,Ghana,186,77,50,75,33,81,85,82,83,76,65,65,4
81,824,Draman,Unknown,8,20,Ghana,173,70,141,72,53,75,83,80,80,84,64,68,3
81,829,Enyeama,Unknown,0,24,Nigeria,180,80,89,30,76,80,58,72,75,48,71,69,4
81,843,Olofinjana,Unknown,5,26,Nigeria,193,75,141,61,68,85,83,76,69,80,67,75,5
81,849,Odemwingie,Unknown,12,25,Nigeria,182,74,103,77,43,80,80,85,81,76,66,68,4
81,868,Van Heerden,Unknown,8,23,South Africa,168,65,4,75,46,71,80,82,82,80,68,69,5
81,872,Nomvethe,Unknown,12,28,South Africa,178,68,94,77,38,73,82,88,89,81,64,63,4
81,883,Salifou,Unknown,9,23,Togo,180,69,141,70,57,74,82,84,80,84,72,68,5
81,888,Akoto,Unknown,3,26,Togo,192,80,141,62,75,86,82,78,74,74,68,66,3
81,899,Jaidi,Unknown,3,31,Tunisia,193,89,58,55,78,89,76,68,64,69,66,66,5
81,907,Jaziri,Unknown,12,28,Tunisia,171,70,106,75,38,81,86,82,88,78,74,65,4
81,917,Ben Saada,Unknown,11,22,Tunisia,170,65,121,75,40,68,78,85,80,83,70,69,4
81,921,Porras,Unknown,0,35,Costa Rica,184,81,141,35,80,84,53,63,62,43,74,69,4
81,930,Wanchope,Unknown,12,30,Costa Rica,193,79,141,81,32,83,74,84,79,86,72,63,4
81,963,L. E. Pérez,Unknown,9,25,Mexico,170,70,141,72,43,63,86,80,83,82,68,75,5
81,967,Hislop,Unknown,0,37,Trinidad and Tobago,193,91,141,30,83,89,52,59,57,48,71,71,4
81,976,Samuel,Unknown,10,25,Trinidad and Tobago,175,76,141,70,40,73,78,85,85,76,63,62,3
81,977,Stern John,Unknown,12,29,Trinidad and Tobago,180,84,141,80,35,86,73,80,77,82,66,66,4
81,991,Pope,Unknown,3,32,United States,185,81,141,63,81,83,85,78,77,70,74,71,5
81,992,Onyewu,Unknown,3,24,United States,192,91,84,55,73,88,80,79,70,67,67,68,4
81,997,Konan,Unknown,10,23,Cote d'Ivoire,183,74,83,76,44,78,77,84,82,77,69,73,4
81,1017,Sorín,Unknown,4,30,Argentina,173,69,13,75,66,71,93,82,76,75,81,92,6
81,1025,Ustari,Unknown,0,20,Argentina,188,79,121,35,80,84,63,72,70,52,70,68,5
81,1054,Gilberto Silva,Unknown,7,30,Brazil,185,75,40,70,83,84,88,78,82,82,68,84,7
81,1055,Gilberto,Unknown,8,30,Brazil,180,78,23,76,55,76,76,83,80,81,71,73,6
81,1058,Fred,Unknown,12,23,Brazil,185,84,88,85,26,81,78,78,76,78,66,66,4
81,1061,P. Contreras,Unknown,3,28,Chile,181,78,92,53,79,80,82,80,83,70,70,69,5
81,1062,Olarra,Unknown,3,28,Chile,185,78,141,55,80,84,80,77,73,67,70,67,5
81,1070,Herrera,Unknown,0,25,Chile,184,83,141,35,81,83,63,68,72,52,72,68,4
81,1082,Martinez,Unknown,0,28,Colombia,186,84,141,33,78,86,61,66,67,50,68,66,4
81,1089,Soto,Unknown,8,26,Colombia,178,71,141,75,60,71,82,80,78,85,72,76,6
81,1092,Rodallega,Unknown,12,21,Colombia,181,72,62,76,30,75,78,83,83,80,55,60,4
81,1104,Renteria,Unknown,12,21,Colombia,186,77,94,76,26,82,78,82,80,80,60,62,4
81,1134,Paredes,Unknown,7,30,Paraguay,179,78,48,75,65,76,84,79,75,84,75,68,5
81,1140,Derlis Gómez,Unknown,0,33,Paraguay,186,85,141,35,81,86,56,63,62,50,76,71,4
81,1181,Olivera,Unknown,9,23,Uruguay,182,79,125,74,52,82,79,83,83,82,67,68,5
81,1184,Vargas,Unknown,12,25,Uruguay,175,76,31,81,40,75,80,83,83,78,70,70,5
81,1195,Estoyanoff,Unknown,10,24,Uruguay,173,67,119,75,35,70,76,83,85,76,70,69,5
81,1200,Kaebi,Unknown,4,21,Iran,163,58,84,72,50,72,82,90,92,84,75,73,6
81,1220,Kawaguchi,Unknown,0,31,Japan,179,78,141,35,81,75,61,70,72,50,80,69,5
81,1229,Yanagisawa,Unknown,11,29,Japan,177,75,141,73,44,73,85,81,83,78,70,75,5
81,1230,Takahara,Unknown,12,27,Japan,180,77,68,77,43,79,83,80,82,80,70,73,4
81,1231,Doi,Unknown,0,33,Japan,184,84,141,30,80,80,62,65,64,42,73,73,4
81,1232,Narazaki,Unknown,0,30,Japan,185,76,141,30,82,81,61,63,65,46,70,71,4
81,1240,Tamada,Unknown,11,26,Japan,173,63,141,73,39,70,81,83,85,78,70,73,4
81,1243,Zaid,Unknown,0,27,Saudi Arabia,184,63,141,40,77,75,60,74,74,63,71,80,6
81,1277,Kim Young Kwang,Unknown,0,23,South Korea,184,85,141,30,80,78,67,67,67,47,70,62,4
81,1287,Park Chu Young,Unknown,10,21,South Korea,182,74,89,78,36,79,80,80,83,81,71,68,6
81,1296,Emerton,Unknown,8,27,Australia,185,85,78,78,62,81,83,81,80,82,71,73,5
81,1313,Jackie Charlton,Unknown,3,31,England,189,80,141,55,90,84,76,66,67,66,86,84,5
81,1315,Cohen,Unknown,4,27,England,178,79,141,63,78,81,82,83,82,72,75,75,6
81,1319,Peters,Unknown,7,23,England,183,75,141,83,65,81,77,71,73,86,78,95,8
81,1326,Keown,Unknown,3,31,England,185,78,141,55,88,83,73,72,62,60,85,72,6
81,1339,Amoros,Unknown,4,22,France,180,78,141,80,72,83,87,75,76,80,74,83,6
81,1354,Ferreri,Unknown,9,23,France,176,75,141,82,58,64,79,78,75,88,75,77,5
81,1372,Buchwald,Unknown,3,29,Germany,188,88,141,60,89,90,82,78,77,77,86,85,6
81,1373,Brehme,Unknown,6,28,Germany,176,72,141,83,75,79,90,76,75,80,82,95,7
81,1382,Gentile,Unknown,3,28,Italy,178,71,141,63,95,91,83,68,73,68,95,75,6
81,1384,Scirea,Unknown,2,29,Italy,178,75,141,72,90,80,86,83,87,80,86,92,7
81,1391,F. Graziani,Unknown,12,30,Italy,180,76,141,86,45,81,85,78,81,73,80,80,6
81,1396,Di Biagio,Unknown,3,35,Italy,175,74,22,70,78,74,83,79,81,75,85,85,7
81,1399,Roberto Baggio,Unknown,11,26,Italy,174,73,141,90,42,73,74,73,76,99,92,93,7
81,1420,Wouters,Unknown,5,27,Netherlands,178,72,141,65,77,84,88,76,77,85,70,74,5
81,1431,Batista,Unknown,5,23,Argentina,186,82,141,66,82,84,90,73,72,77,83,88,7
81,1452,Brito,Unknown,3,31,Brazil,182,81,141,65,85,83,76,73,72,72,71,73,5
81,1476,Almunia,Unknown,0,29,Spain,191,86,65,30,82,86,57,63,65,46,70,68,4
81,1478,Clichy,Unknown,4,21,France,181,72,40,69,52,73,83,91,88,75,68,70,4
81,1491,Samuel,Unknown,4,25,England,180,72,19,63,73,78,81,85,80,80,65,68,5
81,1497,S. Taylor,Unknown,0,25,England,193,86,19,30,80,86,58,67,68,42,70,63,4
81,1500,Bouma,Unknown,4,28,Netherlands,180,82,19,70,82,84,84,78,76,78,76,80,6
81,1516,Tugay,Unknown,5,36,Turkey,176,73,78,71,76,72,82,74,72,87,69,81,7
81,1526,Jeffers,Unknown,12,25,England,178,67,78,77,40,75,76,85,87,80,65,60,4
81,1536,Walker,Unknown,0,34,England,185,83,56,30,82,78,59,63,64,43,78,71,6
81,1547,El Karkouri,Unknown,3,30,Morocco,190,80,48,60,77,83,81,80,72,72,72,72,5
81,1549,Holland,Unknown,7,32,Ireland,175,78,48,71,76,83,85,78,76,84,84,84,7
81,1551,B. Hughes,Unknown,9,30,England,178,71,48,77,57,73,85,77,80,80,72,78,6
81,1554,Andersen,Unknown,0,24,Denmark,190,86,48,30,80,84,60,67,67,47,70,71,5
81,1568,Euell,Unknown,12,29,Jamaica,180,78,3,81,56,72,78,85,82,79,67,82,5
81,1572,Hilário,Unknown,0,31,Portugal,189,85,35,30,81,84,58,64,63,49,74,72,5
81,1576,Kalou,Unknown,12,21,Cote d'Ivoire,185,79,35,78,35,74,79,84,84,86,65,68,4
81,1584,Stubbs,Unknown,3,35,England,188,86,90,51,79,83,79,66,63,66,78,80,4
81,1602,Queudrue,Unknown,4,28,France,183,85,45,71,68,83,83,80,78,76,62,72,5
81,1617,Lastuvka,Unknown,0,24,Czech Republic,191,87,45,30,80,83,60,65,68,45,69,75,5
81,1625,Fowler,Unknown,12,31,England,175,73,44,86,37,69,76,78,84,90,66,69,7
81,1639,Dabo,Unknown,5,29,France,185,84,74,69,71,85,82,75,72,80,72,75,5
81,1648,Sun Jihai,Unknown,4,29,China,178,78,6,70,70,79,85,83,81,75,69,70,6
81,1661,Brown,Unknown,3,27,England,185,75,94,63,79,82,84,79,82,73,65,72,3
81,1662,Evra,Unknown,4,25,France,175,76,33,72,68,78,88,88,85,78,66,73,5
81,1672,Huth,Unknown,3,22,Germany,192,88,3,59,76,87,80,73,72,73,72,68,3
81,1676,Rochemback,Unknown,5,24,Brazil,183,83,3,72,70,84,84,78,75,70,76,82,6
81,1688,Mendieta,Unknown,8,32,Spain,173,69,3,73,70,71,89,81,78,80,75,82,7
81,1700,Bramble,Unknown,3,25,England,185,87,55,52,75,87,82,78,73,67,65,65,3
81,1701,Carr,Unknown,4,30,Ireland,175,77,55,75,72,80,88,84,83,78,70,85,6
81,1702,Babayaro,Unknown,4,28,Nigeria,175,69,25,70,69,73,82,85,83,73,68,80,6
81,1705,Ameobi,Unknown,12,25,England,188,76,55,76,50,83,83,81,80,80,65,75,4
81,1712,Milner,Unknown,8,20,England,176,70,5,70,50,71,77,81,84,85,72,68,4
81,1727,Mwaruwari,Unknown,12,28,Zimbabwe,188,80,26,81,37,84,82,84,80,74,70,72,5
81,1728,Ashdown,Unknown,0,25,England,178,79,26,30,78,83,60,65,68,50,73,69,5
81,1731,Glen Johnson,Unknown,4,22,England,178,70,26,68,62,75,83,83,81,68,70,62,3
81,1754,Lita,Unknown,12,21,England,170,75,72,76,31,78,80,85,82,76,64,63,4
81,1775,Kabba,Unknown,12,25,England,178,71,77,78,35,77,78,85,85,81,67,75,5
81,1787,Dawson,Unknown,3,22,England,188,77,53,57,80,85,83,74,75,72,71,66,5
81,1793,Cerny,Unknown,0,32,Czech Republic,187,87,53,30,80,84,62,65,66,48,76,70,5
81,1798,Danny Murphy,Unknown,7,29,England,175,67,53,76,61,73,84,76,76,80,76,80,7
81,1816,Ashley Young,Unknown,8,21,England,175,65,132,71,48,75,85,78,83,78,72,77,6
81,1869,Johansson,Unknown,9,28,Sweden,179,76,1,74,42,74,84,82,82,82,65,74,5
81,1877,B. Cheyrou,Unknown,7,25,France,182,78,10,73,63,76,83,78,76,82,71,70,5
81,1886,Pedretti,Unknown,5,25,France,177,69,10,78,65,75,88,79,81,86,78,72,7
81,1900,Micoud,Unknown,9,33,France,186,82,111,81,50,70,78,78,77,83,67,87,7
81,1958,Carrière,Unknown,9,33,France,173,64,109,77,60,72,83,79,70,88,69,77,7
81,1976,Youla,Unknown,12,24,Guinea,182,78,103,78,40,80,79,82,80,80,70,70,5
81,1992,Saïfi,Unknown,9,31,Algeria,178,72,116,75,59,66,84,80,83,82,64,75,6
81,2030,Lamouchi,Unknown,5,34,France,175,72,64,71,74,77,86,79,74,80,80,76,5
81,2033,Pagis,Unknown,12,33,France,181,82,64,83,40,75,82,84,85,80,74,76,6
81,2035,Hamel,Unknown,0,30,France,182,73,64,30,79,82,60,64,69,53,72,67,5
81,2057,Dos Santos,Unknown,4,32,Cape Verde,179,76,31,70,60,70,88,84,82,71,71,70,4
81,2062,Kallon,Unknown,12,27,Sierra Leone,179,71,31,79,55,73,87,82,81,86,66,80,5
81,2106,Oliech,Unknown,12,21,Kenya,181,80,60,77,36,86,78,76,74,79,69,69,5
81,2117,Bellion,Unknown,12,23,France,183,78,108,76,46,73,78,87,89,76,70,65,4
81,2118,Moussilou,Unknown,12,24,France,182,82,108,80,41,73,77,88,88,78,68,64,5
81,2135,Rothen,Unknown,8,28,France,177,74,14,79,52,72,80,81,78,83,68,70,6
81,2139,Alonzo,Unknown,0,33,France,186,83,36,40,81,83,65,66,70,60,70,69,5
81,2146,Amara Diané,Unknown,10,24,Cote d'Ivoire,181,74,36,74,42,81,82,81,80,80,70,68,3
81,2157,Cheyrou,Unknown,7,28,France,185,86,101,73,57,80,78,80,80,82,72,69,5
81,2158,Moreira,Unknown,12,29,France,177,75,101,83,46,79,86,84,83,80,72,73,6
81,2159,Hadji,Unknown,11,26,Morocco,183,70,101,77,49,71,80,82,84,85,71,77,6
81,2160,Monterrubio,Unknown,10,30,France,171,69,101,80,43,69,84,84,82,78,75,75,6
81,2164,Adailton,Unknown,3,22,Brazil,190,86,101,52,74,83,80,73,71,75,69,69,5
81,2182,Feindouno,Unknown,8,25,Guinea,176,69,43,80,37,74,72,84,81,86,70,73,5
81,2183,Ilan,Unknown,12,26,Brazil,181,70,43,81,34,85,82,84,82,80,65,70,6
81,2184,Piquionne,Unknown,12,27,Martinique,188,77,43,83,33,85,80,83,79,80,62,69,5
81,2252,Douchez,Unknown,0,26,France,185,77,102,30,80,82,65,65,67,44,68,70,4
81,2296,Grondin,Unknown,0,32,France,178,78,115,30,80,79,62,65,66,56,70,73,5
81,2336,Ivan,Unknown,0,33,Italy,182,78,114,30,81,83,61,65,70,58,82,68,5
81,2346,Zampagna,Unknown,12,31,Italy,183,80,114,80,35,84,81,78,72,76,77,75,5
81,2368,Fortin,Unknown,0,32,Italy,186,76,126,30,79,78,57,68,71,42,73,69,4
81,2378,Pantanelli,Unknown,0,35,Italy,185,81,42,30,79,81,58,64,65,43,78,75,4
81,2401,D'Anna,Unknown,3,34,Italy,181,76,87,55,85,80,78,71,70,68,80,85,6
81,2407,Luciano,Unknown,8,31,Brazil,181,77,87,74,48,84,80,83,80,80,67,66,4
81,2434,Almiron,Unknown,7,25,Argentina,180,76,65,74,60,76,84,77,75,82,67,78,5
81,2444,Vannucchi,Unknown,9,29,Italy,180,73,65,75,58,70,82,76,75,85,75,77,6
81,2449,Di Loreto,Unknown,3,31,Italy,186,85,83,58,82,84,81,75,74,72,75,80,6
81,2454,Santana,Unknown,11,24,Argentina,180,72,37,76,55,73,83,78,83,83,70,72,4
81,2478,Orlandoni,Unknown,0,34,Italy,186,78,64,30,81,80,62,67,69,50,76,71,5
81,2485,Ledesma,Unknown,5,24,Argentina,180,78,80,74,65,75,82,78,76,82,70,82,7
81,2509,Bakayoko,Unknown,12,29,Cote d'Ivoire,183,75,81,82,28,83,75,81,84,77,70,67,5
81,2515,Pfertzel,Unknown,6,25,France,182,75,81,67,60,72,83,83,83,74,65,73,4
81,2530,Di Napoli,Unknown,12,32,Italy,177,75,24,78,32,81,82,78,82,84,70,67,5
81,2553,Borriello,Unknown,12,24,Italy,180,73,67,77,35,81,78,82,84,80,65,65,5
81,2558,Fontana,Unknown,0,39,Italy,186,77,122,30,85,77,56,65,75,41,78,73,5
81,2567,Agliardi,Unknown,0,23,Italy,190,80,82,30,80,83,60,66,68,50,68,70,5
81,2580,F. Couto,Unknown,3,37,Portugal,184,84,121,57,80,83,75,72,69,59,72,73,5
81,2581,Coly,Unknown,4,33,Senegal,179,81,99,66,71,81,86,81,74,70,70,67,5
81,2585,Gasbarroni,Unknown,9,25,Italy,175,68,99,73,48,71,77,82,85,83,68,72,5
81,2635,Cassetti,Unknown,4,29,Italy,187,80,79,77,65,82,87,82,73,80,74,85,6
81,2636,Tonetto,Unknown,4,31,Italy,180,73,79,75,61,74,85,84,80,77,78,82,6
81,2647,Volpi,Unknown,7,32,Italy,174,69,125,70,72,71,83,74,73,83,80,86,7
81,2651,Bonazzoli,Unknown,12,27,Italy,192,84,125,82,45,87,80,75,76,79,73,75,5
81,2666,Portanova,Unknown,3,27,Italy,185,78,95,59,77,85,80,74,69,71,70,70,5
81,2682,Giovinco,Unknown,9,19,Italy,164,62,14,67,41,69,75,81,83,84,68,66,4
81,2693,Rosina,Unknown,8,22,Italy,175,69,83,73,46,72,78,82,84,80,69,70,4
81,2703,Fiore,Unknown,9,31,Italy,181,75,38,80,55,80,83,75,78,85,72,92,7
81,2704,Muzzi,Unknown,12,35,Italy,178,76,83,80,39,81,77,81,80,81,78,77,6
81,2742,Mols,Unknown,12,35,Netherlands,177,81,73,81,46,80,84,78,77,82,72,83,6
81,2760,Huntelaar,Unknown,12,23,Netherlands,186,78,14,85,40,84,80,76,75,82,69,77,6
81,2761,Gentenaar,Unknown,0,31,Netherlands,180,82,14,30,83,79,60,68,69,53,70,71,5
81,2777,Sinouh,Unknown,0,31,Morocco,182,75,29,30,80,83,65,65,70,56,70,72,4
81,2816,De Guzman,Unknown,7,19,Canada,173,69,15,72,62,72,88,81,83,81,66,73,7
81,2828,Boussaboun,Unknown,12,27,Morocco,176,82,15,80,35,80,79,79,82,80,78,66,5
81,2829,Van Hooijdonk,Unknown,12,36,Netherlands,193,87,15,84,46,90,74,74,78,84,79,75,6
81,2879,Pieckenhagen,Unknown,0,34,Germany,186,84,131,40,80,82,60,61,64,46,76,73,5
81,2908,Leonardo,Unknown,10,23,Brazil,173,72,136,75,38,73,75,83,86,80,63,60,4
81,2951,Reiziger,Unknown,4,33,Netherlands,178,75,56,66,80,74,81,81,79,71,71,71,6
81,2952,De Jong,Unknown,9,29,Netherlands,183,76,139,75,56,75,85,78,74,82,77,85,6
81,2953,Aissati,Unknown,9,18,Netherlands,174,65,91,73,60,72,82,76,81,85,65,80,7
81,2978,Kujovic,Unknown,0,28,Serbia and Montenegro,184,79,137,30,83,78,65,72,75,47,74,73,5
81,3002,Ponk,Unknown,0,35,Netherlands,191,96,112,30,81,90,56,64,63,48,76,68,5
81,3053,Van der Gun,Unknown,12,27,Netherlands,178,75,17,76,32,73,80,84,87,84,66,60,3
81,3054,Nelisse,Unknown,12,28,Netherlands,187,74,17,79,27,87,78,82,74,80,66,65,4
81,3102,Redan,Unknown,12,26,Netherlands,186,85,73,78,36,83,78,83,78,82,69,68,5
81,3111,Bobson,Unknown,10,25,Netherlands,174,72,73,77,29,78,77,83,82,81,65,60,4
81,3122,Yeste,Unknown,8,26,Spain,183,69,138,80,50,74,80,81,82,86,75,75,6
81,3139,Belletti,Unknown,4,30,Brazil,179,74,121,73,66,74,91,80,81,70,70,69,6
81,3142,Gudjohnsen,Unknown,11,28,Iceland,183,83,118,86,56,84,85,81,79,85,78,92,8
81,3143,Ezquerro,Unknown,12,29,Spain,181,73,24,80,50,76,82,81,82,80,74,75,5
81,3151,Doblas,Unknown,0,26,Spain,185,79,67,30,80,83,63,66,70,47,70,75,5
81,3156,Edu,Unknown,8,27,Brazil,182,74,67,81,50,78,82,82,80,84,69,71,6
81,3160,Lembo,Unknown,3,28,Uruguay,185,75,67,61,82,85,75,72,68,72,74,75,5
81,3181,Baiano,Unknown,12,27,Brazil,185,84,92,83,40,83,78,78,80,79,76,69,6
81,3187,Jorge,Unknown,9,25,Spain,181,75,92,75,48,74,78,84,82,82,74,73,5
81,3190,De Ridder,Unknown,10,22,Netherlands,185,75,92,71,42,77,75,82,81,86,65,65,4
81,3191,Guayre,Unknown,12,26,Spain,177,75,92,80,43,74,79,86,87,83,68,68,5
81,3195,Andrade,Unknown,3,28,Portugal,184,73,62,57,86,85,83,86,83,70,69,71,5
81,3217,Gallardo,Unknown,8,26,Spain,172,66,119,77,53,72,82,83,80,82,71,68,4
81,3218,Diego Tristán,Unknown,12,30,Spain,186,79,69,83,37,84,77,77,78,85,72,80,5
81,3236,Moha,Unknown,8,29,Morocco,166,70,105,77,54,73,79,84,82,78,68,67,4
81,3250,Luis García C.,Unknown,0,27,Spain,186,80,93,30,80,81,64,66,68,50,73,75,4
81,3270,Makukula,Unknown,12,25,DR Congo,192,92,123,79,37,86,74,81,74,74,63,66,4
81,3304,Dehu,Unknown,3,34,France,186,78,75,53,82,84,76,70,63,73,82,65,6
81,3305,Álvaro,Unknown,3,27,Brazil,182,83,75,60,77,83,82,84,74,67,66,73,4
81,3327,Mista,Unknown,12,27,Spain,184,74,20,86,48,77,79,82,80,78,67,74,6
81,3342,M. Diarra,Unknown,5,25,Mali,183,76,54,60,71,83,87,86,82,77,69,78,5
81,3344,Diego López,Unknown,0,24,Spain,196,87,54,30,75,86,59,65,63,49,70,70,4
81,3353,Nunes,Unknown,3,29,Portugal,185,82,69,55,82,85,78,70,69,64,67,73,5
81,3359,Maxi Lopez,Unknown,12,22,Argentina,187,81,69,79,38,86,75,82,77,81,65,63,5
81,3371,Ricardo Lopez,Unknown,0,34,Spain,187,83,97,30,81,85,57,65,68,49,72,65,5
81,3389,Valdo,Unknown,9,25,Spain,184,73,97,78,55,74,78,85,86,82,70,70,5
81,3394,Pablo Alfaro,Unknown,3,37,Spain,185,82,139,58,82,83,80,72,70,68,75,75,5
81,3402,Rubén Castro,Unknown,12,25,Spain,174,72,139,80,37,72,81,84,85,80,72,68,5
81,3413,Óscar Serrano,Unknown,8,25,Spain,175,73,139,76,47,75,77,87,84,78,67,65,6
81,3441,A. Palop,Unknown,0,33,Spain,184,77,47,30,80,79,57,66,68,42,72,69,5
81,3448,Jesús Navas,Unknown,8,20,Spain,170,60,47,70,59,66,78,82,80,80,65,62,5
81,3459,Fernando Sales,Unknown,8,29,Spain,171,72,47,75,51,69,82,81,83,79,69,71,6
81,3467,Tavano,Unknown,12,27,Italy,173,71,89,80,45,70,83,85,83,83,70,72,5
81,3472,Edu,Unknown,7,28,Brazil,189,80,5,75,65,83,84,75,74,81,70,80,6
81,3488,Barbosa,Unknown,0,22,Argentina,185,77,100,35,80,75,65,69,75,53,70,69,5
81,3518,Proto,Unknown,0,23,Belgium,184,75,6,30,80,79,62,67,70,49,70,68,5
81,3524,Schollen,Unknown,0,28,Belgium,190,79,6,30,76,88,65,66,68,43,70,76,4
81,3525,Iezzo,Unknown,0,33,Italy,187,82,128,30,78,80,65,70,67,57,71,72,5
81,3546,Blondel,Unknown,7,22,Belgium,172,64,4,70,55,69,83,78,79,84,72,75,5
81,3547,Englebert,Unknown,8,30,Belgium,179,68,4,76,64,71,85,76,74,82,72,84,6
81,3571,Simak,Unknown,9,28,Czech Republic,182,76,141,78,54,78,77,79,81,83,64,67,5
81,3591,Rensing,Unknown,0,22,Germany,188,86,5,30,78,82,56,65,68,52,69,69,4
81,3610,Rivaldo,Unknown,11,34,Brazil,186,75,34,83,34,84,73,78,75,94,67,62,3
81,3613,Lemmens,Unknown,0,30,Belgium,188,77,129,30,76,78,57,66,67,48,72,70,5
81,3619,H. Babangida,Unknown,10,24,Nigeria,167,66,28,71,30,70,83,90,86,71,63,58,3
81,3621,Konstantinou,Unknown,12,28,Cyprus,184,80,28,82,38,84,80,77,79,78,76,70,5
81,3634,Biscan,Unknown,5,28,Croatia,190,80,32,70,77,86,78,76,72,78,72,72,5
81,3635,González,Unknown,9,26,Argentina,178,76,32,75,55,73,77,79,82,83,69,67,4
81,3651,Chiellini,Unknown,4,22,Italy,186,76,14,72,74,84,83,82,73,73,66,70,4
81,3668,Baronio,Unknown,7,28,Italy,177,73,80,73,64,80,83,79,76,84,72,81,4
81,3686,Moretto,Unknown,0,28,Brazil,195,94,70,38,79,89,60,67,65,52,76,70,5
81,3699,Nuno Assis,Unknown,9,28,Portugal,168,63,70,75,50,69,80,79,84,82,70,73,6
81,3700,Marcel,Unknown,12,24,Brazil,187,87,70,78,31,84,78,78,78,80,67,66,4
81,3711,Anderson,Unknown,9,18,Brazil,176,69,91,72,33,70,78,80,85,85,55,65,5
81,3713,Sektioui,Unknown,10,29,Morocco,182,73,91,76,40,71,82,80,82,77,67,70,4
81,3714,Alan,Unknown,8,27,Brazil,180,70,91,75,40,72,80,81,81,80,66,63,3
81,3716,Bruno Alves,Unknown,3,24,Portugal,187,83,91,58,74,84,81,76,72,67,62,65,4
81,3718,Jorginho,Unknown,11,29,Brazil,178,72,91,76,45,73,85,83,86,75,70,70,5
81,3729,Anderson Polga,Unknown,3,27,Brazil,182,79,88,63,79,84,80,72,76,73,70,68,5
81,3735,Romagnoli,Unknown,9,25,Argentina,172,61,88,79,44,72,75,78,80,83,68,68,4
81,3737,Liedson,Unknown,12,28,Brazil,175,63,88,84,30,70,79,81,86,81,70,71,6
81,3743,Farnerud,Unknown,7,26,Sweden,178,70,88,70,68,79,86,80,78,83,66,70,5
81,3748,McManus,Unknown,3,24,Scotland,188,81,46,55,80,84,80,73,72,66,71,70,4
81,3752,Nakamura,Unknown,9,28,Japan,178,73,46,77,48,70,85,78,75,86,67,68,5
81,3754,Balde,Unknown,3,31,Guinea,196,84,14,57,80,91,79,74,67,68,66,75,3
81,3760,McGeady,Unknown,8,20,Ireland,178,68,46,72,46,67,73,80,82,84,58,61,3
81,3762,Varga,Unknown,3,34,Slovakia,196,93,76,59,82,89,74,66,65,72,79,73,4
81,3765,Wallace,Unknown,8,21,Scotland,168,64,76,72,50,66,76,82,85,77,63,67,4
81,3766,McGregor,Unknown,0,24,Scotland,183,74,9,30,81,80,56,67,69,47,67,65,4
81,3773,Klos,Unknown,0,35,Germany,178,85,9,30,84,79,62,57,63,46,78,72,6
81,3794,Hysén,Unknown,8,24,Sweden,179,79,76,78,35,72,79,84,87,76,70,68,4
81,3813,Delgado,Unknown,9,23,Argentina,182,77,104,78,43,74,79,81,82,84,70,72,6
81,3816,Kursunlu,Unknown,0,25,Turkey,185,80,104,30,77,80,59,69,72,58,65,68,4
81,3848,Carrusca,Unknown,8,23,Argentina,172,68,30,71,50,68,79,81,81,84,64,64,5
81,3851,Ümit Karan,Unknown,12,30,Turkey,181,75,30,81,44,79,79,83,82,75,69,70,5
81,3874,Belkevich,Unknown,9,33,Belarus,181,70,85,79,48,74,74,81,79,84,78,78,5
81,3880,Diogo Rincón,Unknown,9,26,Brazil,185,83,85,78,46,81,85,81,76,86,70,75,5
81,3882,Shatskikh,Unknown,12,28,Uzbekistan,187,77,85,82,44,84,76,84,75,80,76,75,5
81,3938,Baseggio,Unknown,7,28,Belgium,184,82,6,73,63,84,83,74,75,84,80,80,5
81,3962,Julian Gray,Unknown,8,27,England,185,70,58,72,59,77,81,85,83,78,65,68,4
81,3964,Jerome,Unknown,12,19,England,185,85,58,75,38,82,82,84,83,75,77,73,4
81,4000,Hain,Unknown,0,33,Germany,188,87,113,30,82,84,65,64,66,49,76,74,5
81,4023,Straub,Unknown,0,35,Germany,183,77,98,40,85,86,60,62,69,51,80,80,7
81,4025,Klitzpera,Unknown,3,28,Germany,184,79,98,52,80,81,78,78,69,67,67,80,5
81,4034,Hesse,Unknown,0,21,Germany,186,77,98,42,82,86,57,65,74,49,72,75,4
81,4036,Matuzalem,Unknown,7,26,Brazil,175,70,21,75,67,78,85,75,74,84,66,75,4
81,4051,Ramelow,Unknown,5,32,Germany,185,80,25,68,80,85,88,75,72,81,89,83,7
81,4059,Marica,Unknown,12,21,Romania,182,72,21,76,37,79,81,85,87,80,66,69,4
81,4067,Kießling,Unknown,12,22,Germany,191,78,25,78,40,80,80,86,77,78,68,63,4
81,4077,Heimeroth,Unknown,0,25,Germany,194,93,11,30,77,85,57,65,66,54,64,72,5
81,4125,Amanatidis,Unknown,12,24,Greece,181,75,68,78,49,79,84,83,81,82,70,72,5
81,4126,Nikolov,Unknown,0,31,Macedonia,188,86,68,30,80,84,58,69,69,49,71,71,5
81,4135,Weissenberger,Unknown,9,31,Austria,168,65,68,75,48,70,79,82,85,83,69,78,5
81,4142,McKenna,Unknown,3,26,Canada,189,75,140,74,78,86,80,78,78,70,71,78,4
81,4192,Azaouagh,Unknown,8,23,Germany,175,63,110,74,41,66,76,81,84,85,75,69,5
81,4203,Edu,Unknown,11,24,Brazil,185,81,110,77,58,77,86,83,79,80,67,72,5
81,4216,Lauth,Unknown,12,24,Germany,179,74,13,77,46,72,78,85,89,81,72,74,5
81,4217,Sanogo,Unknown,12,23,Cote d'Ivoire,187,82,13,80,35,86,76,84,80,78,67,66,4
81,4231,Fahrenhorst,Unknown,3,29,Germany,190,75,18,56,81,86,73,72,73,73,74,81,6
81,4241,Juric,Unknown,0,31,Australia,196,96,18,30,77,88,58,63,62,47,68,69,5
81,4262,Gimenez,Unknown,12,31,Argentina,182,76,23,80,29,71,85,84,83,80,73,70,5
81,4292,Ernst,Unknown,7,27,Germany,183,80,52,74,70,78,88,81,76,82,72,80,6
81,4333,Bade,Unknown,0,35,Germany,196,90,71,30,83,92,58,63,59,47,75,74,6
81,4334,Shittu,Unknown,3,26,Nigeria,191,102,132,48,77,80,79,72,74,67,72,74,5
81,4356,Reinke,Unknown,0,37,Germany,192,93,27,30,84,80,60,63,60,48,75,74,6
81,4369,Madlung,Unknown,3,23,Germany,193,87,7,60,74,90,75,74,71,68,63,66,4
81,4379,Lenz,Unknown,0,32,Germany,189,88,7,30,78,83,60,60,66,55,69,70,5
81,4381,Quiroga,Unknown,3,28,Argentina,178,72,7,62,81,80,82,78,78,75,69,69,5
81,4463,E. Lavezzi,Unknown,11,22,Argentina,173,75,141,75,40,78,84,82,84,79,68,67,6
81,4509,Mijatovic,Unknown,12,29,Serbia and Montenegro,177,71,141,90,45,73,75,80,84,92,74,74,6
81,4512,K. Andersson,Unknown,12,28,Sweden,193,92,141,87,35,92,80,75,74,80,71,75,6
81,4516,Higuita,Unknown,0,24,Colombia,176,82,141,50,78,78,58,67,70,70,76,74,2
81,4526,Djorkaeff,Unknown,9,38,France,179,74,141,81,42,71,75,76,74,87,67,69,6
81,4528,Le Tissier,Unknown,11,28,England,186,89,141,83,39,75,77,80,77,96,82,70,5
81,4538,Belanov,Unknown,12,26,Ukraine,174,70,141,93,35,70,80,90,91,77,71,75,7
81,4552,Protti,Unknown,12,28,Italy,170,74,141,90,32,72,78,78,84,83,83,77,6
81,4563,R. De Boer,Unknown,9,36,Netherlands,180,77,141,81,61,80,80,75,73,90,75,77,5
81,4580,Pochettino,Unknown,3,34,Argentina,181,81,141,52,83,82,75,77,74,68,81,78,5
81,4645,Palmieri,Unknown,3,19,Italy,188,82,141,27,85,82,75,73,78,65,95,79,6
81,32934,El Zhar,Unknown,11,20,Morocco,165,72,44,66,38,66,78,79,84,83,62,62,4
81,32943,Mozart,Unknown,7,27,Brazil,180,78,2,75,69,80,87,73,74,84,77,80,4
81,32944,Boyarintsev,Unknown,8,28,Russia,174,71,2,75,45,72,81,83,80,78,70,72,4
80,10,Linz,Unknown,12,25,Austria,185,72,94,76,38,81,82,83,86,73,70,68,4
80,24,Stijnen,Unknown,0,25,Belgium,188,81,4,30,76,82,60,66,69,49,72,64,4
80,29,Vandenborre,Unknown,4,19,Belgium,185,78,6,65,72,81,85,78,76,76,63,70,4
80,31,Buffel,Unknown,11,25,Belgium,175,68,9,82,49,83,82,80,83,84,70,72,6
80,35,Vandenbussche,Unknown,0,25,Belgium,196,83,12,30,77,86,61,67,65,46,70,65,4
80,43,Daerden,Unknown,8,24,Belgium,191,82,4,73,47,83,80,82,80,75,67,66,4
80,47,Ivankov,Unknown,0,30,Bulgaria,188,80,141,40,78,81,56,67,65,52,72,69,5
80,62,Wagner,Unknown,4,30,Bulgaria,180,76,141,65,62,80,83,82,80,75,68,65,4
80,64,Dimitrov,Unknown,8,27,Bulgaria,176,69,141,75,42,65,80,80,77,84,68,69,5
80,75,Niko Kovac,Unknown,5,35,Croatia,178,75,141,74,68,78,86,73,70,81,79,73,6
80,76,Srna,Unknown,4,24,Croatia,182,77,21,75,62,74,85,79,77,80,64,68,5
80,77,Babic,Unknown,8,25,Croatia,186,72,25,73,64,83,81,77,80,79,72,75,5
80,111,Heinz,Unknown,11,29,Czech Republic,187,76,43,78,49,80,80,85,80,79,67,68,6
80,113,Stajner,Unknown,12,30,Czech Republic,179,78,18,80,44,80,82,80,76,82,73,75,5
80,127,Christiansen,Unknown,0,26,Denmark,182,86,50,30,77,83,64,65,67,50,69,65,4
80,129,Gravgaard,Unknown,3,28,Denmark,186,88,50,65,75,84,80,68,66,69,72,75,5
80,133,D. Jensen,Unknown,7,27,Denmark,180,73,27,71,66,71,84,80,80,80,68,68,7
80,146,Beckham,Unknown,8,31,England,182,75,8,80,60,75,88,75,73,88,87,75,6
80,156,Hargreaves,Unknown,5,25,England,180,76,53,70,70,74,84,83,75,82,73,90,6
80,159,Downing,Unknown,8,22,England,182,69,3,74,56,71,76,83,84,78,66,70,6
80,179,Kopteff,Unknown,8,27,Finland,180,80,17,74,54,69,84,80,82,80,68,67,5
80,180,Litmanen,Unknown,9,35,Finland,182,82,141,82,55,80,74,75,75,90,84,78,8
80,224,Kehl,Unknown,5,26,Germany,188,80,66,68,76,83,82,75,71,79,70,75,6
80,233,Kyrgiakos,Unknown,3,27,Greece,193,88,68,55,78,89,76,71,67,66,68,73,5
80,244,Kapsis,Unknown,3,33,Greece,182,78,28,45,82,82,80,74,69,71,73,83,6
80,248,Kafes,Unknown,7,28,Greece,180,76,28,75,58,78,76,79,80,82,71,69,6
80,253,Gekas,Unknown,12,26,Greece,179,76,71,80,35,74,81,81,80,77,71,69,5
80,255,Juhasz,Unknown,3,23,Hungary,193,80,6,61,72,86,83,71,69,68,67,67,4
80,262,Huszti,Unknown,6,23,Hungary,172,70,18,69,58,78,81,79,79,78,66,64,4
80,288,Kenny,Unknown,0,28,Ireland,185,89,77,30,78,86,63,65,67,45,75,70,4
80,291,Doherty,Unknown,3,26,Ireland,188,83,141,67,75,85,84,72,70,70,70,62,5
80,299,Doyle,Unknown,12,23,Ireland,180,79,72,78,34,80,78,83,83,76,65,75,5
80,317,Barone,Unknown,7,28,Italy,180,75,83,69,74,81,86,76,75,82,75,82,7
80,323,Kolinko,Unknown,0,31,Latvia,191,97,141,30,77,89,56,63,60,50,72,80,5
80,332,Verpakovskis,Unknown,12,27,Latvia,173,68,85,80,38,70,75,92,86,75,73,73,5
80,348,Mathijsen,Unknown,3,26,Netherlands,183,68,55,56,80,79,80,75,74,67,65,77,6
80,350,Van Bronckhorst,Unknown,4,31,Netherlands,178,75,121,72,70,74,85,81,74,77,79,81,7
80,394,Hangeland,Unknown,3,25,Norway,194,85,50,61,76,88,80,75,72,71,70,72,4
80,395,Bergdolmo,Unknown,3,35,Norway,187,77,50,57,78,84,81,74,70,70,74,75,5
80,405,Lundekvam,Unknown,3,33,Norway,190,83,141,47,83,83,78,69,67,69,67,72,4
80,409,Valencia,Unknown,8,27,Norway,180,70,141,74,41,74,82,81,80,77,68,68,4
80,411,Braaten,Unknown,10,24,Norway,184,88,86,74,46,82,80,84,75,83,71,67,4
80,425,Zurawski,Unknown,11,30,Poland,180,74,46,78,45,75,83,79,81,80,66,67,6
80,429,Dudka,Unknown,4,22,Poland,183,80,141,67,64,78,84,78,78,75,70,78,5
80,432,Mila,Unknown,9,24,Poland,178,67,141,75,62,71,85,81,78,79,70,73,5
80,439,F. Meira,Unknown,3,28,Portugal,190,85,94,59,82,84,79,74,70,74,74,83,5
80,450,Paulo Santos,Unknown,0,33,Portugal,182,84,141,35,83,82,60,67,73,52,80,81,5
80,453,Paulo Ferreira,Unknown,4,27,Portugal,182,76,35,70,78,78,88,75,76,74,70,83,6
80,455,Tiago,Unknown,7,25,Portugal,183,75,55,73,65,79,84,73,72,83,70,80,6
80,456,Hugo Viana,Unknown,9,23,Portugal,181,73,7,72,45,64,72,83,79,85,65,66,6
80,459,Nuno Gomes,Unknown,12,30,Portugal,181,72,70,83,45,80,78,81,80,81,75,76,6
80,462,Tamas,Unknown,3,22,Romania,188,79,92,62,76,84,77,82,81,75,69,70,4
80,465,Rat,Unknown,4,25,Romania,178,72,21,70,64,72,84,83,82,75,69,73,5
80,471,Mazilu,Unknown,12,24,Romania,181,70,141,77,38,78,79,82,81,82,68,76,5
80,474,N. Dorin Goian,Unknown,3,25,Romania,194,83,141,51,75,87,77,72,70,66,66,67,3
80,480,Nicolita,Unknown,9,21,Romania,175,71,84,68,54,72,83,82,85,77,64,68,5
80,481,D. Niculae,Unknown,11,24,Romania,185,76,10,77,48,76,81,84,82,80,73,70,5
80,483,M. Niculae,Unknown,12,25,Romania,184,74,121,79,40,82,75,80,75,80,70,69,5
80,486,Sennikov,Unknown,4,30,Russia,183,74,141,58,75,78,82,83,80,73,69,77,6
80,489,Loskov,Unknown,9,32,Russia,178,75,141,81,56,73,81,75,73,86,73,77,7
80,501,Semak,Unknown,9,30,Russia,177,74,141,75,60,78,84,80,77,79,75,81,6
80,506,Sychev,Unknown,12,23,Russia,176,73,94,77,34,71,76,87,84,84,68,69,4
80,509,Weir,Unknown,3,36,Scotland,188,86,90,55,78,86,82,68,64,63,80,80,5
80,513,Fletcher,Unknown,7,22,Scotland,183,83,34,72,60,80,82,80,75,82,63,73,6
80,515,Hartley,Unknown,7,30,Scotland,173,67,141,76,65,70,86,79,77,80,78,78,6
80,527,O'Connor,Unknown,12,23,Scotland,182,72,141,74,37,78,79,81,83,75,67,68,5
80,541,Kovacevic,Unknown,0,31,Serbia and Montenegro,185,84,141,30,80,86,58,65,64,49,71,70,4
80,545,Petkovic,Unknown,3,32,Serbia and Montenegro,190,88,141,53,78,89,80,68,65,68,78,76,5
80,554,Skrtel,Unknown,3,21,Slovakia,191,81,8,50,79,84,82,73,68,67,71,76,6
80,564,König,Unknown,0,34,Slovakia,188,80,141,40,78,87,56,63,62,45,72,73,5
80,575,S. Nemeth,Unknown,12,29,Slovakia,181,75,98,78,46,77,79,83,85,80,70,78,6
80,576,B. Mavric,Unknown,0,36,Slovenia,194,98,141,30,78,90,61,65,66,42,74,69,4
80,584,Koren,Unknown,9,26,Slovenia,175,68,141,70,43,70,82,82,82,80,70,72,5
80,585,Acimovic,Unknown,9,29,Slovenia,186,85,141,77,47,81,78,75,76,85,70,75,5
80,594,Ceh,Unknown,9,28,Slovenia,181,75,141,77,45,74,78,76,75,85,66,82,7
80,614,Míchel Salgado,Unknown,4,31,Spain,176,72,89,76,75,74,90,79,82,78,84,84,6
80,617,Senna,Unknown,7,30,Spain,177,76,89,67,73,75,88,79,72,71,70,65,5
80,622,Shaaban,Unknown,0,31,Sweden,193,93,141,30,75,83,61,64,66,45,72,65,4
80,625,Alexandersson,Unknown,8,34,Sweden,181,73,141,76,64,74,82,80,78,82,72,75,5
80,634,Alvbåge,Unknown,0,24,Sweden,187,83,141,30,76,84,59,64,67,48,70,69,5
80,635,Hansson,Unknown,3,29,Sweden,186,87,12,43,78,83,76,68,69,69,71,69,6
80,636,Karl Svensson,Unknown,3,22,Sweden,190,83,9,55,78,86,82,74,71,70,67,74,5
80,638,D. Andersson,Unknown,5,29,Sweden,178,79,141,72,68,78,86,72,68,83,71,69,5
80,642,Elmander,Unknown,12,25,Sweden,188,79,102,78,47,83,78,85,78,82,66,69,5
80,650,Vogel,Unknown,5,29,Switzerland,177,71,67,67,77,74,90,76,74,76,83,86,6
80,656,Coltorti,Unknown,0,25,Switzerland,197,98,141,30,75,88,60,67,63,46,70,70,5
80,657,Benaglio,Unknown,0,23,Switzerland,193,83,61,30,76,85,57,67,65,53,68,65,4
80,662,David Degen,Unknown,8,23,Switzerland,183,80,11,72,50,78,81,86,83,75,68,73,5
80,663,Behrami,Unknown,8,21,Switzerland,184,71,80,73,60,76,84,84,81,79,69,71,4
80,665,Gygax,Unknown,11,25,Switzerland,179,72,103,76,40,74,79,81,83,81,75,73,4
80,671,Hamit Altintop,Unknown,9,23,Turkey,183,82,52,76,50,78,78,81,78,80,73,73,7
80,695,Nesmachnyi,Unknown,4,27,Ukraine,182,72,85,73,66,74,84,82,84,78,71,75,5
80,696,Tymoshchyuk,Unknown,5,27,Ukraine,181,70,21,75,71,72,86,77,75,81,74,80,6
80,716,Gabbidon,Unknown,3,27,Wales,178,71,125,58,77,80,81,81,80,68,66,71,4
80,729,Delaney,Unknown,4,30,Wales,188,73,19,62,81,80,80,80,78,72,75,75,6
80,734,Koumas,Unknown,8,27,Wales,178,74,141,72,51,71,79,82,78,81,71,69,4
80,744,Mendonca,Unknown,8,24,Angola,172,70,141,72,56,82,86,77,76,82,72,75,4
80,747,Akwa,Unknown,12,29,Angola,181,75,141,75,35,82,80,74,70,80,75,77,5
80,757,Mantorras,Unknown,12,24,Angola,178,77,70,78,40,85,75,81,81,84,66,72,3
80,758,Cabungula,Unknown,12,27,Angola,183,82,141,72,32,84,79,77,83,78,65,66,4
80,762,Song,Unknown,3,30,Cameroon,183,76,30,58,75,78,82,88,82,78,80,73,6
80,765,Makoun,Unknown,5,23,Cameroon,173,68,103,68,70,83,91,80,74,77,73,75,5
80,768,Kome,Unknown,8,26,Cameroon,172,69,69,74,40,72,76,82,80,80,70,66,3
80,770,Webó,Unknown,12,24,Cameroon,181,77,97,78,30,73,76,84,88,75,73,68,4
80,771,Souleymanou,Unknown,0,32,Cameroon,182,77,141,30,78,79,58,66,70,50,74,71,5
80,783,Titzié,Unknown,0,34,Cote d'Ivoire,186,85,141,30,75,81,59,70,73,46,77,68,4
80,788,Zokora,Unknown,5,25,Cote d'Ivoire,183,78,53,68,73,80,80,77,79,80,69,68,6
80,790,Kader Keita,Unknown,11,25,Cote d'Ivoire,182,78,103,75,40,82,78,82,80,78,70,75,5
80,797,Demel,Unknown,3,25,Cote d'Ivoire,189,85,13,56,77,90,80,73,71,70,61,65,4
80,801,Yapi Yapo,Unknown,9,24,Cote d'Ivoire,171,63,141,76,50,75,82,82,82,84,72,75,6
80,806,Kingson,Unknown,0,28,Ghana,191,87,141,30,77,82,60,72,73,55,66,66,4
80,813,Appiah,Unknown,7,25,Ghana,178,77,84,74,66,75,88,83,80,80,73,67,5
80,820,Issah Ahmed,Unknown,3,24,Ghana,182,78,141,64,72,84,83,75,74,70,70,70,3
80,822,Sarpei,Unknown,4,30,Ghana,178,78,7,61,71,81,84,80,77,68,69,67,4
80,823,Habbib Mohammed,Unknown,4,22,Ghana,178,73,141,55,68,78,82,81,80,69,68,66,4
80,830,Yobo,Unknown,3,26,Nigeria,188,77,90,63,82,77,80,86,85,77,69,74,6
80,831,Enakahire,Unknown,3,23,Nigeria,184,76,111,49,76,83,80,77,74,70,70,73,4
80,832,Odiah,Unknown,4,22,Nigeria,183,75,8,68,65,78,82,83,80,73,71,67,4
80,840,Ejide,Unknown,0,22,Nigeria,190,90,141,30,73,85,58,69,64,42,68,64,4
80,842,Udeze,Unknown,4,26,Nigeria,179,70,141,63,74,80,83,82,76,69,68,68,4
80,852,Marlin,Unknown,0,30,South Africa,183,80,141,30,78,82,60,65,68,43,75,75,4
80,860,Vilakazi,Unknown,9,24,South Africa,168,57,141,73,60,65,85,82,81,80,74,70,5
80,863,Joseph,Unknown,0,26,South Africa,184,79,141,30,76,78,58,69,73,55,68,67,4
80,874,Raselemane,Unknown,12,28,South Africa,180,61,141,75,33,80,79,81,83,75,70,65,4
80,881,Mamam,Unknown,8,25,Togo,171,68,141,73,52,69,78,81,78,81,67,67,4
80,885,Kader,Unknown,12,27,Togo,174,74,141,75,32,80,83,79,84,84,71,70,5
80,892,Aziawonou,Unknown,5,26,Togo,182,84,94,73,63,84,85,74,72,82,70,75,4
80,896,Olufade,Unknown,10,26,Togo,170,75,141,74,29,74,80,84,82,76,68,63,4
80,904,Bouazizi,Unknown,5,33,Tunisia,177,76,141,66,68,75,91,76,79,78,80,76,5
80,910,Kasraoui,Unknown,0,23,Tunisia,192,87,141,30,77,86,61,65,67,48,67,64,4
80,932,Mesén,Unknown,0,33,Costa Rica,180,80,141,32,77,82,58,67,69,46,73,72,4
80,947,Salcido,Unknown,3,26,Mexico,174,70,8,56,82,80,88,74,76,73,75,81,5
80,958,F. Rodríguez,Unknown,3,25,Mexico,191,80,141,54,77,84,82,74,72,70,73,73,4
80,964,Zinha,Unknown,9,30,Mexico,163,66,141,76,58,71,80,76,78,85,73,81,7
80,966,Fonseca,Unknown,12,27,Mexico,184,79,70,79,45,84,78,78,77,82,73,68,5
80,968,Sancho,Unknown,3,29,Trinidad and Tobago,185,84,141,51,74,85,80,76,72,63,65,62,3
80,970,Gray,Unknown,4,29,Trinidad and Tobago,173,74,141,62,65,75,80,85,83,73,66,66,3
80,971,Avery John,Unknown,3,31,Trinidad and Tobago,183,77,141,53,72,81,79,76,72,65,63,67,4
80,980,Andrews,Unknown,3,30,Trinidad and Tobago,187,82,141,54,77,85,77,68,66,67,73,68,5
80,982,Charles,Unknown,4,29,Trinidad and Tobago,188,84,141,59,67,83,76,82,75,70,63,62,4
80,987,Scotland,Unknown,10,27,Trinidad and Tobago,175,74,141,72,39,73,76,86,86,76,61,60,3
80,1000,McBride,Unknown,12,34,United States,184,80,45,80,38,81,77,77,78,80,74,75,5
80,1005,Conrad,Unknown,3,29,United States,188,84,141,51,76,86,75,70,73,65,72,75,4
80,1016,Burdisso,Unknown,3,25,Argentina,182,81,12,58,82,80,80,76,74,73,69,78,4
80,1018,Mascherano,Unknown,5,22,Argentina,178,77,62,70,78,77,86,80,80,80,75,82,5
80,1035,Cruz,Unknown,12,32,Argentina,190,76,34,86,49,83,82,74,75,82,74,85,6
80,1068,Luis Jimenez,Unknown,9,22,Chile,182,75,141,76,38,75,78,80,81,86,66,69,4
80,1069,Navia,Unknown,12,28,Chile,172,70,141,79,46,81,81,80,82,78,75,70,5
80,1076,Maldonado,Unknown,5,26,Chile,174,74,141,67,74,70,86,77,75,81,73,77,6
80,1081,Galaz,Unknown,12,29,Chile,176,73,141,78,40,72,78,80,84,85,66,69,5
80,1085,Orozco,Unknown,3,27,Colombia,182,73,141,62,77,80,83,77,73,72,68,69,5
80,1101,Patino,Unknown,8,28,Colombia,183,84,141,78,58,80,84,79,75,85,68,67,4
80,1107,G. Espinoza,Unknown,3,29,Ecuador,186,85,141,50,78,87,80,76,68,69,72,71,5
80,1112,Valencia,Unknown,8,21,Ecuador,180,77,1,73,45,78,80,81,81,80,63,69,4
80,1113,Méndez,Unknown,8,27,Ecuador,175,68,120,76,55,83,82,83,76,77,70,69,5
80,1114,Delgado,Unknown,12,31,Ecuador,187,82,141,84,38,86,80,74,76,78,69,61,5
80,1116,Villafuerte,Unknown,0,27,Ecuador,175,65,141,35,78,74,61,69,72,48,70,72,4
80,1119,Perlaza,Unknown,3,25,Ecuador,193,77,141,59,73,89,76,75,73,70,68,68,5
80,1124,Lara,Unknown,9,26,Ecuador,162,60,141,75,44,65,78,80,85,84,66,73,4
80,1130,Gamarra,Unknown,3,35,Paraguay,180,75,141,47,85,82,76,70,76,70,76,80,6
80,1132,Toledo,Unknown,4,30,Paraguay,182,78,141,69,67,80,80,82,79,69,65,72,4
80,1137,Santa Cruz,Unknown,12,25,Paraguay,191,88,5,80,45,78,75,82,81,82,70,77,6
80,1138,Haedo Valdez,Unknown,12,22,Paraguay,178,71,84,79,28,80,78,80,87,76,71,65,7
80,1141,Manzur,Unknown,3,25,Paraguay,187,83,141,54,76,84,80,74,74,66,68,71,5
80,1147,J. D. Santos,Unknown,9,23,Paraguay,189,77,5,75,45,84,78,76,75,86,68,71,5
80,1154,Galliquio,Unknown,3,27,Peru,180,80,141,65,76,84,81,82,78,70,69,65,5
80,1159,Cominges,Unknown,9,23,Peru,187,78,141,75,41,82,75,77,76,85,67,68,5
80,1161,Guerrero,Unknown,12,22,Peru,184,80,13,79,32,76,76,84,82,81,76,70,6
80,1162,E. Delgado,Unknown,0,24,Peru,190,88,141,35,76,80,61,60,65,52,61,64,4
80,1163,Acasiete,Unknown,3,28,Peru,177,72,141,51,76,75,82,77,75,67,73,69,5
80,1173,Ross,Unknown,12,20,Peru,178,65,141,73,33,76,75,87,85,80,61,62,4
80,1177,Diogo,Unknown,4,23,Uruguay,185,79,118,73,65,83,85,80,77,75,68,69,5
80,1191,Giacomazzi,Unknown,7,28,Uruguay,187,77,141,76,60,82,80,78,74,80,70,75,5
80,1192,Varela,Unknown,8,28,Uruguay,178,74,52,70,64,71,83,84,79,80,66,68,5
80,1196,Abreu,Unknown,12,30,Uruguay,190,84,141,79,34,84,84,78,79,74,68,70,4
80,1197,Mirzapour,Unknown,0,28,Iran,195,85,141,30,80,88,64,73,72,35,66,67,5
80,1226,H. Nakata,Unknown,7,29,Japan,175,72,141,76,62,85,87,77,74,84,82,85,7
80,1246,Dokhi,Unknown,4,30,Saudi Arabia,178,70,141,67,60,70,86,82,81,72,69,65,5
80,1267,Choi Jin Cheul,Unknown,3,35,South Korea,187,77,141,52,80,83,80,71,72,66,70,69,4
80,1274,Lee Chun Soo,Unknown,10,25,South Korea,172,64,121,75,39,80,81,85,84,69,70,65,5
80,1278,Kim Yong Dae,Unknown,0,27,South Korea,189,83,141,30,78,79,65,63,67,48,65,65,4
80,1282,Kim Dong Jin,Unknown,4,24,South Korea,183,74,141,69,72,81,80,79,78,72,68,67,4
80,1290,Moore,Unknown,3,30,Australia,185,76,81,54,80,82,80,72,70,70,77,80,4
80,1293,Grella,Unknown,5,27,Australia,182,79,99,72,65,80,86,75,76,82,70,80,5
80,1307,Skoko,Unknown,7,30,Australia,177,77,1,73,61,80,86,75,76,77,71,70,5
80,1308,Sterjovski,Unknown,11,27,Australia,181,81,141,77,42,72,83,78,80,80,71,79,6
80,1330,Robson,Unknown,9,29,England,180,75,141,85,58,86,94,78,77,75,98,86,5
80,1340,Genghini,Unknown,9,24,France,179,78,141,75,70,76,86,78,76,83,80,87,5
80,1351,Fernandez,Unknown,5,24,France,179,77,141,62,77,72,88,75,77,83,72,82,6
80,1365,Overath,Unknown,9,30,Germany,176,71,141,82,58,79,85,73,71,83,85,84,7
80,1367,Holzenbein,Unknown,12,28,Germany,176,65,141,85,48,69,77,85,84,85,78,81,7
80,1395,Almelini,Unknown,5,27,Italy,180,77,141,73,75,72,77,74,69,85,85,87,8
80,1405,Rijsbergen,Unknown,3,22,Netherlands,180,80,141,60,81,81,82,77,76,75,72,78,5
80,1423,Muhren,Unknown,9,37,Netherlands,182,76,141,84,58,72,80,72,73,85,83,90,7
80,1442,Gallego,Unknown,5,23,Argentina,170,70,141,80,68,81,88,71,74,78,85,80,6
80,1453,Carlos Alberta,Unknown,4,26,Brazil,180,77,141,80,70,76,84,80,73,76,82,95,6
80,1456,Gerson,Unknown,9,29,Brazil,170,69,141,83,60,74,82,70,72,88,95,83,8
80,1463,Junior,Unknown,4,28,Brazil,174,70,74,80,55,72,84,85,82,83,78,78,7
80,1479,Hoyte,Unknown,4,21,England,180,70,54,64,70,75,85,84,80,69,65,63,4
80,1482,Lauren,Unknown,8,29,Cameroon,180,71,40,74,66,81,87,82,81,76,72,84,6
80,1484,Julio Baptista,Unknown,9,25,Brazil,183,72,40,83,55,89,84,82,76,83,68,71,5
80,1486,Cygan,Unknown,3,32,France,192,83,100,58,82,86,76,66,65,70,72,75,5
80,1487,Paolo Cannavaro,Unknown,3,25,Italy,185,80,128,54,76,83,83,80,76,73,66,72,4
80,1493,Barry,Unknown,8,25,England,183,79,19,73,66,80,84,78,82,75,71,72,6
80,1508,Bentley,Unknown,8,22,England,175,68,78,75,42,65,72,79,80,82,74,67,4
80,1527,Ben Haim,Unknown,3,24,Israel,180,74,56,50,78,84,80,73,67,69,72,72,5
80,1529,Hunt,Unknown,4,23,England,185,86,56,63,69,84,84,74,76,67,72,68,4
80,1555,Domizzi,Unknown,3,26,Italy,190,82,128,62,76,80,81,76,74,75,73,76,5
80,1557,Traoré,Unknown,4,26,Mali,187,78,29,58,80,81,83,80,73,78,62,55,4
80,1559,J. Thomas,Unknown,10,23,England,185,83,48,74,35,77,83,80,83,77,68,65,5
80,1581,Osman,Unknown,9,25,England,172,68,90,74,40,72,80,78,80,82,67,67,6
80,1586,Lescott,Unknown,3,24,England,188,83,90,46,78,83,84,76,78,69,71,65,4
80,1587,Naysmith,Unknown,4,27,Scotland,172,74,90,70,64,69,87,84,83,71,69,65,5
80,1600,Pearce,Unknown,3,32,England,191,99,45,60,73,90,77,65,66,64,75,70,4
80,1601,Rosenior,Unknown,4,22,England,178,78,45,64,68,75,86,82,81,75,70,70,4
80,1609,Knight,Unknown,3,26,England,199,102,45,57,77,92,80,74,73,70,68,74,3
80,1640,Elano,Unknown,9,25,Brazil,174,65,21,78,63,76,86,78,78,80,70,80,7
80,1643,Corradi,Unknown,12,30,Italy,189,89,115,82,45,89,82,79,75,79,72,80,5
80,1646,Micah Richards,Unknown,4,18,England,186,70,74,66,72,83,79,83,82,75,59,67,4
80,1667,Richardson,Unknown,8,22,England,170,71,34,75,59,73,78,82,80,80,68,65,5
80,1673,Woodgate,Unknown,3,26,England,188,80,3,53,83,82,79,77,76,72,66,69,6
80,1677,James Morrison,Unknown,8,20,England,178,64,3,70,56,71,78,82,83,80,65,65,5
80,1681,Riggott,Unknown,3,26,England,183,78,3,63,80,84,78,76,72,67,73,74,5
80,1685,Arca,Unknown,7,25,Argentina,183,69,3,76,71,72,83,75,76,87,78,82,7
80,1724,O'Neil,Unknown,9,23,England,173,61,26,74,54,70,80,79,80,80,73,66,5
80,1725,Mornar,Unknown,12,32,Croatia,183,78,26,79,49,83,84,78,70,78,77,62,5
80,1744,Stack,Unknown,0,25,Ireland,189,79,72,30,76,83,58,68,67,48,69,65,4
80,1757,Morgan,Unknown,3,28,England,185,78,77,55,75,85,83,70,71,68,78,73,5
80,1765,Hulse,Unknown,12,27,England,185,76,77,75,39,78,81,83,86,74,69,71,4
80,1766,Bennett,Unknown,0,35,England,183,81,77,30,82,83,58,62,65,46,72,75,5
80,1784,Ifill,Unknown,8,27,England,183,80,77,75,47,72,85,82,84,79,64,69,6
80,1794,Gardner,Unknown,3,26,England,196,82,53,58,76,88,82,75,71,70,62,70,5
80,1803,Fülöp,Unknown,0,23,Hungary,197,92,53,30,76,81,57,66,67,48,70,68,4
80,1812,Stewart,Unknown,4,24,England,183,78,132,73,55,75,82,84,80,80,68,71,4
80,1837,Konchesky,Unknown,4,25,England,178,73,94,70,70,74,82,83,81,81,69,69,5
80,1846,Etherington,Unknown,8,25,England,178,71,116,74,45,72,77,81,83,80,69,74,5
80,1847,De Zarbi,Unknown,9,27,Italy,175,67,128,75,46,73,76,75,77,85,74,72,5
80,1849,C. Cole,Unknown,12,22,England,191,78,98,81,35,80,71,87,86,82,62,66,4
80,1863,Filan,Unknown,0,36,Australia,188,94,1,30,81,85,58,60,62,42,77,73,5
80,1895,Faubert,Unknown,8,23,France,180,75,111,67,62,73,80,87,83,74,65,68,4
80,1911,Francia,Unknown,8,21,Argentina,179,71,111,74,45,73,79,81,80,83,65,67,5
80,1922,Matsui,Unknown,9,25,Japan,174,67,107,75,45,72,80,75,77,84,68,67,6
80,1948,Cousin,Unknown,12,29,Gabon,187,82,109,80,35,86,76,79,70,80,70,75,5
80,1967,Bodmer,Unknown,5,23,France,190,88,103,74,63,80,82,75,74,81,70,72,6
80,1971,Tavlaridis,Unknown,3,26,Greece,186,83,103,45,80,86,81,71,68,68,70,79,5
80,1989,Ciani,Unknown,3,22,France,189,88,116,53,71,86,76,74,69,67,67,68,4
80,1994,Fiorèse,Unknown,10,31,France,174,70,116,76,33,72,70,81,86,80,60,65,5
80,2012,Cacapa,Unknown,3,30,Brazil,180,77,122,53,79,86,78,75,72,69,80,74,5
80,2020,Ben Arfa,Unknown,9,19,France,180,69,53,70,33,64,74,82,82,81,62,63,4
80,2029,Beye,Unknown,4,29,Senegal,182,79,64,60,78,82,84,80,75,75,79,80,5
80,2039,Valbuena,Unknown,9,22,France,167,58,64,70,52,80,81,82,84,84,85,82,3
80,2040,Nasri,Unknown,9,19,France,177,75,64,75,35,73,75,82,82,86,62,64,6
80,2052,Gakpe,Unknown,8,19,France,176,68,31,73,44,72,79,82,80,79,63,66,4
80,2054,Warmuz,Unknown,0,36,France,187,85,31,30,80,80,60,64,68,55,69,73,5
80,2067,Puygrenier,Unknown,3,24,France,187,88,133,56,75,82,78,75,69,69,71,70,4
80,2094,Signorino,Unknown,4,25,France,175,68,60,72,70,72,85,84,81,72,71,71,5
80,2098,Heurtebis,Unknown,0,31,France,181,73,60,30,78,79,63,65,67,51,76,75,4
80,2101,Da Rocha,Unknown,8,32,France,177,72,30,74,50,80,83,78,82,81,73,85,4
80,2116,Vahirua,Unknown,11,26,France,172,63,108,82,36,67,80,83,84,80,74,80,6
80,2123,Drissa Diakité,Unknown,4,21,Mali,176,69,108,65,65,73,83,83,82,72,66,66,5
80,2124,Ederson,Unknown,8,20,Brazil,181,74,108,78,51,72,77,83,80,84,72,77,6
80,2138,P. A. Frau,Unknown,12,26,France,175,72,36,81,35,69,83,90,83,78,68,73,5
80,2144,C. Rodríguez,Unknown,8,21,Uruguay,175,72,36,71,51,68,78,82,80,77,65,65,4
80,2151,Boskovic,Unknown,9,26,Serbia and Montenegro,184,78,36,74,46,72,75,80,82,84,65,69,5
80,2152,Pouplin,Unknown,0,21,France,187,79,101,30,77,81,60,63,66,47,67,69,4
80,2161,Briand,Unknown,12,21,France,180,80,101,73,35,73,83,84,82,80,66,63,4
80,2175,Hognon,Unknown,3,32,France,183,75,43,55,81,82,78,72,70,66,74,73,5
80,2177,Diatta,Unknown,3,31,Senegal,183,76,43,50,78,82,83,73,74,68,76,72,5
80,2228,Isabey,Unknown,8,31,France,169,63,134,75,40,69,88,86,80,75,75,75,6
80,2241,Zairi,Unknown,12,24,Morocco,183,78,60,76,40,81,76,82,81,84,66,75,6
80,2250,Le Tallec,Unknown,9,22,France,184,73,134,75,45,71,77,80,82,86,68,68,5
80,2260,Mansare,Unknown,12,25,Guinea,179,70,102,75,34,80,78,81,80,76,70,70,4
80,2278,Lachuer,Unknown,9,34,France,178,73,106,76,57,79,86,78,78,81,80,82,6
80,2295,Obaddi,Unknown,9,23,France,172,65,106,70,53,66,81,78,82,83,65,63,4
80,2305,Savidan,Unknown,12,28,France,177,75,115,80,35,77,81,77,82,76,70,68,4
80,2325,Giampà,Unknown,8,29,Italy,168,63,22,73,56,71,85,84,85,75,72,76,5
80,2347,Calderoni,Unknown,0,30,Italy,182,77,114,30,78,79,64,68,73,50,76,68,5
80,2350,Conteh,Unknown,4,28,Sierra Leone,185,78,114,60,70,78,81,82,80,70,66,69,4
80,2358,Chimenti,Unknown,0,36,Italy,184,77,126,30,81,79,57,66,72,45,73,68,5
80,2379,Sottil,Unknown,3,32,Italy,185,75,42,55,77,83,81,74,71,68,71,66,4
80,2400,Mandelli,Unknown,3,29,Italy,190,84,87,45,76,86,80,73,72,67,72,75,4
80,2402,Moro,Unknown,4,31,Italy,180,73,87,67,72,80,85,77,76,69,74,83,5
80,2404,Giunti,Unknown,9,35,Italy,179,70,87,76,72,73,87,73,72,86,76,76,6
80,2405,Brighi,Unknown,7,25,Italy,179,78,87,70,67,78,85,76,78,82,67,74,5
80,2410,Squizzi,Unknown,0,32,Italy,192,86,87,30,77,80,60,67,68,48,72,70,4
80,2419,Amauri,Unknown,11,26,Brazil,186,83,82,76,42,86,80,81,77,85,70,70,5
80,2427,Balli,Unknown,0,39,Italy,180,70,65,30,77,73,58,68,70,54,72,72,4
80,2450,Dainelli,Unknown,3,27,Italy,183,75,37,56,84,82,78,70,76,69,75,75,5
80,2452,Donadel,Unknown,7,23,Italy,179,73,38,68,66,73,84,74,76,82,70,73,5
80,2455,Pazzini,Unknown,12,22,Italy,180,74,37,78,34,78,84,79,83,76,68,72,6
80,2462,Do Prado,Unknown,11,24,Brazil,190,78,37,69,39,79,75,82,78,82,68,60,3
80,2464,Reginaldo,Unknown,12,23,Brazil,175,72,37,78,36,75,81,80,81,78,70,69,4
80,2466,Avramov,Unknown,0,27,Serbia and Montenegro,187,75,37,30,77,85,62,64,66,50,71,70,5
80,2473,Maicon,Unknown,4,25,Brazil,184,83,131,73,62,81,86,82,80,78,66,76,5
80,2475,Maxwell,Unknown,4,25,Brazil,175,73,63,77,64,74,87,83,78,83,72,82,5
80,2486,Mauri,Unknown,9,26,Italy,184,77,80,76,56,80,86,79,72,80,72,78,6
80,2488,Ballotta,Unknown,0,42,Italy,181,77,80,30,82,83,64,67,65,53,75,73,6
80,2501,Galante,Unknown,3,32,Italy,185,80,81,58,80,81,79,74,73,70,73,73,5
80,2517,A. Filippini,Unknown,8,33,Italy,168,66,81,72,67,74,91,82,81,75,73,80,5
80,2518,Vigiani,Unknown,9,30,Italy,182,75,120,75,54,74,85,82,82,79,74,75,6
80,2529,Floccari,Unknown,12,24,Italy,178,74,24,72,34,78,83,82,83,80,74,76,5
80,2544,D. Simic,Unknown,3,30,Croatia,180,76,14,58,83,82,81,76,77,74,75,76,5
80,2547,Bonera,Unknown,3,25,Italy,183,74,98,62,82,83,84,77,74,73,71,80,5
80,2554,Fiori,Unknown,0,37,Italy,185,75,68,30,82,78,58,63,66,45,72,62,6
80,2555,Ferreira Pinto,Unknown,10,27,Italy,178,70,114,77,51,72,75,85,87,72,62,77,4
80,2557,Amoroso,Unknown,12,32,Brazil,180,69,37,82,30,74,73,84,81,84,62,78,5
80,2561,Corini,Unknown,5,36,Italy,173,67,74,80,65,73,83,73,70,85,78,93,7
80,2562,Fabio Simplicio,Unknown,7,27,Brazil,171,75,82,70,69,75,87,80,80,80,68,82,5
80,2563,Diana,Unknown,8,28,Italy,180,72,82,77,65,74,88,80,78,79,75,88,6
80,2568,Biava,Unknown,3,29,Italy,180,73,82,46,77,82,80,74,72,65,76,80,5
80,2587,Budan,Unknown,12,26,Croatia,185,80,99,77,35,84,80,78,73,78,73,78,5
80,2598,Kutuzov,Unknown,12,26,Belarus,183,83,99,77,43,79,76,82,83,82,70,76,5
80,2599,Muslimovic,Unknown,12,25,Bosnia and Herzegovina,189,83,99,77,32,82,81,77,78,76,67,72,5
80,2612,Campagnolo,Unknown,0,28,Italy,184,78,120,30,77,82,62,66,69,52,69,70,5
80,2629,Ferrari,Unknown,3,27,Italy,183,77,79,58,79,81,83,81,82,70,67,68,3
80,2642,Castellazzi,Unknown,0,31,Italy,191,83,125,30,82,83,63,69,69,47,69,68,5
80,2644,Sala,Unknown,3,32,Italy,188,81,125,59,80,85,76,70,67,71,80,75,5
80,2645,Zenoni,Unknown,4,29,Italy,182,72,125,66,70,80,85,82,75,76,72,80,6
80,2646,Accardi,Unknown,4,24,Italy,182,71,125,47,75,72,85,83,80,70,68,73,5
80,2654,Maggio,Unknown,4,24,Italy,182,73,125,69,68,74,86,81,80,73,72,72,6
80,2661,Bazzani,Unknown,12,30,Italy,185,82,125,80,35,86,80,74,73,79,76,72,6
80,2667,Bertotto,Unknown,3,32,Italy,180,76,95,60,82,80,80,77,74,73,78,82,5
80,2671,Alberto ,Unknown,8,31,Brazil,181,76,86,72,60,73,82,82,75,80,68,72,5
80,2672,Candela,Unknown,4,33,France,180,76,95,72,68,78,85,77,79,80,67,83,6
80,2678,D'Aversa,Unknown,5,31,Italy,185,75,24,72,64,82,81,75,73,80,70,74,5
80,2692,Music,Unknown,8,33,Bosnia and Herzegovina,169,72,83,72,55,73,76,83,83,78,72,67,5
80,2694,Stellone,Unknown,12,29,Italy,184,81,83,77,38,84,79,80,74,80,73,72,4
80,2696,Franceschini,Unknown,3,29,Italy,188,79,83,48,77,86,80,72,72,67,72,74,5
80,2710,Oguro,Unknown,12,26,Japan,177,74,83,78,39,72,81,78,82,83,73,76,5
80,2712,Natali,Unknown,3,27,Italy,186,78,38,55,82,86,82,75,75,69,73,75,5
80,2715,Motta,Unknown,4,20,Italy,183,76,59,68,68,79,82,82,76,75,65,73,5
80,2716,Pinzi,Unknown,7,25,Italy,180,73,38,66,72,75,88,82,81,76,76,74,5
80,2757,Emanuelson,Unknown,4,20,Netherlands,176,68,14,71,60,72,84,83,82,76,68,69,4
80,2767,Krohn Dehli,Unknown,10,23,Denmark,170,70,44,71,42,70,78,81,82,78,69,65,4
80,2768,De Mul,Unknown,10,20,Belgium,180,69,67,69,45,69,73,78,84,77,63,63,3
80,2770,Opdam,Unknown,3,30,Netherlands,187,80,29,63,78,85,84,70,66,68,78,81,5
80,2817,Lucius,Unknown,7,29,Netherlands,183,79,62,71,66,80,87,78,76,79,77,83,5
80,2818,Hofs,Unknown,7,23,Netherlands,171,72,15,76,54,66,85,78,80,80,69,79,5
80,2820,Lodewijks,Unknown,0,39,Netherlands,184,80,15,30,83,80,59,65,60,43,75,75,6
80,2831,Oscar Trejo,Unknown,9,20,Argentina,180,79,69,73,39,75,77,80,83,81,66,63,4
80,2832,Roorda,Unknown,0,33,Netherlands,191,83,135,30,77,89,56,62,60,49,72,66,3
80,2838,Lovre,Unknown,9,24,Serbia and Montenegro,189,82,135,71,59,83,83,77,76,83,72,75,5
80,2843,Van Loo,Unknown,0,31,Netherlands,198,93,135,30,80,87,59,62,63,47,74,70,5
80,2859,Pranjic,Unknown,8,24,Croatia,170,68,12,72,50,63,80,83,82,76,69,65,5
80,2892,Boakye,Unknown,4,21,Ghana,175,70,131,55,68,80,85,81,81,72,65,64,4
80,2929,Boutahar,Unknown,9,24,Netherlands,172,72,124,76,45,65,78,75,81,84,68,69,4
80,2930,Niedzielan,Unknown,12,27,Poland,180,76,124,78,40,75,79,82,84,80,70,68,5
80,2939,Grot,Unknown,12,23,Netherlands,186,78,136,72,33,82,76,83,80,80,64,60,4
80,2945,Afellay,Unknown,9,20,Netherlands,181,72,30,72,54,70,79,83,82,82,65,64,4
80,2950,Lamey,Unknown,4,26,Netherlands,186,79,43,70,60,80,84,82,78,73,72,72,4
80,2954,Beerens,Unknown,10,18,Netherlands,176,74,119,70,35,67,74,80,85,78,63,63,4
80,2956,Diego Tardelli,Unknown,12,21,Brazil,179,72,35,73,35,70,78,82,84,84,60,65,4
80,2957,Van Dijk,Unknown,0,37,Netherlands,194,92,129,30,83,86,56,58,60,40,75,74,4
80,2959,Teixeira,Unknown,3,33,Netherlands,186,85,129,42,74,84,80,66,67,68,70,69,4
80,2970,Keller,Unknown,3,27,Switzerland,190,88,129,53,75,86,79,72,69,67,71,72,5
80,3001,Ramzi,Unknown,8,29,Morocco,179,73,137,75,54,74,80,79,81,80,71,68,5
80,3007,Obodai,Unknown,9,24,Ghana,173,67,112,67,66,74,88,82,81,76,72,70,4
80,3011,Anastasiou,Unknown,12,33,Greece,185,85,112,79,33,83,80,74,77,74,75,75,6
80,3022,Boschker,Unknown,0,36,Netherlands,184,87,127,30,81,82,63,63,65,44,72,72,4
80,3025,Wielaert,Unknown,3,27,Netherlands,178,72,127,60,72,80,82,76,76,69,72,74,6
80,3030,Touma,Unknown,10,27,Sweden,178,71,127,73,45,69,78,82,85,79,68,69,5
80,3031,Gakhokidze,Unknown,10,30,Georgia,182,85,127,78,52,80,81,80,86,78,66,68,4
80,3033,Paauwe,Unknown,0,28,Netherlands,194,88,127,30,80,86,56,65,60,45,65,68,4
80,3057,Broerse,Unknown,3,27,Netherlands,184,83,17,65,70,82,88,75,77,75,70,76,4
80,3075,Lazovic,Unknown,12,23,Serbia and Montenegro,184,82,16,77,37,75,77,83,80,82,71,70,4
80,3082,Yakubu,Unknown,5,24,Ghana,178,64,16,60,70,73,86,86,82,70,64,68,6
80,3086,Rojer,Unknown,10,22,Netherlands,170,70,16,71,38,72,74,86,86,76,60,59,4
80,3135,Jorquera,Unknown,0,27,Spain,183,77,61,30,77,86,61,73,78,43,71,64,5
80,3138,Sylvinho,Unknown,4,32,Brazil,173,66,34,76,70,71,86,83,82,82,79,81,5
80,3167,Fernando,Unknown,9,27,Spain,181,76,67,78,55,78,81,77,78,83,74,80,7
80,3168,Capi,Unknown,9,29,Spain,182,75,67,77,60,77,78,77,80,85,72,74,6
80,3179,Nene,Unknown,8,25,Brazil,181,70,92,73,49,73,77,83,81,80,67,64,4
80,3180,Canobbio,Unknown,9,26,Uruguay,179,75,92,76,54,73,78,77,81,82,68,60,4
80,3193,Aouate,Unknown,0,29,Israel,188,83,119,30,80,80,65,66,69,50,71,75,4
80,3194,Juanma,Unknown,3,29,Spain,180,82,119,51,80,81,81,74,74,70,73,73,5
80,3237,Riera,Unknown,8,24,Spain,188,80,105,75,49,79,77,83,80,82,69,69,4
80,3238,Rufete,Unknown,8,29,Spain,178,72,105,77,59,77,86,81,80,79,74,74,7
80,3267,Campano,Unknown,8,27,Spain,178,67,123,73,57,74,81,78,80,82,70,72,5
80,3269,Portillo,Unknown,12,24,Spain,180,70,123,79,34,75,77,80,83,78,76,65,5
80,3301,Uche,Unknown,12,22,Nigeria,178,71,130,76,43,79,76,84,83,77,63,59,4
80,3311,Mustapha,Unknown,10,25,Netherlands,178,70,75,76,36,75,81,81,80,81,68,66,4
80,3315,César Martín,Unknown,3,29,Spain,185,81,75,56,82,85,74,73,68,69,68,73,5
80,3322,Kapo,Unknown,8,26,France,187,84,75,77,50,81,77,78,80,84,65,67,5
80,3326,Luccin,Unknown,5,27,France,178,67,20,69,73,75,85,69,70,86,69,78,5
80,3356,Doni,Unknown,9,33,Italy,185,76,114,78,54,81,77,78,72,86,66,73,6
80,3383,Cruchaga,Unknown,3,32,Spain,184,82,97,57,82,83,80,73,70,71,74,80,6
80,3392,Calatayud,Unknown,0,26,Spain,191,81,139,30,80,82,65,64,63,41,70,68,5
80,3435,Novo,Unknown,8,28,Spain,184,76,51,76,60,80,80,77,81,81,68,76,5
80,3439,Kovacevic,Unknown,12,32,Serbia and Montenegro,188,79,51,87,36,91,76,73,74,82,75,76,6
80,3445,Renato,Unknown,5,27,Brazil,177,71,47,70,73,73,82,80,78,84,72,75,6
80,3447,Daniel Alves,Unknown,4,23,Brazil,171,64,61,76,60,70,84,81,84,79,65,68,4
80,3452,Aitor Ocio,Unknown,3,29,Spain,187,79,47,51,81,82,80,76,68,70,75,66,5
80,3464,Del Horno,Unknown,4,25,Spain,182,72,89,75,69,77,83,80,76,73,77,78,5
80,3476,Angulo,Unknown,12,29,Spain,180,74,83,80,50,75,83,82,79,82,71,89,6
80,3477,Morientes,Unknown,12,30,Spain,186,79,65,85,39,83,78,78,76,84,79,66,6
80,3478,Mora,Unknown,0,33,Spain,185,88,10,30,82,83,58,60,64,48,73,75,4
80,3481,G. Rodríguez,Unknown,3,22,Argentina,182,79,100,62,85,80,82,78,80,75,72,75,5
80,3485,Cani,Unknown,9,25,Spain,180,75,100,75,55,78,80,77,79,83,70,77,5
80,3493,Tacchinardi,Unknown,5,31,Italy,187,77,100,64,78,84,82,74,70,82,82,80,5
80,3502,Juanfran,Unknown,4,30,Spain,183,78,118,72,68,78,84,80,76,83,65,76,4
80,3519,Deschacht,Unknown,4,25,Belgium,185,76,6,71,69,83,84,77,79,75,72,75,5
80,3531,Boussoufa,Unknown,11,22,Morocco,167,59,6,71,38,64,80,80,83,80,66,63,4
80,3536,Valgaeren,Unknown,3,30,Belgium,187,82,4,55,79,83,78,75,74,70,70,74,5
80,3543,De Cock,Unknown,4,30,Belgium,183,71,4,71,61,78,83,82,79,74,73,74,5
80,3558,Repka,Unknown,3,32,Czech Republic,184,80,141,55,79,81,82,73,66,69,63,69,5
80,3563,Jun,Unknown,12,23,Czech Republic,178,72,141,78,39,79,83,82,82,78,72,76,6
80,3593,Lahm,Unknown,4,22,Germany,170,62,8,74,61,72,85,84,83,78,70,80,5
80,3597,Victor,Unknown,12,32,Spain,166,66,122,79,40,68,81,82,84,85,67,73,6
80,3611,Okkas,Unknown,11,29,Cyprus,176,80,28,77,42,75,80,84,82,77,70,69,4
80,3614,Ouaddou,Unknown,3,27,Morocco,190,82,28,56,75,86,80,78,75,68,69,69,4
80,3630,Galinovic,Unknown,0,29,Croatia,195,94,32,30,77,83,62,66,65,46,71,69,5
80,3636,Romero,Unknown,9,28,Argentina,173,72,32,78,55,75,84,78,78,82,73,76,6
80,3637,Ebede,Unknown,0,26,Cameroon,188,88,32,30,75,82,63,68,65,51,70,68,4
80,3650,Zébina,Unknown,3,28,France,189,86,44,64,75,86,85,86,77,75,72,76,5
80,3654,Mirante,Unknown,0,23,Italy,188,78,41,30,79,83,60,66,68,53,67,60,4
80,3669,Hirschfeld,Unknown,0,28,Canada,185,91,86,30,75,86,60,63,61,47,70,70,4
80,3677,Hansen,Unknown,0,24,Norway,197,93,86,30,76,86,56,61,62,48,72,66,4
80,3692,Moreira,Unknown,0,24,Portugal,184,78,70,30,80,75,62,70,72,50,72,67,4
80,3696,Marco Ferreira,Unknown,8,28,Portugal,177,75,70,77,45,73,78,81,81,82,70,80,4
80,3717,Ibson,Unknown,7,22,Brazil,177,74,91,72,70,65,81,79,80,84,73,84,7
80,3720,Vieirinha,Unknown,8,20,Portugal,173,73,91,69,42,67,76,80,82,82,65,62,3
80,3725,João Paulo,Unknown,3,25,Portugal,180,81,91,56,75,82,79,76,71,66,74,75,5
80,3731,Tello,Unknown,8,27,Chile,170,68,88,72,59,65,82,80,81,82,67,69,4
80,3736,Alecsandro,Unknown,12,27,Brazil,180,76,88,80,40,78,75,81,80,82,70,70,4
80,3745,Nani,Unknown,10,19,Portugal,175,66,88,72,40,73,75,82,81,86,60,60,4
80,3746,Bueno,Unknown,12,26,Uruguay,178,72,88,80,32,75,81,82,81,81,70,65,5
80,3767,J. Rodriguez,Unknown,3,28,France,185,80,9,48,80,83,81,76,71,64,75,85,6
80,3782,Nacho Novo,Unknown,12,27,Spain,175,70,9,80,33,71,81,84,82,77,69,68,5
80,3801,Henchoz,Unknown,3,32,Switzerland,186,78,78,50,82,87,70,72,69,68,80,82,4
80,3815,M. Nobre,Unknown,12,26,Brazil,183,81,104,80,40,79,74,80,85,75,73,69,4
80,3827,Deivson,Unknown,12,21,Brazil,186,85,104,75,30,82,76,84,80,75,66,66,4
80,3828,Ricardinho,Unknown,5,30,Brazil,176,73,104,75,60,69,81,75,75,86,66,84,7
80,3842,Deivid,Unknown,12,27,Brazil,180,73,96,80,40,78,75,81,80,82,70,70,4
80,3852,Aykut Ercetin,Unknown,0,24,Turkey,187,80,30,30,79,78,56,60,63,43,66,66,5
80,3871,Fedorov,Unknown,3,31,Ukraine,184,74,85,59,77,82,80,75,73,69,74,78,5
80,3876,Lutsenko,Unknown,0,32,Ukraine,191,86,85,30,76,84,58,64,66,48,75,68,5
80,3901,Calvo,Unknown,4,25,Argentina,175,72,123,68,72,75,84,81,81,73,72,73,6
80,3903,Grandel,Unknown,0,28,France,184,88,33,30,76,82,61,64,66,52,67,67,4
80,3906,Alberto,Unknown,0,37,Spain,182,79,66,40,81,75,60,73,75,52,76,78,4
80,3917,Talamonti,Unknown,3,24,Argentina,182,78,114,52,77,79,80,75,74,70,70,71,5
80,3958,N'Gotty,Unknown,3,35,France,185,86,58,57,74,87,83,81,78,66,65,65,4
80,3963,Bendtner,Unknown,12,18,Denmark,194,94,58,76,40,83,79,78,76,80,76,77,5
80,3965,Doyle,Unknown,0,21,Ireland,196,84,58,34,77,82,63,65,69,51,74,68,4
80,3978,Naylor,Unknown,4,26,England,175,71,46,70,60,80,84,82,76,78,68,71,4
80,3998,Connolly,Unknown,12,29,Ireland,175,74,76,80,36,76,81,84,85,78,77,75,4
80,4007,Marx,Unknown,8,24,Germany,182,79,113,75,55,78,77,81,83,77,64,77,5
80,4018,Vata,Unknown,9,34,Albania,170,72,121,76,53,69,85,76,75,82,80,77,6
80,4055,B. Fernandez,Unknown,0,21,Germany,184,74,25,30,77,87,60,63,65,50,72,69,5
80,4058,Roque Júnior,Unknown,3,29,Brazil,186,73,25,60,80,84,82,74,74,72,71,68,4
80,4065,Freier,Unknown,9,26,Germany,180,74,25,73,47,74,80,83,85,77,67,64,5
80,4075,Agathe,Unknown,8,31,France,181,71,55,73,60,80,75,90,94,72,61,70,4
80,4079,Valdez,Unknown,12,22,Paraguay,178,71,66,79,28,80,78,80,87,76,71,65,4
80,4080,Bernd Meier,Unknown,0,34,Germany,194,93,66,30,78,84,57,63,65,47,76,74,6
80,4088,Ricken,Unknown,9,29,Germany,178,72,66,77,55,78,85,80,76,80,82,79,6
80,4102,Piplica,Unknown,0,38,Bosnia and Herzegovina,182,82,140,30,81,82,58,63,60,47,75,74,5
80,4103,Melka,Unknown,0,27,Germany,195,97,11,30,76,92,56,60,57,47,72,69,5
80,4113,Rafael,Unknown,12,22,Germany,180,75,11,78,30,82,75,80,85,87,68,70,5
80,4124,Thurk,Unknown,11,29,Germany,177,65,68,78,40,73,82,84,86,76,72,73,5
80,4138,Thoms,Unknown,0,24,Germany,181,79,140,30,81,91,55,60,65,47,77,70,5
80,4140,Kukielka,Unknown,3,29,Poland,183,81,140,45,78,82,80,72,70,70,73,75,5
80,4161,Schafer,Unknown,0,27,Germany,190,86,39,30,78,87,62,64,68,44,70,67,5
80,4162,Nikl,Unknown,3,30,Czech Republic,182,77,39,52,76,79,80,72,68,64,70,73,6
80,4170,Schroth,Unknown,12,31,Germany,193,85,39,81,40,86,82,80,73,80,76,79,6
80,4171,Saenko,Unknown,11,22,Russia,178,77,39,74,45,70,81,80,82,75,68,68,4
80,4183,Bogliacino,Unknown,7,26,Uruguay,177,72,128,67,62,75,84,77,76,83,68,74,4
80,4184,Wache,Unknown,0,32,Germany,194,95,110,30,81,86,65,58,60,48,72,70,5
80,4185,Noveski,Unknown,3,26,Macedonia,190,87,110,52,77,84,78,72,68,67,66,67,4
80,4193,Feulner,Unknown,8,24,Germany,181,73,110,73,48,74,82,83,80,79,68,62,4
80,4204,Szabics,Unknown,12,25,Hungary,180,75,110,78,48,81,80,79,81,74,73,76,5
80,4207,Kirschstein,Unknown,0,25,Germany,196,90,13,30,79,84,57,64,67,48,67,65,4
80,4208,Reinhardt,Unknown,3,30,Germany,194,92,13,58,79,89,77,69,67,69,66,69,4
80,4244,Andersson,Unknown,4,26,Sweden,173,72,18,66,72,77,80,83,85,73,77,74,6
80,4247,Schröter,Unknown,8,26,Germany,180,71,18,75,51,76,78,86,83,73,66,70,5
80,4251,Brdaric,Unknown,12,31,Germany,185,78,18,80,46,81,84,80,75,77,63,73,5
80,4259,Cairo,Unknown,12,27,Netherlands,178,76,23,74,34,85,82,80,75,75,69,63,5
80,4272,Neuendorf,Unknown,8,31,Germany,178,72,23,77,59,79,83,77,81,84,80,79,5
80,4300,Pia,Unknown,12,24,Brazil,178,68,128,75,38,70,81,85,86,79,65,66,5
80,4301,Delpierre,Unknown,3,25,France,193,86,49,57,81,85,80,77,70,69,72,72,5
80,4316,A. Da Silva,Unknown,5,27,Brazil,178,76,49,74,58,82,80,75,77,76,71,69,4
80,4320,Cacau,Unknown,12,25,Germany,179,71,49,82,45,76,80,84,85,77,65,72,4
80,4322,Skov Jensen,Unknown,0,35,Denmark,190,89,71,30,78,90,60,63,66,45,80,80,6
80,4323,Maltritz,Unknown,3,27,Germany,186,80,71,59,80,82,81,79,78,69,66,74,4
80,4330,Calaio,Unknown,12,24,Italy,179,72,128,76,53,74,86,78,81,84,73,70,6
80,4342,Auer,Unknown,12,24,Germany,186,83,71,78,43,85,80,81,78,76,78,80,5
80,4363,Zhirkov,Unknown,8,22,Russia,178,70,100,77,60,73,84,79,77,81,70,75,4
80,4378,Klimowicz,Unknown,12,32,Argentina,191,90,7,84,40,86,78,77,71,80,74,74,5
80,4388,Boakye,Unknown,12,23,Ghana,182,75,7,75,44,75,78,83,80,81,66,70,4
80,4437,X. Shaqiri,Unknown,8,18,Switzerland,168,74,141,71,37,77,72,79,83,81,63,60,4
80,4443,Hulk,Unknown,10,20,Brazil,180,77,141,78,34,83,74,80,84,79,71,64,5
80,4462,Douglas Costa,Unknown,10,18,Brazil,170,65,141,72,38,67,72,82,84,80,75,72,4
80,4469,O. Cardozo,Unknown,12,23,Paraguay,193,87,141,80,32,83,75,76,74,80,72,70,6
80,4498,Delvecchio,Unknown,12,33,Italy,186,80,74,82,59,84,83,82,76,83,75,83,6
80,4520,Signori,Unknown,12,26,Italy,171,68,141,88,36,75,70,78,83,85,88,80,6
80,4527,Ostlund,Unknown,4,27,Sweden,180,77,141,64,69,80,84,80,74,69,75,75,6
80,4532,Bergkamp,Unknown,11,37,Netherlands,183,79,141,88,42,81,72,78,76,95,80,92,8
80,4543,Giovanni,Unknown,12,34,Brazil,188,90,141,81,39,88,74,75,79,90,63,65,4
80,4547,Ziege,Unknown,4,25,Germany,186,82,84,77,62,78,84,80,76,78,76,78,7
80,4549,Falcáo,Unknown,11,29,Brazil,177,74,141,72,35,68,74,79,76,86,67,64,5
80,4560,Radebe,Unknown,3,37,South Africa,185,74,141,57,84,82,75,68,68,71,91,76,7
80,4565,Mihajlovic,Unknown,3,37,Serbia and Montenegro,185,75,141,72,80,82,73,68,67,80,78,78,7
80,4566,R. Zárate,Unknown,12,28,Argentina,182,80,141,81,29,83,78,78,79,81,69,68,5
80,4577,Thiago Silva,Unknown,3,21,Brazil,183,79,141,67,81,80,78,78,77,73,77,80,5
80,4578,K. Walker,Unknown,4,18,England,178,73,141,62,67,74,79,85,89,71,64,68,6
80,4583,P. Coutinho,Unknown,9,16,Brazil,171,72,141,67,41,72,76,78,80,85,66,65,6
80,4585,Isco,Unknown,9,18,Spain,176,74,141,71,40,72,79,73,77,90,67,71,5
80,4586,M. Fernandes,Unknown,7,20,Portugal,175,69,26,71,63,74,80,82,76,85,66,72,5
80,4588,"P.H. ""Ganso""",Unknown,9,18,Brazil,184,73,141,75,38,73,73,76,74,89,63,66,6
80,4591,Tore Andre Flo,Unknown,12,33,Norway,195,85,141,82,46,86,82,77,72,84,75,80,6
80,4595,A. Witsel,Unknown,8,19,Belgium,183,73,141,70,47,74,78,82,80,83,67,69,7
80,4608,Shaw,Unknown,8,19,England,168,58,141,85,48,62,78,85,81,76,64,61,4
80,4642,Schwarz,Unknown,12,19,Germany,190,85,141,85,23,85,69,74,76,81,91,69,6
80,4701,Griffiths,Unknown,10,19,Wales,183,80,141,78,51,65,65,82,85,80,60,43,6
80,4759,Solimar,Unknown,0,19,Brazil,196,87,141,18,83,75,48,33,66,58,89,63,5
80,4763,Shimizu,Unknown,9,19,Japan,160,52,141,81,48,61,73,83,83,85,94,81,7
79,4,Dober,Unknown,4,20,Austria,183,76,141,68,60,80,83,78,77,72,68,74,5
79,25,Hoefkens,Unknown,3,28,Belgium,185,82,141,58,75,81,82,73,72,69,73,74,4
79,28,Van der Heyden,Unknown,4,30,Belgium,183,80,7,74,58,80,82,81,78,70,68,75,5
79,30,Simons,Unknown,5,29,Belgium,186,79,31,62,80,85,85,75,78,73,85,85,7
79,32,Goor,Unknown,8,33,Belgium,183,76,39,79,57,79,85,77,74,85,75,81,7
79,36,Kompany,Unknown,2,20,Belgium,190,85,13,65,78,84,82,75,73,78,60,76,5
79,37,Vermaelen,Unknown,3,20,Belgium,182,75,14,58,75,80,80,75,73,67,62,75,6
79,39,Swerts,Unknown,4,24,Belgium,179,75,16,64,69,77,83,75,76,76,65,68,5
79,42,Caluwé,Unknown,8,28,Belgium,172,66,17,73,55,69,83,76,78,80,65,70,7
79,49,V. Iliev,Unknown,3,26,Bulgaria,185,80,141,54,77,80,78,75,74,70,69,73,5
79,54,Gargorov,Unknown,8,25,Bulgaria,167,61,141,75,53,66,80,76,80,81,68,62,4
79,60,Kirilov,Unknown,3,33,Bulgaria,183,76,141,53,78,81,77,76,68,68,73,81,5
79,69,Todorov,Unknown,12,28,Bulgaria,180,73,1,77,39,74,74,84,85,79,71,66,5
79,73,Simunic,Unknown,3,28,Croatia,195,89,23,55,82,92,77,72,69,66,68,64,5
79,78,Kranjcar,Unknown,9,22,Croatia,185,80,26,73,46,76,80,76,74,84,68,70,4
79,98,Galásek,Unknown,5,33,Czech Republic,180,77,33,63,80,78,83,76,75,76,75,92,6
79,108,Kovác,Unknown,3,26,Czech Republic,189,78,2,66,74,82,84,77,72,76,70,80,5
79,115,Lokvenc,Unknown,12,33,Czech Republic,196,95,141,80,43,88,74,75,71,83,72,77,5
79,135,Perez,Unknown,11,32,Denmark,182,79,52,80,40,73,80,78,80,83,73,81,6
79,137,Skoubo,Unknown,12,26,Denmark,190,81,51,80,40,85,77,74,74,81,70,75,6
79,169,Tainio,Unknown,9,26,Finland,175,69,53,71,63,71,82,77,77,81,75,73,5
79,171,Eremenko Jr.,Unknown,9,23,Finland,183,79,141,73,48,75,76,80,82,80,67,67,5
79,173,Kaven,Unknown,0,31,Finland,189,87,141,30,75,84,62,64,65,45,70,68,4
79,175,Pasanen,Unknown,3,26,Finland,187,86,27,54,79,83,77,74,66,74,71,68,4
79,184,Roiha,Unknown,12,26,Finland,180,75,59,76,35,79,82,82,80,76,72,68,4
79,208,Eleftheropoulos,Unknown,0,29,Greece,190,83,22,35,80,78,60,63,65,40,70,70,4
79,214,Schneider,Unknown,8,32,Germany,176,74,25,79,65,72,84,75,72,86,77,91,7
79,230,Hanke,Unknown,12,22,Germany,185,85,7,79,45,79,79,80,82,78,67,70,6
79,232,Goumas,Unknown,3,31,Greece,184,76,32,59,80,79,78,74,69,73,76,80,6
79,236,Basinas,Unknown,5,30,Greece,180,76,69,70,72,75,86,77,72,79,73,78,5
79,238,Katsouranis,Unknown,5,27,Greece,183,81,70,71,67,77,81,74,73,83,72,70,5
79,241,Vryzas,Unknown,12,32,Greece,188,88,141,78,45,82,81,75,77,80,73,75,6
79,242,Kotosolis,Unknown,0,27,Greece,190,85,141,30,73,84,60,64,63,44,66,64,4
79,245,Anatolakis,Unknown,3,32,Greece,185,79,28,53,80,80,76,74,73,68,75,72,5
79,247,Vindra,Unknown,4,25,Greece,184,76,32,60,71,81,82,79,77,68,68,69,6
79,251,Papadopoulos,Unknown,12,25,Greece,177,71,32,79,47,74,82,81,79,80,68,72,4
79,263,Gera,Unknown,9,27,Hungary,182,75,141,77,40,78,80,75,78,80,74,71,6
79,264,Torghelle,Unknown,12,24,Hungary,186,76,141,75,30,78,80,75,79,77,72,73,5
79,283,O'Shea,Unknown,3,25,Ireland,191,75,33,66,75,86,86,75,74,77,74,82,5
79,284,Andy Reid,Unknown,8,24,Ireland,170,73,48,75,46,75,77,78,76,80,68,65,6
79,289,Henderson,Unknown,0,23,Ireland,180,74,141,30,76,80,59,68,72,45,68,65,4
79,298,Stephen Elliott,Unknown,12,22,Ireland,173,73,76,77,44,70,78,78,81,79,67,68,4
79,304,Grosso,Unknown,4,28,Italy,190,82,69,74,69,82,86,79,71,83,72,78,5
79,335,Smirnovs,Unknown,3,30,Latvia,186,82,141,45,73,83,80,72,70,65,67,75,4
79,340,Visnakovs,Unknown,8,22,Latvia,172,70,141,70,45,62,78,84,80,75,64,63,4
79,353,Cocu,Unknown,7,35,Netherlands,182,75,34,72,85,84,82,74,73,81,90,99,8
79,360,Jaliens,Unknown,4,28,Netherlands,183,68,29,60,72,80,81,80,73,66,70,74,5
79,361,Kromkamp,Unknown,4,26,Netherlands,184,87,135,70,70,80,88,77,76,75,72,75,6
79,363,Maduro,Unknown,5,21,Netherlands,185,79,14,65,77,84,84,74,73,77,68,72,4
79,374,D. Johnson,Unknown,8,27,Northern Ireland,175,64,58,75,57,73,81,80,78,76,68,73,6
79,375,S. Davis,Unknown,7,21,Northern Ireland,170,60,19,73,55,69,80,82,82,80,66,64,5
79,388,Sproule,Unknown,8,25,Northern Ireland,182,72,141,76,45,80,75,85,86,75,69,72,5
79,399,Solli,Unknown,4,25,Norway,183,83,86,69,66,81,84,80,75,73,68,70,5
79,402,Iversen,Unknown,12,29,Norway,184,83,86,80,39,80,75,80,77,79,78,68,6
79,413,Årst,Unknown,12,32,Norway,190,80,141,75,34,84,74,83,72,74,70,69,4
79,416,Jop,Unknown,3,28,Poland,188,81,141,50,74,86,80,68,68,67,68,71,4
79,419,M. Zewlakow,Unknown,4,30,Poland,183,78,28,69,69,79,82,76,75,73,73,78,6
79,428,Bosacki,Unknown,3,30,Poland,189,81,141,52,75,85,77,71,68,68,67,69,4
79,442,Nuno Valente,Unknown,4,32,Portugal,180,76,90,74,68,79,83,81,74,77,72,81,6
79,467,D. Munteanu,Unknown,5,38,Romania,170,69,121,75,72,76,86,75,70,82,84,82,6
79,473,Iencsi,Unknown,3,31,Romania,186,80,141,58,77,82,83,76,75,70,72,80,6
79,479,Bostina,Unknown,8,29,Romania,182,74,141,70,52,71,81,78,82,80,68,72,5
79,490,Smertin,Unknown,5,31,Russia,176,67,141,71,70,72,85,78,77,81,76,80,6
79,492,Bilyaletdinov,Unknown,9,21,Russia,185,79,84,73,49,73,78,78,81,80,68,69,6
79,496,Ignashevitch,Unknown,3,27,Russia,186,82,99,60,80,82,80,75,69,78,69,77,6
79,499,Aldonin,Unknown,5,26,Russia,179,72,48,63,70,80,85,75,70,80,70,78,6
79,500,Gusev,Unknown,8,29,Russia,180,75,99,77,56,76,82,81,76,81,73,70,5
79,507,Gordon,Unknown,0,23,Scotland,193,83,141,35,77,84,63,67,66,45,68,70,5
79,519,Neil Alexander,Unknown,0,28,Scotland,185,73,141,30,76,79,60,65,66,49,70,70,4
79,521,Steve Caldwell,Unknown,3,26,Scotland,191,72,76,56,78,85,83,75,76,72,79,70,4
79,524,Quashie,Unknown,7,28,Scotland,175,70,141,70,67,78,88,78,79,75,78,78,7
79,529,Riordan,Unknown,12,22,Scotland,180,65,46,77,35,75,81,80,80,76,67,70,4
79,544,Dudic,Unknown,3,26,Serbia and Montenegro,183,77,141,60,75,80,83,78,75,68,72,69,5
79,548,Koroman,Unknown,8,28,Serbia and Montenegro,175,70,141,69,65,70,82,79,80,77,70,73,5
79,555,Kratochvil,Unknown,3,32,Slovakia,187,87,141,52,77,86,80,69,67,67,70,70,4
79,559,Karhan,Unknown,7,30,Slovakia,189,88,7,74,68,82,84,78,72,78,72,82,6
79,562,Holosko,Unknown,11,22,Slovakia,185,82,141,72,40,80,76,80,81,77,66,66,5
79,571,Kisel,Unknown,8,29,Slovakia,173,71,141,70,55,73,82,81,80,76,70,72,4
79,573,Mintal,Unknown,9,29,Slovakia,183,78,39,86,42,76,80,78,80,82,69,85,8
79,578,Knavs,Unknown,3,30,Slovenia,191,88,141,60,77,88,75,70,67,68,75,72,5
79,579,Mavric,Unknown,3,27,Slovenia,186,83,141,55,75,84,80,75,68,66,70,72,5
79,587,Handanovic,Unknown,0,22,Slovenia,192,90,126,30,76,86,61,61,60,48,62,62,5
79,600,Pablo Ibañez,Unknown,3,25,Spain,192,86,20,53,83,81,80,74,69,71,68,74,5
79,603,Pernía,Unknown,4,29,Spain,178,79,20,74,68,75,83,75,76,72,75,75,5
79,615,Antonio López,Unknown,4,25,Spain,175,72,20,73,72,71,84,82,80,75,72,74,6
79,626,Edman,Unknown,4,27,Sweden,179,79,101,65,72,77,84,77,76,73,62,73,5
79,649,Magnin,Unknown,4,27,Switzerland,186,76,49,74,65,76,83,80,77,78,72,72,5
79,654,Streller,Unknown,12,25,Switzerland,195,82,49,75,43,83,77,80,77,76,71,69,4
79,658,Grichting,Unknown,3,27,Switzerland,184,82,10,57,76,83,80,71,72,73,66,70,5
79,674,Serhat Akin,Unknown,12,25,Turkey,178,75,6,79,47,69,85,87,83,80,69,72,5
79,680,Cetin,Unknown,3,25,Turkey,191,84,141,57,76,87,78,69,68,66,69,72,5
79,682,Serkan Balci,Unknown,4,23,Turkey,173,69,96,67,60,74,86,79,78,75,71,74,5
79,690,Fatih Tekke,Unknown,12,29,Turkey,179,75,141,82,36,73,80,79,81,80,76,72,5
79,692,Rusol,Unknown,3,23,Ukraine,186,74,141,59,82,80,81,72,72,72,69,75,5
79,697,Husin,Unknown,5,33,Ukraine,189,78,141,74,70,85,78,73,69,80,78,75,6
79,702,Pyatov,Unknown,0,22,Ukraine,190,78,141,30,73,82,57,65,66,49,68,66,4
79,703,Shust,Unknown,0,20,Ukraine,189,83,21,30,73,83,58,65,68,50,64,62,4
79,709,Kalinichenko,Unknown,8,27,Ukraine,176,67,2,73,58,71,86,79,78,80,76,80,5
79,711,Belik,Unknown,12,25,Ukraine,184,73,21,78,36,75,77,77,82,76,68,68,4
79,713,Milevskyy,Unknown,12,21,Ukraine,190,78,85,73,40,81,78,79,76,82,72,65,4
79,725,Price,Unknown,0,22,Wales,191,85,141,30,78,84,58,63,66,51,70,68,4
79,733,Vaughan,Unknown,8,23,Wales,170,66,141,74,53,71,80,82,79,76,67,68,4
79,736,Earnshaw,Unknown,12,25,Wales,173,68,74,79,33,66,75,90,88,76,65,67,5
79,739,Kali,Unknown,3,28,Angola,187,80,141,50,75,84,84,74,76,70,75,75,4
79,740,Loco,Unknown,3,21,Angola,184,77,121,65,73,85,84,83,76,75,68,74,4
79,745,Mateus,Unknown,9,22,Angola,174,72,84,70,50,72,82,80,76,81,70,66,5
79,750,Rui Marques,Unknown,3,29,Angola,185,79,141,50,75,84,76,73,63,60,66,68,4
79,761,Matoukou,Unknown,3,23,Cameroon,187,75,141,50,76,86,76,72,68,67,60,68,4
79,772,Bikey,Unknown,4,21,Cameroon,182,80,72,66,65,77,82,81,80,74,67,68,4
79,779,Feuchine,Unknown,8,29,Cameroon,170,67,141,69,60,70,81,82,77,80,68,70,4
79,791,Akale,Unknown,12,25,Cote d'Ivoire,178,73,10,75,46,73,77,87,85,75,71,65,5
79,793,Corona,Unknown,12,31,Italy,191,81,42,79,33,84,81,82,81,83,71,80,5
79,802,Romaric,Unknown,9,23,Cote d'Ivoire,186,88,107,73,57,84,84,81,75,75,67,63,3
79,808,Kuffour,Unknown,3,30,Ghana,178,75,81,59,78,82,80,75,72,72,73,70,4
79,815,Amoah,Unknown,12,25,Ghana,177,66,66,79,33,73,81,83,80,75,66,62,5
79,821,Shilla,Unknown,3,23,Ghana,188,81,141,56,73,86,78,74,73,58,69,70,4
79,834,Yussuf,Unknown,5,21,Nigeria,182,73,85,60,68,79,84,81,77,74,67,70,4
79,837,Mikel,Unknown,7,19,Nigeria,190,80,35,70,60,79,74,80,78,83,65,63,6
79,845,Lawal,Unknown,8,32,Nigeria,182,73,141,72,65,78,86,81,76,80,75,73,6
79,856,Katza,Unknown,3,28,South Africa,185,65,141,60,70,85,80,74,72,72,70,72,4
79,876,Abalo,Unknown,2,31,Togo,177,75,141,58,76,82,78,72,67,72,75,78,4
79,878,Tchangai,Unknown,3,28,Togo,183,74,141,64,72,83,82,80,76,73,72,72,4
79,915,Ghodbane,Unknown,5,30,Tunisia,184,81,141,73,62,79,84,73,67,80,74,73,6
79,919,Guemamdia,Unknown,12,24,Tunisia,182,71,141,76,33,72,80,83,80,78,66,67,4
79,929,Centeno,Unknown,9,32,Costa Rica,174,69,141,73,60,72,79,76,72,80,71,70,5
79,933,Alfaro,Unknown,0,28,Costa Rica,180,66,141,30,76,78,63,70,68,50,70,72,4
79,940,C. Hernandez,Unknown,9,24,Costa Rica,170,70,141,72,48,70,78,76,79,82,67,75,4
79,941,Nunez,Unknown,11,23,Costa Rica,178,73,141,73,44,78,80,81,81,76,68,66,4
79,942,Saborio,Unknown,12,24,Costa Rica,183,82,141,76,35,79,75,82,80,76,65,66,4
79,948,Pardo,Unknown,5,30,Mexico,175,69,49,69,71,75,87,76,75,77,80,90,7
79,949,Torrado,Unknown,5,27,Mexico,172,66,141,68,72,72,86,82,77,82,68,75,6
79,952,Bravo,Unknown,12,26,Mexico,174,71,141,79,32,68,76,82,85,80,66,65,4
79,959,J. A. Castro,Unknown,4,26,Mexico,177,63,141,67,64,72,85,83,84,73,67,69,4
79,962,Guardado,Unknown,8,20,Mexico,169,60,8,72,52,66,75,78,80,82,63,65,4
79,975,C. Edwards,Unknown,8,28,Trinidad and Tobago,180,73,141,71,49,75,79,81,80,77,65,63,3
79,979,Ince,Unknown,0,34,Trinidad and Tobago,191,85,141,30,75,88,53,61,58,43,72,68,3
79,985,Wise,Unknown,8,32,Trinidad and Tobago,175,64,141,73,41,74,74,79,79,82,69,66,4
79,989,Glen,Unknown,12,25,Trinidad and Tobago,175,73,141,72,43,76,74,86,84,78,62,61,3
79,998,Convey,Unknown,8,23,United States,174,68,72,72,53,71,80,81,75,80,65,63,4
79,1006,Albright,Unknown,4,27,United States,186,86,141,70,66,86,80,76,73,72,71,72,5
79,1008,O'Brien,Unknown,8,29,United States,178,73,141,73,66,75,82,81,78,80,70,75,5
79,1010,Eddie Johnson,Unknown,12,22,United States,183,81,141,75,32,76,75,82,84,77,71,60,4
79,1012,Wolff,Unknown,12,29,United States,173,73,141,78,39,72,86,81,82,75,72,70,5
79,1030,Scaloni,Unknown,8,28,Argentina,182,80,119,73,71,79,83,80,76,74,76,72,5
79,1038,Juan,Unknown,3,27,Brazil,182,78,25,66,76,79,81,81,79,70,71,69,4
79,1048,Belardi,Unknown,0,29,Italy,187,80,41,50,80,82,65,73,72,71,70,73,6
79,1053,Mineiro,Unknown,7,31,Brazil,169,65,141,74,60,68,84,84,83,72,66,65,6
79,1059,Bravo,Unknown,0,23,Chile,184,79,51,40,75,78,60,67,70,55,65,68,4
79,1077,Valdes,Unknown,9,24,Chile,172,69,141,72,45,69,77,79,81,82,65,66,4
79,1078,M. Fernández,Unknown,9,20,Chile,179,74,121,67,41,66,75,76,79,85,61,63,4
79,1080,Rubio,Unknown,12,22,Chile,175,74,141,76,38,77,80,81,81,78,72,67,4
79,1084,C. Zapata,Unknown,3,20,Colombia,186,78,84,55,78,84,82,79,77,74,66,68,5
79,1087,Vargas,Unknown,7,26,Colombia,178,71,141,72,71,72,87,71,76,79,75,76,6
79,1090,Tressor Moreno,Unknown,11,26,Colombia,174,76,141,81,45,73,84,83,82,78,68,70,4
79,1094,Arenas,Unknown,0,19,Colombia,187,71,141,35,75,75,65,75,70,45,65,70,5
79,1098,Casierra,Unknown,4,20,Colombia,174,67,141,65,58,72,82,80,80,73,63,63,4
79,1102,Dominguez,Unknown,9,25,Colombia,175,71,141,73,42,72,76,78,77,81,68,63,4
79,1105,Mora,Unknown,0,24,Ecuador,185,73,141,30,81,76,61,67,70,52,72,72,4
79,1109,Carlinhos,Unknown,4,29,Ecuador,170,68,141,68,68,75,80,84,81,76,66,65,4
79,1111,E. Tenorio,Unknown,5,30,Ecuador,172,68,141,68,72,73,84,77,72,81,72,69,5
79,1117,Lanza,Unknown,0,24,Ecuador,185,77,141,30,75,78,59,67,70,50,66,66,4
79,1118,Guagua,Unknown,3,25,Ecuador,179,65,141,50,72,81,82,80,75,71,67,68,4
79,1125,Benítez,Unknown,11,20,Ecuador,168,68,141,73,40,71,75,82,84,73,63,60,4
79,1127,Borja,Unknown,12,23,Ecuador,179,70,28,79,30,76,75,81,78,80,70,66,4
79,1133,Toro Acuña,Unknown,5,34,Paraguay,178,75,119,74,66,82,78,74,70,81,78,74,6
79,1144,Gavilán,Unknown,5,26,Paraguay,172,67,141,70,64,72,84,82,80,83,66,67,5
79,1145,Barreto,Unknown,7,22,Paraguay,178,78,124,69,69,75,84,79,80,75,66,70,6
79,1146,Montiel,Unknown,8,18,Paraguay,173,71,49,72,42,66,78,81,81,81,60,62,5
79,1150,Dante López,Unknown,12,23,Paraguay,185,83,141,77,43,81,77,80,76,77,66,66,4
79,1171,Pedro García,Unknown,9,32,Peru,168,67,141,76,46,68,80,73,83,82,72,72,5
79,1188,D. López,Unknown,3,32,Uruguay,180,76,126,60,77,81,81,75,73,74,75,74,5
79,1199,Rezaei,Unknown,3,31,Iran,184,80,81,55,78,83,77,74,74,67,65,72,5
79,1206,Hashemian,Unknown,12,30,Iran,182,78,18,81,33,70,82,81,83,76,63,77,6
79,1212,Navidkia,Unknown,7,23,Iran,181,72,141,65,69,70,83,81,83,74,67,76,6
79,1214,Shojaei,Unknown,8,22,Iran,183,74,141,77,50,76,80,81,78,83,65,74,5
79,1216,Khatibi,Unknown,11,28,Iran,172,71,141,73,43,70,80,82,76,76,66,73,5
79,1218,Borhani,Unknown,12,23,Iran,178,70,141,73,34,73,80,83,87,75,64,67,6
79,1223,Nakazawa,Unknown,3,28,Japan,187,78,141,64,80,83,78,76,72,68,73,72,4
79,1238,Ogasawara,Unknown,9,27,Japan,173,72,141,75,58,75,81,73,74,83,70,77,5
79,1239,Ono,Unknown,9,27,Japan,175,74,121,76,60,73,81,74,73,90,70,82,7
79,1253,Al-Kahtani,Unknown,12,24,Saudi Arabia,176,72,141,76,33,72,77,80,83,80,65,65,5
79,1255,Khojah,Unknown,0,24,Saudi Arabia,189,86,141,30,74,82,58,65,66,50,70,64,4
79,1262,Al-Shlhoob,Unknown,9,25,Saudi Arabia,163,61,141,74,47,61,75,82,84,80,66,62,4
79,1263,Al-Qahtani,Unknown,11,24,Saudi Arabia,177,72,141,72,40,65,80,82,81,73,66,65,4
79,1268,Kim Young Chul,Unknown,3,30,South Korea,183,81,141,49,78,82,82,70,73,68,69,69,5
79,1276,Cho Jae Jin,Unknown,12,25,South Korea,185,81,141,76,35,81,77,74,76,78,72,70,6
79,1279,Kim Jin Kyu,Unknown,3,21,South Korea,183,83,141,52,72,82,80,72,76,72,67,60,4
79,1280,Kim Sang Sik,Unknown,3,29,South Korea,184,72,141,58,74,79,81,74,74,65,69,68,4
79,1295,Culina,Unknown,11,26,Australia,175,72,97,74,65,77,85,80,78,79,67,75,6
79,1301,Covic,Unknown,0,31,Australia,180,76,141,30,74,85,60,63,65,46,69,67,4
79,1310,Archie Thompson,Unknown,12,28,Australia,174,70,141,77,34,80,78,81,78,75,70,67,4
79,1321,Hunt,Unknown,12,28,England,180,74,141,94,32,82,83,75,77,65,77,70,6
79,1335,Etori,Unknown,0,26,France,178,79,141,30,82,78,78,68,70,45,72,72,5
79,1344,Rocheteau,Unknown,10,27,France,179,78,141,83,44,81,76,77,80,86,76,86,7
79,1362,Bonhof,Unknown,5,22,Germany,180,72,141,68,78,78,92,75,76,75,82,82,6
79,1406,Haan,Unknown,5,25,Netherlands,183,83,141,68,70,80,82,74,76,76,78,85,7
79,1419,Van Aerle,Unknown,5,25,Netherlands,179,76,141,62,75,83,86,78,75,77,76,84,5
79,1432,Guisti,Unknown,7,29,Argentina,178,76,141,68,73,78,86,75,74,79,74,85,6
79,1433,Olarticoechea,Unknown,6,28,Argentina,169,71,141,70,75,80,88,77,76,75,73,77,5
79,1440,Luis Galvan,Unknown,3,28,Argentina,175,70,141,58,84,80,78,72,71,65,74,78,6
79,1480,Flamini,Unknown,5,22,France,178,67,40,68,70,72,86,78,77,82,65,77,5
79,1488,Aliadiere,Unknown,12,23,France,181,70,95,73,35,73,78,80,81,80,65,64,4
79,1506,Khizanishvili,Unknown,4,25,Georgia,185,80,78,52,74,82,82,74,75,73,68,75,5
79,1512,Todd,Unknown,3,32,England,178,74,78,51,78,83,81,71,70,68,68,74,5
79,1521,Jason Brown,Unknown,0,24,Wales,180,84,78,30,76,85,60,65,67,46,70,70,5
79,1528,Diagne Faye,Unknown,3,28,Senegal,187,84,56,65,72,84,85,76,80,81,70,70,5
79,1531,Campo,Unknown,5,32,Spain,185,81,56,63,75,84,82,73,68,75,62,63,4
79,1597,Anichebe,Unknown,12,18,Nigeria,186,80,90,69,33,82,75,78,86,75,62,60,4
79,1603,Bullard,Unknown,7,28,England,178,73,45,70,67,83,83,78,78,76,73,75,6
79,1606,Helguson,Unknown,12,29,Iceland,182,83,45,78,38,81,80,76,79,75,74,72,4
79,1620,Rodrigo Defendi,Unknown,3,20,Brazil,188,77,79,50,72,84,78,73,71,70,68,67,3
79,1627,Paletta,Unknown,3,20,Argentina,190,80,44,51,75,83,80,74,72,71,68,70,5
79,1653,Dickov,Unknown,12,33,Scotland,168,74,141,80,45,76,86,78,82,73,85,77,6
79,1664,Bosnar,Unknown,3,26,Australia,193,88,131,48,72,85,82,72,69,68,72,73,7
79,1689,Christie,Unknown,12,27,England,183,78,3,79,39,73,75,83,85,80,74,76,6
79,1722,Sean Davis,Unknown,7,27,England,175,76,26,73,61,80,84,74,73,82,67,73,6
79,1736,Ibrahima Sonko,Unknown,3,25,Senegal,191,86,72,50,75,86,79,75,72,66,70,68,4
79,1741,Sidwell,Unknown,7,23,England,178,70,72,75,58,74,82,75,75,80,69,73,5
79,1748,Abel Xavier,Unknown,3,33,Portugal,189,81,3,64,73,86,81,77,78,70,72,75,3
79,1758,Lucketti,Unknown,3,35,England,183,85,77,47,77,83,83,67,66,59,81,80,4
79,1762,Geary,Unknown,4,26,Ireland,168,64,77,68,66,69,89,82,82,72,77,73,4
79,1769,C. Davis,Unknown,3,27,Jamaica,184,80,77,52,74,81,78,73,70,65,66,66,4
79,1772,Li Tie,Unknown,5,29,China,183,70,77,70,71,81,85,75,70,81,73,75,7
79,1774,Nade,Unknown,12,22,Cote d'Ivoire,186,80,77,72,35,77,77,86,89,73,66,60,4
79,1776,Akinbiyi,Unknown,12,32,Nigeria,185,86,77,77,30,84,75,82,80,73,61,60,4
79,1786,Kazim-Richards,Unknown,12,20,England,185,68,77,75,25,80,73,85,87,75,62,66,5
79,1790,Y.P. Lee,Unknown,4,29,South Korea,176,66,53,71,69,72,91,80,81,75,75,90,6
79,1796,Assou Ekotto,Unknown,4,22,Cameroon,178,70,53,68,58,68,83,83,80,70,60,63,4
79,1809,Mackay,Unknown,3,34,Scotland,185,90,132,50,76,83,80,69,68,69,82,80,5
79,1817,King,Unknown,12,26,Jamaica,185,78,132,77,37,82,80,80,75,75,67,66,4
79,1819,Richard Lee,Unknown,0,24,England,183,79,132,30,76,76,61,72,73,45,65,66,4
79,1820,Carlisle,Unknown,3,27,England,191,79,132,52,74,88,78,70,67,67,65,71,4
79,1828,McNamee,Unknown,8,22,England,168,64,132,69,53,78,78,80,81,77,68,68,5
79,1836,A. Ferdinand,Unknown,3,21,England,178,78,94,60,78,80,82,78,78,72,70,74,5
79,1842,Harewood,Unknown,12,27,England,185,63,98,80,36,85,77,77,78,75,72,74,5
79,1850,Ashton,Unknown,12,22,England,185,78,49,80,48,79,82,76,74,78,55,72,5
79,1862,Pollitt,Unknown,0,34,England,193,89,1,30,77,81,61,65,64,50,76,70,5
79,1867,Ryan Taylor,Unknown,8,22,England,173,75,1,72,57,72,79,81,80,78,70,74,4
79,1873,Mignot,Unknown,3,25,France,184,75,10,63,76,75,82,75,77,69,73,68,5
79,1879,Chabert,Unknown,0,23,France,184,78,10,30,76,81,57,67,67,49,66,64,4
79,1882,Bolf,Unknown,3,32,Czech Republic,188,86,10,58,80,86,79,70,70,70,77,75,5
79,1889,Basso,Unknown,0,27,France,189,77,10,30,74,83,60,65,68,48,70,67,4
79,1893,Henrique,Unknown,3,23,Brazil,188,78,111,53,72,85,81,73,69,70,66,65,4
79,1897,Menegazzo,Unknown,5,25,Brazil,186,79,111,71,65,81,79,78,70,82,66,70,5
79,1913,Chamakh,Unknown,12,22,Morocco,185,70,111,78,38,74,75,85,78,83,65,66,4
79,1926,Roche,Unknown,0,29,France,182,81,107,30,75,79,60,66,68,48,69,65,4
79,1928,Camara,Unknown,4,21,Guinea,184,78,107,67,64,76,79,87,87,74,64,65,4
79,1940,Gillet,Unknown,3,29,France,188,88,109,58,80,78,83,76,70,77,67,76,5
79,1968,Malicki,Unknown,0,32,France,188,86,103,30,77,83,60,63,62,40,76,68,5
79,2014,Toulalan,Unknown,7,23,France,184,83,79,74,69,81,85,77,73,80,72,80,6
79,2015,Vercoutre,Unknown,0,26,France,185,78,18,30,76,80,60,69,70,45,68,60,4
79,2018,Réveillère,Unknown,4,26,France,181,76,105,73,68,73,85,83,78,80,70,76,5
79,2021,Benzema,Unknown,11,18,France,182,74,62,73,35,70,79,81,81,80,65,65,4
79,2043,T. Maoulida,Unknown,12,27,France,184,80,64,80,40,73,79,86,83,77,72,67,4
79,2049,Monsoreau,Unknown,3,25,France,186,80,31,66,79,81,84,79,77,76,71,73,5
79,2050,Modesto,Unknown,4,28,France,183,80,31,55,73,77,83,79,78,68,69,74,5
79,2056,Gerard Lopez,Unknown,5,27,Spain,185,72,31,74,64,81,75,73,74,81,69,72,5
79,2061,Grax,Unknown,12,22,France,180,76,31,78,47,76,80,77,80,77,63,73,5
79,2065,Bracigliano,Unknown,0,26,France,183,80,133,30,77,78,61,68,67,49,63,70,4
79,2074,Dia,Unknown,10,19,France,172,70,133,71,35,79,80,83,84,75,64,62,4
79,2077,André Luiz,Unknown,3,26,Brazil,185,82,133,52,73,82,82,75,72,67,68,67,4
79,2091,Cetto,Unknown,3,24,Argentina,182,78,60,50,76,85,80,75,69,70,67,76,4
79,2097,Mamadou Diallo,Unknown,12,24,Mali,179,76,60,80,32,76,78,80,84,72,68,68,5
79,2104,Rossi,Unknown,11,29,Argentina,175,73,60,80,48,69,81,80,80,82,72,76,5
79,2108,Lloris,Unknown,0,19,France,186,73,108,30,76,81,58,67,69,48,68,66,4
79,2122,Kanté,Unknown,3,27,France,183,84,108,53,77,83,80,81,80,68,73,73,5
79,2126,S. Camara,Unknown,12,23,Senegal,174,72,108,75,42,68,82,82,85,85,69,67,4
79,2134,Édouard Cissé,Unknown,5,28,France,186,76,36,60,70,83,82,81,78,76,72,70,5
79,2145,Hellebuyck,Unknown,8,27,France,178,73,36,75,42,75,82,86,73,75,65,64,6
79,2156,Sorlin,Unknown,8,27,France,183,75,101,73,62,71,83,78,75,85,70,74,5
79,2162,Revault,Unknown,0,34,France,188,89,101,30,81,82,60,65,67,40,79,69,4
79,2165,Melchiot,Unknown,4,29,Netherlands,187,74,18,62,74,80,86,80,80,70,71,69,5
79,2176,Camara,Unknown,3,27,France,182,76,43,60,75,78,79,80,78,64,68,67,5
79,2178,Ilunga,Unknown,4,24,DR Congo,180,74,43,58,67,78,84,75,76,73,62,73,5
79,2181,Bilos,Unknown,8,26,Argentina,194,88,43,78,48,87,78,87,72,81,65,67,5
79,2192,Dernis,Unknown,8,25,France,171,71,43,73,46,70,78,80,81,80,73,72,4
79,2194,Piatti,Unknown,9,21,Argentina,181,75,43,73,45,73,78,80,80,78,65,67,4
79,2196,Gomis,Unknown,12,21,France,184,77,43,74,30,70,75,90,89,80,61,62,4
79,2199,Guarín,Unknown,8,20,Colombia,183,81,43,68,68,86,83,81,76,77,75,75,5
79,2200,Regnault,Unknown,0,32,France,180,77,117,60,77,78,62,66,68,50,75,69,4
79,2211,Trevisan,Unknown,0,32,France,180,75,117,30,80,78,56,63,60,48,78,70,4
79,2220,Maurice Belay,Unknown,10,21,France,180,67,117,68,35,75,76,85,82,80,70,69,4
79,2222,Brechet,Unknown,4,27,France,186,77,134,66,73,81,83,77,74,75,72,72,6
79,2223,Diawara,Unknown,3,27,Senegal,185,87,48,45,81,81,83,78,80,65,78,75,4
79,2224,Daf,Unknown,4,29,Senegal,177,73,134,69,69,77,83,80,80,68,71,71,5
79,2227,Jerome Leroy,Unknown,9,31,France,185,70,134,78,45,75,83,81,76,75,77,70,6
79,2229,Ziani,Unknown,8,24,Algeria,169,66,134,75,47,70,80,77,81,80,69,72,4
79,2231,Álvaro,Unknown,12,26,Brazil,181,88,134,78,42,82,81,79,77,77,69,68,4
79,2232,Gavanon,Unknown,0,23,France,182,74,134,30,77,81,61,73,67,50,65,60,5
79,2239,Brunel,Unknown,8,33,France,177,72,134,79,48,75,80,77,77,83,78,80,6
79,2242,Dagano,Unknown,12,25,Burkina Faso,186,82,134,78,38,83,75,85,82,76,70,66,4
79,2254,Aubey,Unknown,3,22,France,180,75,102,45,76,83,80,82,78,67,69,70,4
79,2259,Batlles,Unknown,9,31,France,176,70,102,74,57,73,85,72,79,82,69,69,6
79,2276,Paisley,Unknown,4,29,France,184,82,106,50,72,82,80,80,75,68,70,63,5
79,2282,Wéldon,Unknown,12,26,Brazil,187,76,106,78,36,85,77,77,76,74,66,64,5
79,2286,Drouin,Unknown,4,22,France,186,84,106,60,67,79,81,76,79,71,65,65,4
79,2313,Paauwe,Unknown,5,30,Netherlands,183,83,115,64,74,78,81,74,73,76,79,76,5
79,2326,Fini,Unknown,8,32,Italy,185,68,22,71,54,72,78,81,77,77,67,69,4
79,2339,Adriano,Unknown,4,24,Brazil,179,70,114,70,60,72,81,80,77,77,70,75,5
79,2355,Ventola,Unknown,12,28,Italy,185,80,114,76,42,81,77,80,73,80,70,75,5
79,2371,Ferri,Unknown,4,25,Italy,185,81,126,60,69,82,84,77,73,72,71,73,5
79,2385,Baiocco,Unknown,7,31,Italy,172,71,42,75,64,82,87,77,81,77,75,78,6
79,2388,Spinesi,Unknown,12,28,Italy,183,77,42,80,38,78,80,80,80,79,72,71,5
79,2394,Colucci,Unknown,7,26,Italy,182,73,42,74,57,76,86,77,76,80,73,79,5
79,2397,Rossini,Unknown,12,28,Italy,188,83,42,78,40,82,84,77,76,80,72,70,5
79,2413,Malagò,Unknown,4,27,Italy,183,77,87,55,73,80,82,73,74,68,74,80,5
79,2414,Sammarco,Unknown,5,23,Italy,181,76,87,68,61,73,81,79,75,83,66,68,6
79,2415,Zanchetta,Unknown,7,31,Italy,181,74,87,74,65,75,82,73,73,81,66,68,5
79,2416,Marcolini,Unknown,7,31,Italy,177,71,87,73,61,72,83,75,75,82,76,75,6
79,2420,Tiribocchi,Unknown,12,28,Italy,178,85,87,79,38,85,73,75,74,83,73,72,5
79,2435,Busce,Unknown,8,30,Italy,180,73,65,70,60,77,85,82,77,73,72,76,5
79,2438,Bassi,Unknown,0,21,Italy,186,77,65,60,73,83,62,65,66,55,66,63,4
79,2456,Gamberini,Unknown,3,25,Italy,185,78,37,52,77,81,80,83,82,68,70,68,5
79,2458,Blasi,Unknown,5,26,Italy,178,67,38,63,74,83,92,76,76,75,75,73,4
79,2461,Montolivo,Unknown,9,21,Italy,181,65,37,73,51,72,79,78,75,84,65,72,5
79,2479,Coco,Unknown,4,29,Italy,180,73,83,68,74,82,81,77,76,77,68,80,5
79,2483,Zauri,Unknown,4,28,Italy,178,75,80,70,70,82,81,83,75,79,70,75,6
79,2484,Mudingayi,Unknown,5,25,Belgium,180,80,80,67,65,80,85,82,80,76,68,67,4
79,2490,Stendardo,Unknown,3,25,Italy,190,88,80,53,75,85,75,69,66,68,65,65,4
79,2499,S. Inzaghi,Unknown,12,30,Italy,185,82,80,79,47,82,76,81,83,77,68,72,5
79,2500,Grandoni,Unknown,3,29,Italy,182,78,81,56,78,81,81,73,72,68,73,73,4
79,2502,Pavan,Unknown,3,32,Italy,185,80,81,52,80,82,80,78,73,68,72,73,5
79,2503,Passoni,Unknown,5,32,Italy,182,78,81,70,67,79,81,73,70,78,72,78,5
79,2505,Giallombardo,Unknown,4,26,Italy,175,70,24,64,59,71,79,85,82,74,65,66,4
79,2506,Vidigal,Unknown,7,33,Portugal,184,83,81,68,68,84,90,80,74,78,75,78,5
79,2510,Manitta,Unknown,0,29,Italy,188,83,81,30,76,82,61,65,67,54,68,69,4
79,2539,Ogasawara,Unknown,9,27,Japan,173,72,24,75,58,75,81,73,74,83,70,77,5
79,2548,Favalli,Unknown,4,34,Italy,181,77,113,62,81,81,85,77,75,73,78,88,6
79,2550,Brocchi,Unknown,7,30,Italy,171,70,38,67,65,80,88,82,80,74,77,80,5
79,2551,Gourcuff,Unknown,9,20,France,185,79,137,73,55,75,80,80,77,80,70,74,5
79,2582,Castellini,Unknown,4,27,Italy,184,74,99,72,58,77,81,82,73,75,68,67,5
79,2584,Pisanu,Unknown,10,24,Italy,180,74,99,73,42,73,82,82,81,77,66,70,4
79,2604,A. Lucarelli,Unknown,3,29,Italy,182,78,120,70,78,80,82,72,70,72,70,73,6
79,2610,Amoruso,Unknown,12,32,Italy,186,75,120,80,42,82,80,76,74,84,82,75,5
79,2611,R. Bianchi,Unknown,12,23,Italy,188,75,120,75,35,81,78,80,81,76,68,69,6
79,2638,Okaka,Unknown,12,17,Italy,182,80,79,68,33,78,73,82,81,84,64,64,6
79,2643,Falcone,Unknown,3,32,Italy,184,75,125,54,83,84,81,73,74,68,74,76,6
79,2652,Berti,Unknown,0,39,Italy,189,78,125,30,83,83,58,60,65,35,75,74,5
79,2655,Pieri,Unknown,4,28,Italy,183,75,125,67,65,80,84,81,84,76,65,67,4
79,2670,Vergassola,Unknown,7,30,Italy,174,70,95,72,67,72,85,78,79,78,76,81,6
79,2676,Negro,Unknown,3,34,Italy,182,73,95,58,77,82,78,74,72,69,75,79,5
79,2689,Pancaro,Unknown,4,35,Italy,186,84,83,68,77,82,80,75,76,75,70,86,7
79,2697,Melara,Unknown,3,28,Italy,187,77,22,55,76,82,78,75,70,67,73,69,5
79,2713,Felipe,Unknown,3,22,Brazil,188,80,71,54,79,83,83,78,76,76,72,76,6
79,2718,Paoletti,Unknown,0,28,Italy,190,82,24,30,76,78,58,66,71,43,67,67,5
79,2725,D'Agostino,Unknown,9,24,Italy,182,81,81,75,55,72,76,75,76,84,70,65,6
79,2727,Bucchi,Unknown,12,29,Italy,186,76,128,79,36,80,82,82,80,74,69,68,4
79,2735,Vreven,Unknown,4,33,Belgium,180,84,59,64,68,85,84,75,70,68,75,70,4
79,2743,Wagenaar,Unknown,0,21,Canada,187,98,59,30,74,86,62,64,66,47,70,65,4
79,2758,Roger,Unknown,9,29,Spain,180,70,92,77,55,76,78,78,76,84,76,73,5
79,2764,Gabri,Unknown,7,27,Spain,175,75,79,71,71,71,81,76,77,81,71,72,6
79,2787,Jenner,Unknown,10,22,Netherlands,187,73,29,74,44,82,80,81,75,80,66,69,3
79,2788,Koevermans,Unknown,12,27,Netherlands,182,77,29,77,36,81,78,77,74,75,76,70,5
79,2798,Slory,Unknown,10,24,Netherlands,172,68,46,74,38,63,80,84,83,74,65,63,4
79,2812,Vlaar,Unknown,3,21,Netherlands,191,85,15,58,76,82,79,76,75,72,65,70,6
79,2813,Bahia,Unknown,3,22,Brazil,179,80,15,58,75,82,80,73,70,67,62,63,4
79,2814,Greene,Unknown,4,24,Netherlands,178,74,15,65,77,80,85,81,76,67,68,69,4
79,2821,Ekramy,Unknown,0,23,Egypt,191,91,15,30,75,82,58,64,66,48,67,63,4
79,2825,Pardo,Unknown,8,24,Chile,172,68,15,73,59,73,82,80,80,76,69,72,4
79,2835,Silva,Unknown,4,26,Uruguay,180,79,135,67,67,78,85,77,75,73,70,71,5
79,2850,Cornelisse,Unknown,8,31,Netherlands,185,76,135,76,41,73,75,78,80,77,70,72,4
79,2860,Ugur Yildirim,Unknown,10,24,Netherlands,178,79,12,74,46,72,81,82,80,78,65,65,5
79,2861,Nilsson,Unknown,10,24,Sweden,180,71,12,74,45,72,80,80,78,80,65,67,6
79,2865,Jakob Poulsen,Unknown,4,23,Denmark,183,77,12,70,63,80,82,79,77,75,70,73,5
79,2885,Quansah,Unknown,8,23,Ghana,172,66,131,70,59,70,81,80,81,76,67,68,4
79,2901,Zwaanswijk,Unknown,3,31,Netherlands,190,86,136,40,78,87,75,70,74,66,75,73,5
79,2903,Zonneveld,Unknown,4,25,Netherlands,178,75,136,65,63,75,80,78,76,75,68,69,5
79,2910,Van Zwam,Unknown,0,37,Netherlands,188,88,136,30,77,88,57,61,67,43,68,74,4
79,2917,Stam,Unknown,4,22,Netherlands,175,62,136,65,60,72,86,80,80,75,65,62,4
79,2928,Snoyl,Unknown,4,21,Netherlands,172,72,124,69,55,78,81,81,73,74,65,63,4
79,2965,Garcia,Unknown,8,21,Belgium,165,64,129,70,35,65,77,83,82,76,63,65,5
79,2968,Wevers,Unknown,0,27,Netherlands,202,93,129,30,74,90,56,63,57,40,67,64,3
79,2972,D. Mulder,Unknown,4,21,Netherlands,180,72,129,62,67,77,82,80,76,70,68,68,4
79,2980,Saeijs,Unknown,3,28,Netherlands,187,73,137,49,74,82,78,70,68,67,74,68,4
79,2988,Oper,Unknown,12,28,Estonia,185,75,137,79,42,77,80,80,83,77,73,73,5
79,2996,Bouchiba,Unknown,8,27,Netherlands,179,75,137,68,60,74,82,77,80,79,70,64,4
79,3004,Schenkel,Unknown,3,28,Netherlands,190,85,112,56,71,88,79,69,66,66,71,70,4
79,3009,Oost,Unknown,10,24,Netherlands,184,74,112,73,40,77,80,79,78,80,66,68,5
79,3023,Niemeyer,Unknown,3,22,Germany,191,77,127,53,70,84,84,75,72,70,68,71,5
79,3040,Bakkal,Unknown,10,21,Netherlands,182,79,127,72,40,75,79,79,79,80,65,65,4
79,3048,Cornelisse,Unknown,4,28,Netherlands,184,77,17,68,71,78,84,78,77,71,72,74,4
79,3055,Casazza,Unknown,0,32,Italy,184,83,38,30,76,82,61,64,66,52,67,67,4
79,3065,Fortuné,Unknown,12,25,France,182,81,17,76,32,78,78,82,80,76,75,67,4
79,3066,Wapenaar,Unknown,0,36,Netherlands,186,76,16,30,80,78,65,62,60,45,72,70,4
79,3067,Knol,Unknown,3,25,Netherlands,186,81,16,50,75,83,80,73,70,69,69,67,4
79,3081,Fränkel,Unknown,4,30,Netherlands,166,66,16,60,71,77,81,80,84,72,68,69,4
79,3085,Knopper,Unknown,9,29,Netherlands,181,70,59,75,40,70,76,79,78,81,72,68,6
79,3087,Cavani,Unknown,12,17,Uruguay,175,70,82,75,31,77,70,84,84,73,57,59,3
79,3101,El Hamdaoui,Unknown,10,22,Netherlands,185,81,73,75,35,76,78,78,80,80,72,57,5
79,3107,Wau,Unknown,4,25,Netherlands Antilles,175,67,73,58,64,71,84,81,80,68,64,63,4
79,3115,Luis Prieto,Unknown,3,27,Spain,180,76,138,58,79,80,80,75,77,74,70,72,5
79,3120,Pablo Orbaiz,Unknown,5,27,Spain,178,76,138,67,75,81,80,71,70,75,73,72,7
79,3123,Dañobeitia,Unknown,11,20,Spain,178,74,138,74,34,75,80,80,78,77,68,70,4
79,3125,Lafuente,Unknown,0,30,Spain,186,79,138,30,77,80,59,64,67,50,71,72,5
79,3131,Aduriz,Unknown,11,25,Spain,177,75,138,78,44,80,84,83,80,82,70,72,5
79,3134,Edmilson,Unknown,5,30,Brazil,186,75,44,63,80,79,80,73,71,74,72,74,5
79,3137,Oleguer,Unknown,3,26,Spain,187,82,17,64,82,83,82,79,76,72,78,77,4
79,3140,Motta,Unknown,5,24,Brazil,187,83,38,68,72,89,75,69,71,76,62,70,5
79,3149,Dos Santos,Unknown,11,17,Mexico,170,71,35,69,47,67,73,80,83,82,63,64,4
79,3165,Rivera,Unknown,8,28,Spain,170,68,67,77,62,71,83,77,81,77,70,68,6
79,3173,Lequi,Unknown,3,25,Argentina,191,80,92,67,77,84,81,76,79,73,61,64,4
79,3192,Javi Guerrero,Unknown,12,30,Spain,179,75,130,84,42,71,77,80,81,82,71,72,7
79,3197,Capdevila,Unknown,4,28,Spain,182,78,119,74,70,81,81,78,73,72,66,66,6
79,3201,Riki,Unknown,12,26,Spain,187,84,119,80,36,82,79,76,71,80,68,62,4
79,3208,De Guzman,Unknown,5,25,Canada,169,68,119,71,69,73,86,80,84,80,69,69,6
79,3221,Armando Sá,Unknown,4,31,Mozambique,176,70,105,73,71,74,82,81,81,72,68,71,4
79,3229,Iraizoz,Unknown,0,25,Spain,191,86,105,30,75,85,56,62,63,45,68,66,4
79,3239,Pandiani,Unknown,12,30,Uruguay,184,74,105,86,40,84,84,74,71,76,80,75,6
79,3245,Celestini,Unknown,5,30,Switzerland,183,76,93,71,68,77,80,76,74,78,78,74,6
79,3248,Güiza,Unknown,12,26,Spain,180,80,93,79,36,77,80,78,76,76,72,70,5
79,3249,Albin,Unknown,9,20,Uruguay,179,77,93,71,45,74,76,83,80,75,68,72,4
79,3258,Paunovic,Unknown,12,29,Serbia and Montenegro,184,75,93,78,50,77,84,77,80,76,64,65,5
79,3259,Pachón,Unknown,12,29,Spain,180,72,93,81,36,77,79,79,80,79,72,72,5
79,3261,Bizzarri,Unknown,0,28,Argentina,188,75,123,30,80,78,60,66,69,50,72,70,4
79,3283,López Vallejo,Unknown,0,31,Spain,186,81,130,35,79,81,57,62,64,41,69,70,5
79,3285,Mario,Unknown,3,24,Spain,178,75,130,52,75,82,84,76,76,68,75,71,5
79,3308,Berson,Unknown,5,26,France,180,74,75,70,72,78,84,75,78,80,80,82,5
79,3340,Pantelic,Unknown,12,27,Serbia and Montenegro,183,80,23,78,30,81,78,79,76,79,68,68,4
79,3341,Raúl Bravo,Unknown,4,25,Spain,176,72,54,72,72,77,83,79,77,75,74,74,4
79,3355,F. Navarro,Unknown,4,24,Spain,178,70,69,72,67,73,83,81,73,73,72,65,5
79,3357,Jonás Gutiérrez,Unknown,8,23,Argentina,183,75,69,75,45,80,82,80,74,79,65,65,4
79,3360,Pisculichi,Unknown,11,22,Argentina,178,76,69,75,43,72,76,77,78,81,64,60,4
79,3361,Moya,Unknown,0,22,Spain,185,75,69,35,82,79,65,65,68,46,69,73,5
79,3382,Elía,Unknown,0,36,Spain,188,83,97,30,78,81,57,63,60,40,70,65,5
79,3390,Soldado,Unknown,12,21,Spain,179,80,97,75,32,76,77,77,74,75,72,64,4
79,3397,Colsa,Unknown,7,27,Spain,185,77,139,73,68,80,82,78,72,81,69,68,6
79,3412,Felipe Melo,Unknown,8,23,Brazil,183,78,139,72,40,75,80,80,75,78,67,67,4
79,3415,Toño,Unknown,0,26,Spain,182,80,139,30,77,81,57,65,67,53,70,72,4
79,3427,Xavi Prieto,Unknown,8,23,Spain,185,74,51,75,40,63,77,78,80,80,67,67,5
79,3428,Fábio Felício,Unknown,8,24,Portugal,170,60,51,72,50,70,78,80,81,80,66,67,4
79,3429,Gari Uranga,Unknown,12,26,Spain,182,68,51,75,40,71,79,78,80,77,70,73,5
79,3437,Rossato,Unknown,8,29,Brazil,173,77,51,75,55,73,77,80,81,78,66,68,4
79,3438,Gerardo García,Unknown,4,31,Spain,174,72,51,72,63,75,83,81,77,78,73,68,5
79,3442,Javi Navarro,Unknown,3,32,Spain,182,75,47,66,82,77,80,75,73,74,72,76,5
79,3444,Adriano,Unknown,4,22,Brazil,172,67,47,77,58,71,82,83,82,76,68,71,5
79,3446,Maresca,Unknown,7,26,Italy,180,77,47,76,65,80,78,72,68,85,73,75,4
79,3455,Hinkel,Unknown,4,24,Germany,183,75,47,74,69,78,82,80,82,79,67,79,5
79,3458,Duda,Unknown,8,26,Portugal,174,72,47,75,48,72,78,82,79,78,69,72,5
79,3462,Puerta,Unknown,8,21,Spain,183,74,47,66,63,78,79,78,80,75,68,64,5
79,3466,Silva,Unknown,8,20,Spain,171,68,137,74,56,70,81,79,81,78,66,70,5
79,3480,Jorge López,Unknown,8,28,Spain,182,82,79,75,55,79,80,76,80,82,72,66,5
79,3504,Celades,Unknown,5,31,Spain,177,75,118,75,70,73,80,74,70,83,69,72,6
79,3517,Sergio García,Unknown,12,23,Spain,176,69,83,79,33,72,76,82,84,76,64,63,5
79,3532,Frutos,Unknown,12,25,Argentina,193,78,6,77,37,87,76,78,72,75,70,73,5
79,3540,Dufer,Unknown,8,24,Belgium,175,65,4,73,50,69,82,81,84,82,70,58,5
79,3548,Yulu-Matondo,Unknown,12,20,Belgium,183,80,4,70,25,72,76,85,84,76,65,66,5
79,3549,Ishiaku,Unknown,12,23,Nigeria,183,82,4,75,38,82,77,80,75,83,67,66,4
79,3552,Lenaert,Unknown,0,23,Belgium,184,78,4,30,73,79,60,68,69,49,70,66,4
79,3582,Thomassen,Unknown,3,25,Denmark,187,78,50,48,78,84,81,72,72,68,70,75,5
79,3590,Berglund,Unknown,10,27,Sweden,180,80,50,74,40,76,80,80,79,78,65,64,4
79,3599,Dreher,Unknown,0,39,Germany,187,86,5,30,82,83,56,58,60,43,78,75,6
79,3602,Görlitz,Unknown,4,24,Germany,179,76,5,73,63,75,86,82,79,78,72,71,5
79,3607,Kostoulas,Unknown,3,30,Greece,178,72,28,55,75,79,80,75,79,70,74,75,5
79,3608,Domi,Unknown,4,28,France,179,74,28,71,67,74,80,84,80,80,66,60,4
79,3626,Né,Unknown,9,23,Cote d'Ivoire,183,66,28,73,41,72,81,80,82,77,65,65,4
79,3631,Antonsson,Unknown,3,25,Sweden,190,80,32,52,76,86,81,72,70,68,71,72,5
79,3639,Kotsios,Unknown,3,29,Greece,184,79,32,55,75,80,80,74,72,70,70,70,4
79,3640,Andric,Unknown,5,26,Croatia,184,83,32,70,62,82,82,74,73,78,73,69,4
79,3643,Theodoridis,Unknown,9,26,Greece,174,73,32,75,43,72,79,80,75,80,67,69,4
79,3647,Charalambidis,Unknown,9,25,Cyprus,173,67,32,72,45,69,82,81,80,77,67,65,5
79,3659,Birindelli,Unknown,4,31,Italy,176,73,119,64,71,75,81,82,72,73,72,72,4
79,3662,Palladino,Unknown,11,22,Italy,180,75,27,73,30,74,82,79,82,78,69,66,5
79,3664,Benussi,Unknown,0,27,Italy,189,84,95,30,76,81,60,64,65,48,68,68,4
79,3671,Riseth,Unknown,3,34,Norway,187,81,86,61,77,84,78,71,67,70,73,70,6
79,3672,Basma,Unknown,4,34,Norway,189,79,86,68,71,84,82,79,72,69,74,81,5
79,3689,Léo,Unknown,4,31,Brazil,169,62,34,75,63,64,95,83,83,82,75,83,6
79,3693,Alcides Eduardo,Unknown,3,21,Brazil,190,79,70,60,72,82,80,78,72,73,68,68,4
79,3694,Ricardo Rocha,Unknown,3,28,Portugal,183,80,70,64,77,81,80,81,73,74,74,73,4
79,3702,Miguelito,Unknown,4,25,Portugal,174,61,70,67,63,73,87,80,82,74,70,68,5
79,3708,Pedro Emanuel,Unknown,3,31,Portugal,180,80,91,56,80,83,78,73,70,70,81,77,6
79,3710,Raúl Meireles,Unknown,7,23,Portugal,179,65,84,69,65,72,81,78,77,78,68,74,5
79,3721,Adriano,Unknown,12,27,Brazil,180,72,91,81,25,78,76,77,77,78,70,66,4
79,3723,Sokota,Unknown,12,29,Croatia,184,79,91,81,43,83,80,76,70,73,65,70,5
79,3724,Paulo Ribeiro,Unknown,0,22,Portugal,183,74,91,30,75,78,58,67,70,54,68,70,4
79,3728,Tonel,Unknown,3,26,Portugal,184,79,88,50,75,80,81,74,73,70,71,75,5
79,3732,Custódio,Unknown,5,23,Portugal,180,75,88,63,72,78,85,75,73,78,72,80,6
79,3738,Tiago,Unknown,0,31,Portugal,180,72,88,30,79,76,56,66,70,45,72,63,3
79,3742,Ronny,Unknown,4,20,Brazil,175,74,88,69,60,76,82,81,80,77,66,66,4
79,3744,Carlos Martins,Unknown,9,24,Portugal,172,72,88,72,50,71,77,75,79,81,68,67,6
79,3759,Jarosík,Unknown,9,28,Czech Republic,194,87,46,73,69,90,82,75,72,84,70,82,6
79,3784,Bernard,Unknown,4,27,France,175,68,97,72,64,75,85,82,79,77,69,70,5
79,3795,Kusi Asare,Unknown,10,26,Sweden,178,75,57,72,40,72,76,85,83,78,62,65,4
79,3805,Tiago Quirino,Unknown,12,21,Brazil,179,74,57,74,43,72,80,86,85,76,68,63,4
79,3806,Enrico Cardoso,Unknown,9,22,Brazil,176,70,57,73,33,71,76,80,82,82,67,63,4
79,3811,Fahri Tatan,Unknown,9,23,Turkey,175,73,104,70,57,68,83,76,78,80,65,70,4
79,3817,Murat Sahin,Unknown,0,29,Turkey,184,80,104,30,77,80,58,66,70,50,72,73,5
79,3824,Günes,Unknown,8,27,Turkey,176,70,104,75,62,74,80,82,80,78,72,70,5
79,3835,Kulbilge,Unknown,0,26,Turkey,186,84,96,30,76,82,62,65,66,50,69,65,4
79,3847,Orhan Ak,Unknown,4,27,Turkey,179,74,30,65,75,75,81,82,80,71,68,70,5
79,3858,Ayhan Akman,Unknown,9,29,Turkey,173,69,30,76,58,72,79,83,84,78,70,72,6
79,3863,Fevzi Elmas,Unknown,0,23,Turkey,182,74,30,30,76,80,56,59,60,45,64,65,4
79,3864,Emre Asik,Unknown,3,32,Turkey,184,78,30,55,76,85,80,73,65,63,60,66,6
79,3873,El Kaddouri,Unknown,8,25,Morocco,177,67,85,72,60,72,83,80,80,76,68,69,4
79,3877,Rodolfo,Unknown,3,24,Brazil,183,77,85,68,69,81,79,77,73,75,60,60,4
79,3878,Rodrigo,Unknown,4,26,Brazil,182,77,85,73,62,78,80,81,73,73,67,67,4
79,3884,Reva,Unknown,0,31,Ukraine,183,77,85,30,79,78,62,66,68,45,74,73,5
79,3885,Sablic,Unknown,3,27,Croatia,190,86,85,58,78,86,72,69,70,63,70,72,5
79,3887,Peev,Unknown,4,27,Bulgaria,178,75,85,75,63,74,85,81,84,77,72,77,5
79,3899,Garcia Calvo,Unknown,3,31,Spain,185,78,122,60,80,84,82,80,73,72,71,71,4
79,3910,Mareque,Unknown,4,23,Argentina,167,72,91,73,65,73,86,81,81,80,69,75,5
79,3915,Falcão,Unknown,12,20,Colombia,175,78,62,75,38,75,78,80,82,84,63,60,5
79,3932,Sebo,Unknown,12,22,Slovakia,181,77,9,75,40,76,82,78,83,77,70,74,4
79,3949,Gyan,Unknown,4,27,Ghana,175,83,57,60,70,72,85,82,80,75,65,69,3
79,3950,Sisi,Unknown,8,20,Spain,169,68,122,68,45,63,75,80,84,78,65,64,4
79,3955,Upson,Unknown,3,27,England,185,72,58,60,82,83,80,80,82,77,70,75,4
79,3968,Tebily,Unknown,4,30,Cote d'Ivoire,183,83,58,57,72,81,80,80,75,69,69,71,4
79,3974,DJ Campbell,Unknown,12,24,England,178,72,58,76,40,75,81,81,82,74,78,72,4
79,3979,Cunningham,Unknown,3,35,England,183,74,76,44,81,83,78,68,70,65,78,78,5
79,3988,Alnwick,Unknown,0,19,England,185,77,76,32,75,80,65,62,63,49,72,65,4
79,3990,Fernandinho,Unknown,9,21,Brazil,176,66,21,70,57,74,82,83,82,77,67,64,4
79,4002,Marcio Borges,Unknown,3,33,Brazil,180,82,113,57,75,83,80,78,77,70,71,70,5
79,4011,Ziegler,Unknown,0,30,Germany,193,82,113,30,78,81,66,62,63,49,73,72,4
79,4013,Gabriel,Unknown,3,32,Czech Republic,190,84,113,52,75,81,78,75,69,67,67,73,5
79,4020,Wichniarek,Unknown,12,29,Poland,183,79,113,77,43,78,75,77,79,78,68,66,4
79,4021,Ahanfouf,Unknown,12,27,Morocco,184,78,113,78,42,70,80,82,80,81,73,73,5
79,4028,Plaßhenrich,Unknown,5,29,Germany,185,73,98,70,68,75,84,75,73,78,80,80,6
79,4030,Ebbers,Unknown,12,28,Germany,191,87,98,77,43,78,75,77,79,78,75,75,5
79,4052,Rolfes,Unknown,5,23,Germany,190,79,25,69,73,84,80,77,72,80,73,65,4
79,4063,Shutkov,Unknown,0,34,Ukraine,187,83,21,30,80,82,63,63,62,39,72,70,4
79,4083,Amedick,Unknown,3,23,Germany,193,88,66,49,78,81,79,75,76,66,73,70,6
79,4085,Kruska,Unknown,7,18,Germany,178,65,66,64,73,65,79,77,76,80,62,62,4
79,4087,D. Carvalho,Unknown,9,23,Brazil,178,80,60,75,45,73,81,80,76,79,70,75,4
79,4092,Brandao,Unknown,12,26,Brazil,189,78,21,80,34,87,79,76,74,79,66,69,4
79,4093,Bo Svensson,Unknown,3,26,Denmark,190,85,11,51,78,86,80,73,68,67,72,74,6
79,4106,Grava,Unknown,4,29,Italy,172,68,128,66,70,73,88,83,78,76,70,80,5
79,4115,Pröll,Unknown,0,26,Germany,187,86,68,30,75,83,57,66,65,52,70,69,5
79,4116,Vasoski,Unknown,3,26,Macedonia,182,77,68,49,75,80,82,73,72,66,72,73,4
79,4121,Streit,Unknown,10,26,Germany,180,79,68,75,38,72,79,80,76,83,68,67,5
79,4128,Stephan,Unknown,0,20,Germany,188,77,39,35,77,83,72,68,72,65,77,75,5
79,4134,Köhler,Unknown,8,25,Germany,172,66,68,72,50,66,82,80,83,75,66,63,4
79,4144,V. Munteanu,Unknown,9,25,Romania,183,76,140,75,72,76,86,75,70,82,84,82,5
79,4172,Klewer,Unknown,0,29,Germany,192,87,103,30,80,81,59,65,66,47,70,70,5
79,4177,Engelhardt,Unknown,5,24,Germany,186,75,39,73,68,80,82,74,72,80,69,70,4
79,4178,Wetklo,Unknown,0,26,Germany,190,93,110,30,76,86,60,64,67,47,67,67,4
79,4182,Sibon,Unknown,12,32,Netherlands,197,90,39,80,38,94,77,72,68,76,68,72,5
79,4195,Ischdonat,Unknown,0,28,Germany,185,85,110,34,78,86,62,61,60,56,76,72,4
79,4222,De Jong,Unknown,5,20,Netherlands,174,72,13,69,74,82,88,81,82,76,68,72,4
79,4232,Zuraw,Unknown,3,33,Poland,185,79,18,52,76,83,72,69,70,69,70,68,5
79,4243,Vinicius,Unknown,3,25,Brazil,189,81,18,53,74,84,78,67,68,64,72,71,5
79,4260,K. P. Boateng,Unknown,9,19,Germany,185,86,23,73,56,80,82,78,76,82,67,68,5
79,4261,Pellatz,Unknown,0,20,Germany,191,74,23,32,79,76,62,63,66,54,76,70,4
79,4264,Stuhr Ellegaard,Unknown,0,23,Denmark,196,90,23,35,78,90,60,63,66,45,60,65,5
79,4271,Ebert,Unknown,8,19,Germany,175,72,23,74,45,77,77,79,80,82,67,72,4
79,4275,Samba,Unknown,3,22,Congo,196,84,23,54,76,86,76,73,72,66,66,65,5
79,4279,Rafinha,Unknown,4,21,Brazil,172,68,62,74,56,69,82,80,88,79,72,70,5
79,4280,Fährmann,Unknown,0,18,Germany,197,87,52,30,78,82,57,66,65,47,65,65,4
79,4289,Boenisch,Unknown,4,19,Poland,191,85,52,66,74,85,83,73,76,68,73,78,4
79,4294,Baumjohann,Unknown,9,19,Germany,177,72,52,69,49,66,74,80,83,82,66,65,4
79,4318,Bierofka,Unknown,8,27,Germany,178,72,49,72,48,75,79,80,81,78,73,69,5
79,4331,Renno,Unknown,0,27,Germany,186,88,71,30,78,85,58,63,60,47,75,74,6
79,4354,Platins,Unknown,0,22,Germany,190,82,7,30,75,85,57,66,65,48,69,66,4
79,4358,Menseguez,Unknown,9,22,Argentina,174,68,7,72,41,70,80,80,82,76,66,67,4
79,4359,Owomoyela,Unknown,4,26,Germany,187,78,27,73,61,85,81,80,70,76,72,74,5
79,4366,H. Almeida,Unknown,12,21,Portugal,190,79,27,75,40,85,75,82,76,76,72,70,4
79,4380,Möhrle,Unknown,3,25,Germany,189,77,7,53,78,87,72,69,67,66,75,73,5
79,4383,Thiam,Unknown,5,32,Guinea,186,76,8,68,72,83,86,77,78,78,75,74,5
79,4389,Hoogendorp,Unknown,12,31,Netherlands,181,79,7,82,41,79,81,75,73,82,71,72,6
79,4445,G. Bale,Unknown,4,18,Wales,183,73,141,68,64,73,79,80,83,77,68,70,7
79,4451,Alexis Sanchez,Unknown,11,18,Chile,170,78,141,72,33,74,81,76,80,80,66,64,8
79,4456,Alexandre Pato,Unknown,12,17,Brazil,179,71,141,73,30,68,77,82,88,84,63,70,7
79,4461,Marcelo,Unknown,4,18,Brazil,174,67,141,69,60,68,83,83,82,81,70,69,5
79,4467,Danny,Unknown,9,22,Portugal,178,70,141,77,45,72,77,80,82,83,70,68,6
79,4472,Lizarazu,Unknown,4,36,France,169,73,141,69,72,78,82,75,79,80,80,70,6
79,4475,Y. Bolasie,Unknown,10,19,DR Congo,185,77,141,71,44,76,70,81,80,81,70,67,6
79,4479,J. Wilshere,Unknown,9,16,England,170,65,141,69,50,67,71,78,83,81,61,73,5
79,4486,E. Hazard,Unknown,8,17,Belgium,170,64,141,70,39,64,69,82,77,83,63,74,6
79,4490,Fabio Coentrão,Unknown,8,19,Portugal,178,68,141,71,41,73,80,79,83,78,68,69,7
79,4492,Paolo Montero,Unknown,3,35,Uruguay,179,74,62,52,87,80,72,69,67,75,74,80,6
79,4494,Vagner Love,Unknown,12,22,Brazil,171,72,17,80,34,73,81,84,86,75,66,74,5
79,4505,Fran,Unknown,8,32,Spain,175,72,141,81,55,73,78,76,73,89,90,83,7
79,4513,D. Mertens,Unknown,10,20,Belgium,164,55,141,75,45,63,77,75,83,80,65,72,6
79,4517,Romario,Unknown,12,40,Brazil,169,76,141,82,25,72,69,72,78,87,90,75,6
79,4536,Fábio Paim,Unknown,10,18,Portugal,171,66,141,70,32,69,70,79,81,80,60,60,7
79,4537,Rafael,Unknown,4,17,Brazil,172,81,141,68,55,73,79,82,82,76,66,68,7
79,4542,F. Muslera,Unknown,0,21,Uruguay,190,74,141,33,77,77,68,62,61,49,67,68,6
79,4555,M. Rodrigues,Unknown,5,27,Brazil,186,80,141,69,73,81,83,75,73,80,78,75,5
79,4568,James Rodríguez,Unknown,9,18,Colombia,180,79,141,70,54,72,80,81,77,78,70,74,6
79,4572,Chicharito,Unknown,12,19,Mexico,172,62,141,73,32,75,78,81,84,77,65,69,5
79,4575,S. Kagawa,Unknown,9,18,Japan,172,63,141,70,53,70,78,79,82,83,65,73,5
79,4576,M. Hamsik,Unknown,7,19,Slovakia,183,73,141,66,61,74,75,84,76,82,67,66,4
79,4582,K. Navas,Unknown,0,20,Costa Rica,186,78,141,36,75,79,55,68,68,55,66,72,4
79,4589,Taribo West,Unknown,3,32,Nigeria,186,87,34,53,75,85,73,83,78,70,67,65,4
79,4668,Soler,Unknown,4,19,Spain,176,63,141,68,65,76,74,81,85,48,72,66,6
79,32922,Papac,Unknown,4,26,Bosnia and Herzegovina,185,78,9,63,74,81,82,75,74,67,74,67,4
79,32929,F. Campbell,Unknown,12,19,England,172,82,115,74,40,76,79,84,81,78,64,65,4
79,32931,Mtiliga,Unknown,4,25,Denmark,171,75,136,65,69,72,82,84,83,73,72,70,4
79,32940,Kowalewski,Unknown,0,28,Poland,189,80,92,30,77,79,62,63,64,50,68,70,4
78,3,Stranzl,Unknown,3,26,Austria,190,82,2,65,75,85,78,75,70,72,70,77,5
78,7,Aufhauser,Unknown,5,30,Austria,185,80,141,61,67,82,82,72,71,76,74,72,5
78,8,Schopp,Unknown,8,32,Austria,188,82,141,70,66,81,83,82,72,81,72,72,6
78,14,Ehmann,Unknown,3,33,Austria,188,81,141,53,76,84,75,69,66,66,74,74,4
78,20,Lasnik,Unknown,8,22,Austria,183,78,141,73,42,75,75,78,77,81,67,67,5
78,21,Säumel,Unknown,9,22,Austria,180,74,141,70,59,73,80,75,74,80,67,69,5
78,33,Pieroni,Unknown,12,26,Belgium,187,87,10,76,48,82,80,80,73,73,69,73,5
78,52,Yankov,Unknown,5,22,Bulgaria,176,73,18,73,59,68,81,80,79,81,67,65,4
78,58,G. Petkov,Unknown,0,30,Bulgaria,187,76,141,30,74,83,60,65,66,46,73,67,4
78,59,Kolev,Unknown,0,30,Bulgaria,186,82,141,30,75,81,60,62,67,65,73,75,5
78,65,Genkov,Unknown,8,20,Bulgaria,186,76,141,73,44,71,81,80,80,77,64,65,4
78,74,Iuliano,Unknown,3,32,Italy,187,80,24,66,80,82,76,72,70,75,74,72,6
78,80,Prso,Unknown,12,31,Croatia,190,86,9,81,43,88,75,76,69,80,72,75,6
78,86,Seric,Unknown,4,27,Croatia,184,75,32,71,63,75,79,83,78,84,70,70,5
78,100,Plasil,Unknown,8,24,Czech Republic,183,71,31,73,60,73,84,80,72,81,70,78,5
78,107,Jiránek,Unknown,4,27,Czech Republic,183,78,2,58,75,81,84,74,72,69,72,75,5
78,109,Polák,Unknown,7,25,Czech Republic,181,77,39,72,68,81,84,77,80,76,71,75,5
78,119,Priske,Unknown,3,29,Denmark,188,76,4,51,74,85,76,73,69,68,69,68,5
78,134,Kahlenberg,Unknown,9,23,Denmark,185,72,10,74,54,74,77,76,78,80,69,70,5
78,138,Larsen,Unknown,12,25,Denmark,194,90,52,79,26,89,79,72,70,75,65,70,4
78,142,G. Neville,Unknown,4,31,England,180,78,34,69,75,75,82,76,75,75,89,89,6
78,166,Kallio,Unknown,4,28,Finland,194,84,141,72,55,87,80,79,70,75,70,73,4
78,178,Haapala,Unknown,7,27,Finland,180,77,141,66,65,78,83,75,73,77,65,73,4
78,181,Kolkka,Unknown,10,32,Finland,173,75,15,75,43,73,78,80,77,81,74,73,5
78,182,Sjölund,Unknown,10,23,Finland,178,73,57,70,36,66,78,84,78,78,70,65,4
78,183,Johansson,Unknown,12,31,Finland,188,80,141,80,38,74,75,77,78,76,72,73,5
78,200,Givet,Unknown,3,25,France,181,81,31,58,80,79,80,77,78,65,78,80,5
78,223,Jansen,Unknown,4,20,Germany,190,88,11,69,63,83,82,76,75,73,67,72,5
78,235,Zagorakis,Unknown,5,34,Greece,178,74,141,69,76,77,88,75,74,70,80,85,6
78,246,Fyssas,Unknown,4,33,Greece,188,80,141,72,72,83,81,78,72,76,72,75,4
78,249,Liberopoulos,Unknown,11,31,Greece,187,82,141,83,43,83,77,75,82,86,73,73,6
78,252,Salpingidis,Unknown,12,25,Greece,172,77,32,74,40,72,80,77,79,80,67,72,4
78,256,Vanczák,Unknown,3,23,Hungary,188,78,141,53,74,85,78,60,67,66,70,71,4
78,261,Boor,Unknown,8,28,Hungary,170,67,141,70,58,65,84,81,78,75,70,68,4
78,266,Gyepes,Unknown,3,25,Hungary,191,83,141,53,73,87,79,68,67,65,68,69,4
78,267,Stark,Unknown,3,28,Hungary,190,82,141,52,74,83,80,71,70,65,70,70,4
78,268,Máté,Unknown,3,21,Hungary,194,90,72,52,72,88,76,69,67,64,68,70,4
78,269,György Korsós,Unknown,4,30,Hungary,181,76,141,71,70,78,84,79,76,76,70,75,6
78,271,Halmosi,Unknown,8,27,Hungary,183,74,141,71,45,75,80,81,77,76,65,67,4
78,272,Buzsáky,Unknown,9,24,Hungary,180,74,141,72,40,80,78,80,78,77,70,66,4
78,274,Rajczi,Unknown,10,25,Hungary,183,77,141,73,33,72,79,80,80,76,74,69,4
78,275,Z. Kovács,Unknown,12,33,Hungary,179,78,141,74,34,75,82,82,80,75,73,75,4
78,282,Kavanagh,Unknown,7,32,Ireland,178,81,76,68,68,85,83,74,72,78,85,80,6
78,292,Stephen Kelly,Unknown,4,23,Ireland,181,77,58,66,67,79,81,77,76,70,71,69,5
78,307,Gattuso,Unknown,7,28,Italy,177,77,38,66,82,83,95,81,82,73,94,82,5
78,316,Oddo,Unknown,4,30,Italy,183,76,80,72,64,75,85,75,77,75,69,71,5
78,319,Perrotta,Unknown,7,29,Italy,178,72,79,70,72,82,93,80,77,73,70,88,6
78,324,Zakresevskis,Unknown,3,35,Latvia,189,77,141,50,74,83,80,69,68,63,65,71,4
78,334,Piedels,Unknown,0,36,Latvia,193,89,141,30,75,87,57,62,60,45,75,70,4
78,341,Blanks,Unknown,8,20,Latvia,171,69,141,68,46,61,73,84,78,76,66,60,3
78,344,Prohorenkovs,Unknown,12,29,Latvia,185,84,141,73,42,78,77,82,82,74,67,73,4
78,364,Landzaat,Unknown,7,30,Netherlands,178,70,1,77,65,78,84,81,75,78,72,84,6
78,372,Baird,Unknown,4,24,Northern Ireland,186,76,141,71,67,79,80,80,74,70,71,72,5
78,378,Healy,Unknown,12,27,Northern Ireland,170,67,141,76,37,63,81,82,80,79,71,77,5
78,381,Murdock,Unknown,3,31,Northern Ireland,191,76,141,49,74,84,76,72,70,69,69,70,4
78,385,McCann,Unknown,7,26,Northern Ireland,178,79,141,63,60,66,84,80,71,76,72,60,4
78,417,Bak,Unknown,3,33,Poland,187,78,141,50,78,82,77,72,64,70,76,69,5
78,424,Szymkowiak,Unknown,9,29,Poland,179,69,141,76,65,69,81,77,72,80,70,75,5
78,435,Jelen,Unknown,10,25,Poland,182,74,10,72,40,72,80,81,80,74,68,68,4
78,443,Costinha,Unknown,5,31,Portugal,181,74,20,65,77,78,86,75,73,76,82,88,7
78,451,Ricardo Costa,Unknown,3,25,Portugal,183,80,91,60,78,80,80,77,76,69,72,70,6
78,477,Soava,Unknown,3,28,Romania,188,80,141,58,72,84,81,74,72,69,73,74,5
78,485,V. Berezutski,Unknown,3,24,Russia,189,83,34,58,75,85,80,74,70,71,67,68,4
78,488,A. Berezutski,Unknown,3,24,Russia,190,82,113,56,76,86,79,73,71,71,67,69,4
78,502,Semshov,Unknown,9,28,Russia,169,60,141,74,48,72,78,80,77,80,67,68,4
78,505,Kirichenko,Unknown,12,29,Russia,174,73,141,77,37,68,77,82,84,78,70,70,5
78,508,Pressley,Unknown,3,33,Scotland,183,79,141,55,77,82,80,72,69,70,76,79,5
78,511,Ian Murray,Unknown,4,25,Scotland,183,69,9,66,68,75,82,78,74,73,79,75,5
78,516,McCulloch,Unknown,12,28,Scotland,185,84,1,76,53,83,80,76,78,73,70,74,5
78,520,Gary Caldwell,Unknown,3,24,Scotland,185,79,46,53,80,81,79,75,74,69,69,70,5
78,522,Webster,Unknown,3,24,Scotland,183,64,1,52,74,83,83,73,70,66,67,72,4
78,523,Anderson,Unknown,3,28,Scotland,180,75,141,55,75,78,81,75,73,70,78,76,5
78,528,Boyd,Unknown,12,23,Scotland,183,83,9,80,38,77,77,80,78,73,69,66,4
78,543,Capuano,Unknown,4,24,Italy,185,74,82,68,74,82,80,75,74,74,73,73,3
78,550,Sasa Ilic,Unknown,9,28,Serbia and Montenegro,178,72,60,78,62,69,78,78,78,80,71,75,6
78,552,Zigic,Unknown,12,26,Serbia and Montenegro,202,96,121,79,36,96,75,75,69,75,70,69,5
78,563,Vittek,Unknown,12,24,Slovakia,187,82,39,79,37,83,80,76,74,75,72,70,6
78,566,Marek Cech,Unknown,4,23,Slovakia,180,73,91,66,62,76,80,78,78,74,66,66,4
78,572,Michalik,Unknown,8,32,Slovakia,183,79,141,74,65,80,78,78,76,80,74,81,6
78,595,Siljak,Unknown,12,33,Slovenia,180,79,141,84,29,78,77,77,72,74,74,69,6
78,596,Cimirotic,Unknown,12,32,Slovenia,184,74,141,79,40,82,71,84,78,78,70,69,5
78,613,Juanito,Unknown,3,30,Spain,183,78,67,62,83,80,78,77,68,64,66,80,5
78,624,Lucic,Unknown,4,33,Sweden,186,78,141,62,77,82,84,78,75,73,74,80,5
78,627,Linderoth,Unknown,7,27,Sweden,176,72,50,69,77,73,87,76,70,80,72,80,5
78,639,Rea,Unknown,3,24,Italy,185,74,24,62,76,78,81,76,75,74,70,74,5
78,640,Jonson,Unknown,12,32,Sweden,178,76,57,79,55,79,83,77,79,75,78,81,5
78,646,Müller,Unknown,3,29,Switzerland,183,69,31,56,82,77,79,72,69,76,84,83,6
78,659,Spycher,Unknown,4,28,Switzerland,175,76,68,69,70,78,81,76,73,76,70,75,5
78,669,Tolga Seyhan,Unknown,3,29,Turkey,187,75,30,54,78,80,79,70,71,68,70,71,5
78,683,Huseyin Cimsir,Unknown,5,27,Turkey,187,82,141,64,67,83,80,75,74,75,72,75,5
78,686,Nuri Sahin,Unknown,9,17,Turkey,179,65,66,73,60,70,75,78,76,83,63,78,6
78,694,Yezersky,Unknown,4,29,Ukraine,186,76,141,64,72,78,82,76,73,73,73,77,5
78,698,Gusev,Unknown,8,23,Ukraine,179,73,85,76,50,75,82,83,82,80,67,74,5
78,708,Nazarenko,Unknown,7,26,Ukraine,176,68,141,65,66,71,83,80,78,76,70,70,5
78,718,S. Ricketts,Unknown,4,25,Wales,185,77,141,65,65,78,81,76,75,70,70,73,4
78,720,Partridge,Unknown,3,27,Wales,186,89,141,52,72,85,82,72,68,66,68,68,4
78,727,James Collins,Unknown,3,23,Wales,188,81,4,64,75,83,78,72,68,63,67,66,4
78,735,Cotterill,Unknown,8,18,Wales,175,71,1,71,38,70,80,80,83,74,63,60,4
78,737,Joao Ricardo,Unknown,0,36,Angola,179,81,141,30,78,78,62,68,72,48,74,73,3
78,746,Figueredo,Unknown,5,33,Angola,177,77,141,70,57,73,84,72,73,76,72,75,5
78,751,Lebo Lebo,Unknown,3,29,Angola,193,80,141,54,70,87,78,73,67,66,67,73,3
78,752,Marcos Airosa,Unknown,4,22,Angola,178,75,141,67,58,72,85,78,83,76,67,72,4
78,759,Titi Buengo,Unknown,12,26,Angola,189,87,141,73,40,88,74,78,73,71,69,63,3
78,775,Bilayi Ateba,Unknown,4,25,Cameroon,172,65,36,66,60,78,75,85,80,79,65,71,5
78,782,Meyong Ze,Unknown,12,26,Cameroon,184,71,141,74,37,74,79,81,83,76,67,66,4
78,785,<L 785>,Unknown,3,26,Cote d'Ivoire,185,82,56,48,80,81,81,80,70,67,69,72,5
78,789,Yaya Toure,Unknown,7,23,Cote d'Ivoire,187,78,8,73,65,90,89,75,70,80,66,67,5
78,795,Barry,Unknown,0,26,Cote d'Ivoire,180,69,141,30,71,75,61,75,76,50,63,63,3
78,818,Owu,Unknown,0,24,Ghana,190,97,141,30,72,87,58,63,60,45,70,62,3
78,853,Morris,Unknown,3,25,South Africa,176,71,32,50,76,76,84,81,80,70,66,69,4
78,855,Tau,Unknown,4,26,South Africa,176,60,141,62,68,76,84,76,80,73,67,70,4
78,862,Bartlett,Unknown,12,33,South Africa,188,78,141,81,38,82,73,75,74,80,70,70,6
78,866,Carnell,Unknown,4,29,South Africa,174,70,141,63,72,75,83,76,72,73,67,66,4
78,869,Arthur Zwane,Unknown,8,33,South Africa,178,79,141,72,56,70,78,76,77,80,73,71,4
78,877,Nibombe,Unknown,3,26,Togo,196,94,141,55,70,91,73,67,66,68,60,67,4
78,879,Assemoassa,Unknown,3,26,Togo,184,83,141,63,70,82,80,72,76,75,72,68,3
78,886,Tchagnirou,Unknown,0,28,Togo,190,85,141,30,72,83,61,66,67,45,72,61,3
78,889,Forson,Unknown,4,26,Togo,180,70,141,65,55,80,76,80,74,69,63,55,2
78,894,Dossevi,Unknown,8,27,Togo,183,81,115,73,42,73,78,80,81,74,68,63,4
78,897,Malm,Unknown,12,33,Togo,180,73,141,74,35,80,73,83,81,74,72,66,4
78,898,Boumnijel,Unknown,0,40,Tunisia,187,83,141,30,78,78,59,66,66,38,72,65,4
78,900,Haggui,Unknown,3,22,Tunisia,190,83,25,60,82,78,82,75,74,72,66,71,4
78,906,Namouchi,Unknown,7,22,Tunisia,183,74,116,71,57,78,81,81,77,81,67,65,5
78,911,Saidi,Unknown,3,23,Tunisia,184,76,15,57,75,82,78,81,75,67,64,63,5
78,914,Nafti,Unknown,5,27,Tunisia,178,75,58,69,73,79,88,69,73,76,72,75,5
78,918,Essediri,Unknown,10,27,Tunisia,185,83,86,73,53,77,80,83,82,73,69,70,4
78,924,Marín,Unknown,3,32,Costa Rica,180,76,141,55,78,82,76,72,78,66,75,70,5
78,928,González,Unknown,4,25,Costa Rica,186,74,141,65,68,80,82,77,72,75,70,73,4
78,946,Osorio,Unknown,3,26,Mexico,173,68,49,66,76,74,86,80,82,76,68,85,6
78,950,Mario Méndez,Unknown,4,27,Mexico,175,67,141,67,68,73,86,78,78,75,72,76,5
78,953,Franco,Unknown,12,29,Mexico,182,76,100,80,35,76,76,77,77,82,70,72,5
78,960,R. Garcia,Unknown,5,32,Mexico,175,66,141,67,69,64,82,77,78,81,72,80,5
78,986,Latapy,Unknown,9,38,Trinidad and Tobago,170,72,141,75,52,68,69,70,74,88,75,76,6
78,995,Reyna,Unknown,7,33,United States,175,73,45,75,72,75,81,73,69,84,78,84,7
78,1001,Julio Sergio,Unknown,0,28,Brazil,187,80,79,30,80,80,60,64,60,48,70,63,4
78,1004,Berhalter,Unknown,3,33,United States,185,76,141,50,75,83,76,70,67,64,71,70,4
78,1009,Dempsey,Unknown,11,23,United States,186,75,8,75,50,79,80,80,76,80,67,68,5
78,1071,Pinto,Unknown,0,23,Chile,180,73,141,30,75,80,55,60,65,50,65,65,5
78,1091,Murillo,Unknown,11,29,Colombia,178,63,141,77,56,80,84,80,76,80,73,74,5
78,1096,Najera,Unknown,3,23,Colombia,180,74,141,50,76,77,78,75,75,65,70,75,5
78,1103,Yanes,Unknown,11,23,Colombia,174,69,141,73,42,75,78,80,81,76,66,66,4
78,1106,I. Hurtado,Unknown,3,32,Ecuador,179,77,141,52,80,84,72,77,78,71,74,76,6
78,1126,Kaviedes,Unknown,12,29,Ecuador,182,71,141,77,29,78,71,80,76,86,57,69,4
78,1129,J. C. Cáceres,Unknown,3,27,Paraguay,181,78,123,60,80,81,83,71,74,69,66,62,5
78,1135,Bonet,Unknown,8,29,Paraguay,176,75,141,72,72,74,85,80,76,76,72,76,6
78,1142,Da Silva,Unknown,4,26,Paraguay,184,83,141,63,72,78,82,80,79,70,63,74,5
78,1149,Cabañas,Unknown,11,26,Paraguay,173,77,84,81,40,73,82,83,82,78,69,64,5
78,1151,Butron,Unknown,0,29,Peru,184,81,141,30,78,83,63,61,66,65,73,67,4
78,1152,Villalta,Unknown,3,25,Peru,180,75,141,50,77,78,80,73,70,69,69,67,5
78,1165,Prado,Unknown,4,27,Peru,173,77,141,62,65,80,80,76,76,73,70,70,5
78,1170,Olcese,Unknown,9,32,Peru,168,64,141,72,40,65,75,75,80,84,72,75,5
78,1178,D. Rodríguez,Unknown,4,32,Uruguay,183,82,52,72,75,82,77,77,71,75,75,68,5
78,1180,P. García,Unknown,5,29,Uruguay,186,73,92,69,72,83,85,72,70,78,69,70,6
78,1186,Oscar Castro,Unknown,0,25,Uruguay,185,73,141,30,75,80,60,75,70,45,65,65,5
78,1189,P. Lima,Unknown,4,25,Uruguay,179,76,141,65,62,73,82,78,76,74,67,70,5
78,1201,Nosrati,Unknown,4,25,Iran,185,76,141,63,74,80,75,77,80,52,66,71,5
78,1209,Talebloo,Unknown,0,24,Iran,188,72,141,30,73,80,61,65,68,46,68,65,4
78,1210,Bakhtiarizadeh,Unknown,3,29,Iran,185,76,141,47,75,80,74,67,65,64,70,63,4
78,1215,Zandi,Unknown,9,27,Iran,184,80,141,75,44,73,76,80,75,83,65,66,6
78,1219,Enayati,Unknown,12,30,Iran,188,73,141,81,33,82,78,79,76,74,70,77,5
78,1225,Santos,Unknown,8,29,Japan,178,69,141,72,50,72,78,80,83,81,67,60,2
78,1251,Al-Temyat,Unknown,9,30,Saudi Arabia,175,70,141,76,42,73,80,75,75,81,68,65,4
78,1252,Noor,Unknown,7,28,Saudi Arabia,181,76,141,70,63,73,85,82,84,74,74,65,4
78,1273,Jun,Unknown,9,32,South Korea,177,71,141,78,45,79,78,76,75,81,70,67,4
78,1283,Kim Nam Il,Unknown,5,29,South Korea,180,75,141,65,75,84,85,72,71,70,87,75,6
78,1294,Wilkshire,Unknown,4,25,Australia,179,71,127,65,68,79,83,76,75,72,68,69,4
78,1302,Popovic,Unknown,3,33,Australia,193,88,141,55,77,81,75,76,76,75,75,80,5
78,1305,Cahill,Unknown,7,26,Australia,175,68,90,78,67,75,86,77,78,76,75,81,6
78,1309,Aloisi,Unknown,12,30,Australia,185,80,141,82,40,83,78,75,73,73,78,73,5
78,1336,Janvion,Unknown,3,28,France,172,69,141,65,84,84,78,79,77,69,61,80,5
78,1345,Six,Unknown,10,26,France,177,76,141,78,40,75,81,77,76,79,75,77,5
78,1385,Collovati,Unknown,3,25,Italy,182,75,141,60,83,81,80,75,74,64,73,72,5
78,1386,Oriali,Unknown,5,29,Italy,176,74,141,70,73,75,92,75,77,70,79,83,5
78,1404,Jongbloed,Unknown,0,34,Netherlands,180,74,141,30,77,74,63,73,74,58,70,75,5
78,1410,Jansen,Unknown,5,27,Netherlands,165,78,141,68,68,72,90,73,75,80,80,83,5
78,1421,Erwin Koeman,Unknown,8,26,Netherlands,181,78,141,64,76,81,83,77,76,75,78,80,6
78,1441,Tarantini,Unknown,4,25,Argentina,179,72,141,77,73,76,87,78,75,74,77,78,6
78,1451,Piazza,Unknown,3,27,Brazil,176,74,141,61,83,79,78,72,73,80,85,90,7
78,1494,Agbonlahor,Unknown,12,20,England,180,79,19,70,42,70,73,84,83,79,60,65,4
78,1513,Savini,Unknown,4,27,Italy,182,74,128,57,70,77,86,77,76,71,68,70,5
78,1539,Tal,Unknown,7,31,Israel,180,69,56,73,65,77,85,78,77,75,66,73,4
78,1544,Fortune,Unknown,3,26,England,188,84,48,63,75,84,75,77,70,71,68,70,5
78,1545,Hreidarsson,Unknown,4,32,Iceland,190,82,48,67,75,84,80,80,75,70,77,67,6
78,1546,Young,Unknown,4,27,England,183,78,48,64,70,74,84,77,76,74,70,77,5
78,1556,R. Maldonado,Unknown,3,27,Paraguay,180,77,128,56,75,79,83,77,76,71,73,75,4
78,1578,Hibbert,Unknown,4,25,England,175,72,90,60,75,76,84,81,80,75,60,72,6
78,1593,Turner,Unknown,0,22,Scotland,191,76,90,30,75,83,60,68,65,43,66,65,4
78,1605,M. Brown,Unknown,7,29,England,176,77,45,66,68,71,88,80,76,77,67,71,5
78,1610,Volz,Unknown,4,23,Germany,178,82,45,70,68,75,87,81,82,72,74,70,4
78,1628,Warnock,Unknown,4,24,England,180,74,44,70,69,73,80,81,78,78,66,65,5
78,1632,Fábio Aurélio,Unknown,4,27,Brazil,178,75,44,75,61,74,77,83,80,77,66,68,5
78,1633,Paul Anderson,Unknown,8,18,England,175,65,44,65,45,65,72,78,83,80,60,69,4
78,1651,Sibierski,Unknown,9,32,France,188,71,129,80,50,81,78,72,75,86,68,70,6
78,1652,Ireland,Unknown,9,18,Ireland,178,70,79,70,65,74,81,74,78,81,65,78,7
78,1656,K. Schmeichel,Unknown,0,19,Denmark,183,78,92,30,72,80,59,66,69,49,72,67,4
78,1668,Lago,Unknown,3,27,Uruguay,187,80,86,54,74,84,83,76,73,66,69,75,6
78,1682,Ehiogu,Unknown,3,33,England,188,90,3,55,80,86,74,74,68,66,72,75,5
78,1693,Davies,Unknown,3,21,England,188,82,3,53,73,83,80,76,72,67,67,63,4
78,1696,Bogdani,Unknown,12,29,Albania,191,82,95,78,36,85,83,76,70,77,71,72,4
78,1703,Butt,Unknown,5,31,England,178,71,64,62,76,78,83,78,81,70,80,86,6
78,1707,Steven Taylor,Unknown,3,20,England,188,81,94,60,74,83,82,75,76,69,66,70,4
78,1708,Ramage,Unknown,3,22,England,185,76,71,60,70,84,84,80,75,67,72,68,4
78,1719,Primus,Unknown,3,33,England,178,76,26,63,78,80,80,74,75,67,70,73,5
78,1720,Pamarot,Unknown,4,27,France,180,86,26,61,72,83,81,73,70,61,68,72,5
78,1723,Pedro Mendes,Unknown,5,27,Portugal,177,78,94,72,69,82,81,76,73,77,70,75,6
78,1729,Stefanovic,Unknown,3,31,Serbia and Montenegro,180,83,26,62,80,79,82,70,72,76,68,68,5
78,1742,Little,Unknown,8,31,England,191,83,72,75,35,80,82,80,77,74,73,69,5
78,1752,Oster,Unknown,8,27,Wales,175,67,72,74,43,72,82,77,75,77,67,72,4
78,1759,Unsworth,Unknown,4,33,England,185,86,77,50,77,79,87,70,68,63,75,84,5
78,1760,Jagielka,Unknown,3,24,England,183,83,77,63,75,83,83,74,75,75,72,77,6
78,1761,Tonge,Unknown,7,23,England,183,74,77,76,54,77,80,75,80,77,70,75,6
78,1764,Webber,Unknown,12,24,England,178,72,77,76,30,75,74,81,77,77,64,68,4
78,1773,Quinn,Unknown,7,27,Ireland,175,66,77,71,66,70,82,80,78,76,71,74,4
78,1795,Davenport,Unknown,3,23,England,193,89,53,60,75,81,80,72,67,69,68,68,5
78,1808,Foster,Unknown,0,23,England,188,80,132,30,80,84,61,66,65,55,70,67,5
78,1810,DeMerit,Unknown,3,26,United States,180,82,132,46,74,79,80,74,77,67,70,71,4
78,1822,Powell,Unknown,4,37,England,178,71,132,61,68,78,85,75,74,69,73,75,5
78,1826,Taarabt,Unknown,9,17,France,177,69,109,67,40,77,73,80,81,83,64,68,3
78,1838,Reo-Coker,Unknown,7,22,England,175,77,5,66,68,82,85,76,76,76,68,74,6
78,1851,Zamora,Unknown,12,25,England,185,73,96,77,39,80,75,81,79,75,68,71,4
78,1856,Hall,Unknown,3,25,England,193,83,1,53,74,88,80,74,70,70,64,70,5
78,1874,Sagna,Unknown,4,23,France,176,72,10,68,62,75,84,83,69,73,65,70,4
78,1875,Radet,Unknown,4,29,France,175,75,10,64,69,78,88,75,76,73,72,78,6
78,1883,Martin,Unknown,4,21,France,185,73,10,66,63,76,80,82,75,74,66,68,3
78,1890,Kaboul,Unknown,3,20,France,190,87,10,53,75,80,76,76,73,68,62,63,4
78,1894,Planus,Unknown,3,24,France,183,76,111,48,81,81,75,77,75,74,72,79,6
78,1898,Alonso,Unknown,8,24,Argentina,170,68,111,72,43,64,82,80,76,78,65,68,4
78,1904,Beto,Unknown,3,30,Portugal,185,74,130,60,83,75,80,78,72,75,75,72,5
78,1912,E. Perea,Unknown,12,22,Colombia,178,73,111,75,35,72,80,83,82,79,68,68,5
78,1916,Basa,Unknown,3,23,Serbia and Montenegro,190,80,107,52,76,84,79,71,70,67,66,69,4
78,1920,Coutadeur,Unknown,7,20,France,174,67,107,60,69,70,86,78,76,73,67,73,4
78,1921,Ismaël Bangoura,Unknown,12,21,Guinea,174,72,107,73,35,67,76,82,85,77,76,63,4
78,1932,Sessegnon,Unknown,8,22,Benin,172,73,107,69,66,73,82,80,78,76,67,69,4
78,1937,Paulo André,Unknown,3,23,Brazil,188,82,107,50,73,83,78,72,70,67,70,66,4
78,1942,Demont,Unknown,4,28,France,176,68,8,75,57,78,83,79,75,78,72,64,5
78,1944,Keita,Unknown,7,26,Mali,183,77,109,76,54,71,76,76,75,81,62,70,6
78,1945,Boukari,Unknown,10,19,France,182,70,109,72,46,72,81,80,80,76,62,65,4
78,1947,Jussie,Unknown,9,23,Brazil,180,70,109,73,52,69,75,81,82,81,67,69,5
78,1949,Brocard,Unknown,0,20,France,186,77,109,30,71,78,57,65,67,66,68,64,3
78,1954,Barul,Unknown,4,29,France,175,72,109,62,68,70,82,81,80,72,70,65,5
78,1959,Jemaâ,Unknown,12,22,Tunisia,185,80,109,75,39,79,80,77,75,75,70,68,5
78,1961,Schmitz,Unknown,3,25,Brazil,182,77,103,50,77,81,80,70,70,68,72,79,5
78,1964,Tafforeau,Unknown,4,30,France,175,68,103,62,74,73,84,75,74,70,77,78,5
78,1965,Dumont,Unknown,5,24,France,183,74,103,67,65,73,84,77,78,82,74,70,5
78,1969,Vitakic,Unknown,3,29,Serbia and Montenegro,185,85,103,43,78,83,78,73,70,67,74,83,5
78,1978,Audel,Unknown,12,22,France,180,75,103,74,38,75,77,84,82,77,67,66,5
78,1980,Pichon,Unknown,0,25,France,185,70,103,30,77,77,56,66,70,49,68,66,4
78,1986,Audard,Unknown,0,28,France,188,89,116,35,78,80,56,66,64,45,72,70,5
78,1996,M'bodji,Unknown,12,22,France,177,69,116,75,40,74,80,82,80,76,69,68,4
78,1997,Cappone,Unknown,0,27,France,182,74,116,30,74,78,61,65,72,50,69,65,4
78,2011,Gignac,Unknown,12,20,France,186,84,116,76,40,83,83,76,74,75,70,72,3
78,2013,Clerc,Unknown,4,23,France,186,77,67,67,62,84,82,74,74,77,71,73,5
78,2019,Berthod,Unknown,4,22,France,179,77,44,71,64,71,81,81,82,80,68,70,5
78,2024,Idangar,Unknown,8,22,France,172,72,132,66,40,70,72,82,80,75,63,60,3
78,2026,Carrasso,Unknown,0,24,France,192,85,64,30,78,83,60,61,64,55,68,57,4
78,2027,Civelli,Unknown,3,23,Argentina,191,87,64,56,72,84,81,69,67,69,66,66,5
78,2037,Leo Matos,Unknown,4,20,Brazil,182,72,64,60,71,73,82,80,83,77,55,68,4
78,2038,Mame N'Diaye,Unknown,8,20,Senegal,178,68,64,67,39,70,73,80,86,74,63,60,3
78,2063,Menez,Unknown,12,19,France,182,73,31,73,28,70,76,84,83,80,67,68,5
78,2066,Diakhaté,Unknown,3,22,Senegal,184,78,133,45,73,81,84,79,75,68,75,67,4
78,2071,N'Guemo,Unknown,7,20,Cameroon,173,70,133,66,60,73,79,82,80,76,67,65,4
78,2075,Kim,Unknown,12,26,Brazil,178,78,133,73,39,77,77,83,80,83,63,61,4
78,2093,Cubilier,Unknown,4,27,France,181,80,60,65,71,78,77,83,78,70,61,66,4
78,2095,Capoue,Unknown,8,24,France,185,74,60,72,55,74,80,82,79,75,65,64,4
78,2100,Ca,Unknown,5,19,Guinea-Bissau,172,69,60,66,62,79,77,80,74,80,71,61,3
78,2120,Jérémie Moreau,Unknown,0,26,France,187,78,108,30,75,80,60,68,68,45,66,65,4
78,2133,Armand,Unknown,4,26,France,182,82,36,63,74,77,80,80,75,75,72,71,6
78,2137,Pancrate,Unknown,11,26,France,187,74,36,75,45,82,83,78,84,73,69,69,6
78,2141,Sammy Traoré,Unknown,3,30,Mali,194,83,36,55,74,80,80,76,72,64,70,73,4
78,2154,Faty,Unknown,3,22,France,184,77,101,60,76,75,83,80,72,70,65,69,5
78,2155,Jeunechamp,Unknown,4,30,France,177,70,101,70,68,73,83,82,77,72,70,72,5
78,2179,Sablé,Unknown,7,26,France,181,73,43,70,72,80,86,75,77,80,76,76,7
78,2202,Sartre,Unknown,3,23,France,185,84,117,54,71,83,80,75,74,69,73,73,4
78,2203,Lachor,Unknown,4,30,France,187,80,117,68,66,83,80,78,71,75,70,71,6
78,2209,G. Pujol,Unknown,12,26,France,185,74,117,75,38,82,82,75,74,77,67,60,4
78,2212,Fabre,Unknown,0,22,France,181,75,117,30,72,82,58,64,65,49,67,63,4
78,2219,Marin,Unknown,10,26,France,171,70,117,77,40,68,75,89,86,72,66,67,5
78,2238,Lonfat,Unknown,5,33,Switzerland,179,70,134,73,65,75,86,78,75,77,75,75,5
78,2261,Benvegnu,Unknown,0,21,France,184,90,102,30,75,78,58,72,68,45,65,65,3
78,2267,Bonnet,Unknown,8,20,France,173,65,102,67,45,63,78,79,83,75,66,63,4
78,2268,Akpa Akpro,Unknown,8,21,France,182,69,102,72,35,69,78,81,80,79,60,61,5
78,2274,I. Faye,Unknown,3,27,Senegal,183,76,106,56,73,78,84,81,72,72,68,65,5
78,2280,Nivet,Unknown,9,29,France,175,68,106,75,51,73,80,77,75,80,71,74,6
78,2281,I. Bangoura,Unknown,12,23,Guinea,172,72,94,75,40,73,74,86,83,75,63,65,4
78,2285,Boucansaud,Unknown,3,25,France,184,73,106,54,74,81,82,74,68,68,74,70,4
78,2289,Enza Yamissi,Unknown,8,23,France,175,70,106,72,47,84,79,78,77,81,66,64,4
78,2290,Danic,Unknown,8,24,France,176,65,106,73,58,69,83,83,77,83,70,75,6
78,2315,Roudet,Unknown,8,25,France,180,67,115,70,55,72,83,81,80,77,70,65,4
78,2320,Nastase,Unknown,3,32,Romania,184,80,22,47,78,81,80,70,65,67,74,78,5
78,2322,Lukovic,Unknown,4,24,Serbia and Montenegro,185,79,2,61,67,80,83,75,74,74,69,73,4
78,2324,Pecchia,Unknown,7,33,Italy,171,68,22,75,64,70,88,77,79,76,74,80,6
78,2337,Rivalta,Unknown,3,28,Italy,173,68,114,58,76,75,85,77,77,67,76,78,5
78,2338,Carrozzieri,Unknown,3,25,Italy,192,88,114,42,75,83,78,72,70,63,68,68,5
78,2341,Bernardini,Unknown,5,32,Italy,175,70,114,74,65,71,80,74,72,80,78,80,6
78,2348,Loria,Unknown,3,29,Italy,186,82,114,51,76,82,79,73,69,70,73,73,5
78,2352,Donati,Unknown,5,25,Italy,186,75,114,68,67,81,84,71,70,80,72,79,5
78,2359,Bizera,Unknown,3,26,Uruguay,181,82,126,50,80,82,74,73,72,74,72,69,4
78,2361,Agostini,Unknown,4,27,Italy,170,66,126,68,65,72,83,83,81,72,68,74,5
78,2362,Conti,Unknown,5,27,Italy,178,71,126,65,73,71,87,81,72,78,72,76,5
78,2373,Pepe,Unknown,10,22,Italy,178,73,126,77,41,72,83,80,81,76,68,66,4
78,2390,Minelli,Unknown,3,25,Italy,186,76,42,47,73,83,80,73,72,70,72,70,4
78,2391,Stovini,Unknown,3,30,Italy,186,80,42,55,80,75,82,75,76,70,67,75,4
78,2411,Scurto,Unknown,3,22,Italy,190,75,87,57,74,83,80,72,73,73,68,70,5
78,2428,Raggi,Unknown,3,22,Italy,187,82,65,51,70,82,76,72,70,66,68,64,4
78,2436,Saudati,Unknown,12,28,Italy,182,79,65,79,42,78,75,78,74,77,68,71,4
78,2439,Pratali,Unknown,3,27,Italy,184,80,65,58,73,82,83,77,76,70,69,70,4
78,2451,Pasqual,Unknown,4,24,Italy,178,71,38,73,62,74,85,80,76,75,70,71,5
78,2453,Liverani,Unknown,5,30,Italy,175,69,37,75,60,72,78,68,64,85,68,72,7
78,2481,Siviglia,Unknown,3,33,Italy,182,76,80,61,78,77,85,75,75,72,70,83,5
78,2495,Mutarelli,Unknown,8,28,Italy,175,74,80,70,67,73,85,78,78,74,76,80,5
78,2497,Tare,Unknown,12,33,Albania,192,89,80,78,58,87,84,76,69,78,68,80,6
78,2513,Argilli,Unknown,3,33,Italy,178,70,81,60,74,75,82,74,69,68,75,78,5
78,2514,Pasquale,Unknown,4,24,Italy,182,72,81,70,62,75,83,82,76,76,62,65,5
78,2519,Danilevicius,Unknown,12,28,Lithuania,188,82,81,78,40,81,82,81,80,76,69,76,5
78,2523,Zanchi,Unknown,3,29,Italy,178,74,24,54,79,79,79,72,74,72,72,76,5
78,2524,Parisi,Unknown,4,29,Italy,184,77,24,74,54,77,78,78,73,75,71,66,5
78,2534,S. Masiello,Unknown,5,24,Italy,178,70,24,70,64,73,80,78,77,79,71,70,4
78,2538,N. Cordova,Unknown,9,27,Chile,175,75,24,69,60,70,76,75,80,78,66,65,5
78,2560,Pisano,Unknown,4,25,Italy,181,75,82,62,70,80,83,79,73,73,66,73,5
78,2572,Parravicini,Unknown,5,24,Italy,176,70,99,73,68,73,82,76,75,82,76,82,5
78,2573,Codrea,Unknown,5,25,Romania,174,69,95,72,65,72,81,75,73,79,72,73,5
78,2590,Bocchetti,Unknown,4,26,Italy,183,72,99,68,73,78,81,78,76,73,66,70,3
78,2606,Mesto,Unknown,4,24,Italy,178,71,120,72,56,72,77,83,81,78,70,65,4
78,2608,Tedesco,Unknown,7,30,Italy,177,70,120,72,69,76,85,74,75,77,74,75,6
78,2609,Missiroli,Unknown,8,20,Italy,175,70,120,70,45,67,73,79,81,79,61,65,5
78,2613,Aronica,Unknown,3,28,Italy,181,77,120,58,75,80,83,76,76,74,70,78,5
78,2624,Panucci,Unknown,4,32,Italy,184,73,38,62,83,75,82,74,75,78,73,86,6
78,2641,Virga,Unknown,8,20,Italy,181,75,79,68,56,73,81,82,81,74,67,68,3
78,2649,Bonanni,Unknown,8,24,Italy,190,81,125,70,56,82,80,80,72,76,70,72,4
78,2659,Franceschini,Unknown,8,30,Italy,180,74,125,75,56,80,80,79,77,75,74,81,5
78,2673,Bogdani,Unknown,12,29,Albania,192,82,87,78,36,84,83,76,70,76,67,72,4
78,2679,Antonini,Unknown,4,24,Italy,182,70,95,62,60,82,78,81,79,75,66,64,4
78,2681,Cozza,Unknown,9,32,Italy,181,73,95,78,47,76,73,76,75,82,80,72,6
78,2683,Frick,Unknown,12,32,Liechtenstein,182,80,95,77,40,76,81,75,77,78,70,75,4
78,2684,Corvia,Unknown,12,21,Italy,183,78,95,72,35,79,76,77,75,75,71,65,4
78,2690,De Ascentis,Unknown,7,30,Italy,180,77,83,67,66,76,86,76,75,78,76,83,6
78,2701,Balestri,Unknown,6,31,Italy,178,72,83,68,69,73,85,81,74,72,73,80,5
78,2702,Dickoh,Unknown,3,23,Ghana,187,83,17,50,72,86,76,75,73,62,67,65,4
78,2707,A. Fontana,Unknown,0,31,Italy,188,83,83,30,73,83,61,63,65,47,75,66,4
78,2720,Coda,Unknown,3,21,Italy,188,81,84,50,75,83,80,73,72,69,67,72,4
78,2726,Barreto,Unknown,12,21,Brazil,171,60,47,77,38,64,80,81,83,80,66,65,4
78,2728,Choutous ,Unknown,12,26,Greece,177,75,10,75,58,77,78,83,80,83,71,68,5
78,2741,Håkansson,Unknown,12,26,Denmark,175,76,59,76,43,72,79,80,83,76,75,68,4
78,2748,Bakkati,Unknown,4,24,Netherlands,172,74,59,71,66,70,83,75,81,76,70,67,5
78,2756,Ogararu,Unknown,4,26,Romania,178,73,14,58,67,75,83,77,77,72,65,72,5
78,2772,Cziommer,Unknown,7,25,Germany,178,72,29,73,46,66,74,76,80,82,66,67,7
78,2783,Mendes Da Silva,Unknown,7,24,Netherlands,186,75,29,70,70,81,86,82,75,82,67,83,6
78,2784,Martens,Unknown,7,22,Belgium,176,59,29,71,50,67,78,75,78,84,65,67,5
78,2790,Zwarthoed,Unknown,0,23,Netherlands,188,92,140,30,74,75,57,67,71,47,67,60,4
78,2815,Drenthe,Unknown,4,19,Netherlands,167,71,15,60,66,76,77,80,78,72,65,71,4
78,2841,Nevland,Unknown,12,28,Norway,178,74,135,80,45,74,77,78,77,75,72,68,6
78,2842,Salmon,Unknown,12,28,South Africa,189,77,135,77,37,84,82,77,75,78,70,70,6
78,2844,Svejdik,Unknown,3,23,Czech Republic,189,82,135,50,73,83,80,73,72,69,70,70,4
78,2855,Zuiverloon,Unknown,4,19,Netherlands,175,71,12,50,70,78,75,80,78,69,65,66,3
78,2858,Bosvelt,Unknown,7,36,Netherlands,185,85,12,70,76,76,85,76,72,74,80,72,6
78,2862,Alves,Unknown,12,25,Brazil,185,74,12,76,35,80,76,80,75,76,70,69,4
78,2863,Waterman,Unknown,0,22,Netherlands,188,88,12,30,72,83,58,66,66,54,74,69,3
78,2886,Tanghe,Unknown,8,34,Belgium,175,69,131,76,62,75,84,77,75,78,80,84,7
78,2890,Pasveer,Unknown,0,22,Netherlands,187,87,131,30,73,82,57,66,65,45,65,67,4
78,2900,Penders,Unknown,3,30,Netherlands,194,88,136,55,76,82,80,72,72,68,68,65,5
78,2902,Elshot,Unknown,4,29,Netherlands,180,79,136,67,65,76,84,82,77,73,70,71,4
78,2923,Wisgerhof,Unknown,3,26,Netherlands,181,84,124,63,72,83,83,74,79,71,72,70,6
78,2924,Olsson,Unknown,3,23,Sweden,195,85,124,51,74,86,77,72,68,68,65,70,4
78,2932,Van Emmerik,Unknown,0,26,Netherlands,178,73,124,30,75,74,62,70,70,46,73,67,4
78,2938,Prent,Unknown,10,23,Netherlands,178,78,124,70,36,75,75,80,82,76,66,65,4
78,2955,Väyrynen,Unknown,9,24,Finland,182,78,1,74,68,72,84,75,76,80,75,72,7
78,2964,Reuser,Unknown,9,31,Netherlands,178,78,129,77,48,75,72,77,74,83,69,67,4
78,2966,Van den Bergh,Unknown,8,25,Netherlands,178,75,129,75,50,75,80,76,76,80,69,71,5
78,2967,Van de Haar,Unknown,12,31,Netherlands,186,87,129,80,44,82,75,73,75,80,70,75,6
78,2979,Kah,Unknown,3,26,Norway,183,80,137,59,72,77,84,80,77,71,73,72,4
78,2987,Cissé,Unknown,12,21,Cote d'Ivoire,184,74,137,72,25,76,73,84,81,74,63,60,4
78,2989,Bram Castro,Unknown,0,24,Belgium,191,83,137,30,73,84,59,64,65,47,67,63,4
78,3003,Olfers,Unknown,3,24,Netherlands,180,73,112,54,71,78,80,78,77,72,69,66,4
78,3015,Bruma,Unknown,4,22,Netherlands,183,80,112,61,70,78,81,80,76,73,64,67,4
78,3021,Cvetkov,Unknown,12,27,Bulgaria,175,69,112,75,39,76,74,80,80,82,68,67,4
78,3024,Zomer,Unknown,3,23,Netherlands,184,75,127,52,70,83,78,73,69,70,62,69,4
78,3027,Sibum,Unknown,7,23,Netherlands,183,77,127,67,66,79,85,76,70,82,67,68,6
78,3046,Keller,Unknown,3,27,Netherlands,184,81,17,58,71,78,72,75,72,67,67,70,5
78,3049,Braafheid,Unknown,4,23,Netherlands,176,70,17,70,55,71,83,83,82,75,68,62,4
78,3052,Tiendalli,Unknown,4,21,Netherlands,180,69,15,62,61,72,84,80,79,73,63,66,3
78,3056,Vorm,Unknown,0,23,Netherlands,182,81,17,30,76,81,56,65,67,50,65,61,3
78,3073,Due,Unknown,10,24,Denmark,177,68,16,70,55,70,81,80,77,75,65,65,4
78,3095,Janse,Unknown,4,20,Netherlands,179,70,73,64,60,76,81,80,78,74,65,69,4
78,3103,Zois,Unknown,0,28,Australia,186,87,73,30,76,75,56,65,66,47,72,69,3
78,3104,Sengier,Unknown,0,27,Belgium,188,82,73,30,75,80,58,64,66,50,68,67,4
78,3112,Hadouir,Unknown,10,24,Netherlands,175,69,73,72,44,70,74,82,83,72,65,70,4
78,3129,Tiko,Unknown,5,30,Spain,178,74,138,76,56,75,80,76,78,81,77,76,5
78,3130,Gabilondo,Unknown,8,27,Spain,184,77,138,74,58,72,80,81,75,78,66,69,5
78,3136,Ruben,Unknown,0,22,Spain,187,82,81,30,73,82,57,65,67,47,67,61,4
78,3146,Pitu,Unknown,8,22,Spain,171,70,54,68,45,72,77,81,78,77,64,65,4
78,3152,Rivas,Unknown,3,27,Spain,190,85,67,52,79,85,75,73,65,65,60,70,5
78,3153,Melli,Unknown,4,22,Spain,184,75,67,54,75,76,81,78,76,68,70,65,5
78,3186,Antonio Núñez,Unknown,8,27,Spain,185,82,92,70,50,77,74,82,80,74,70,70,5
78,3188,Jonathan,Unknown,9,24,Spain,175,67,92,70,51,70,78,79,75,79,67,65,4
78,3196,Manuel Pablo,Unknown,4,30,Spain,176,80,119,73,73,75,87,80,75,74,77,76,6
78,3207,Arbeloa,Unknown,4,23,Spain,183,76,55,66,72,76,75,87,85,71,68,64,4
78,3212,Arizmendi,Unknown,12,22,Spain,189,76,119,74,39,76,72,78,81,80,64,70,5
78,3223,Fredson Pereira,Unknown,7,25,Brazil,183,78,105,68,66,83,87,81,75,80,67,62,5
78,3224,Eduardo Costa,Unknown,5,24,Brazil,184,78,105,61,70,83,87,73,76,82,71,74,5
78,3225,Zabaleta,Unknown,4,21,Argentina,174,74,105,72,67,74,84,79,77,75,76,78,5
78,3230,Biel,Unknown,0,20,Spain,183,82,105,30,73,82,61,67,68,50,64,65,4
78,3233,Velasco,Unknown,4,29,Spain,179,75,105,67,78,79,79,80,75,75,75,72,6
78,3252,Pulido,Unknown,3,27,Spain,187,80,93,49,75,82,78,72,68,69,72,73,5
78,3268,Juan,Unknown,8,29,Spain,184,81,123,70,43,79,75,77,76,79,69,63,4
78,3300,Santi,Unknown,8,21,Spain,168,66,130,71,50,65,79,78,76,76,68,69,5
78,3313,Aizpurua,Unknown,0,36,Spain,189,84,75,30,78,84,56,64,66,46,73,70,4
78,3323,Carmelo,Unknown,9,23,Spain,180,70,75,74,44,74,77,78,77,81,68,64,4
78,3325,Manchev,Unknown,12,29,Bulgaria,183,78,75,79,46,83,73,77,80,70,68,62,5
78,3352,Ballesteros,Unknown,3,31,Spain,188,93,69,55,78,87,72,68,69,66,61,72,5
78,3363,Ramis,Unknown,3,22,Spain,188,82,69,52,76,79,77,71,69,66,70,68,4
78,3373,Josetxo,Unknown,3,29,Spain,185,79,97,52,78,80,80,72,70,70,69,74,4
78,3377,Puñal,Unknown,5,31,Spain,179,74,97,70,68,74,78,72,68,81,75,77,6
78,3378,David López,Unknown,8,24,Spain,181,73,97,69,54,72,76,80,77,79,65,63,4
78,3381,Penedo,Unknown,0,25,Panama,183,70,97,30,75,72,63,70,73,50,67,65,4
78,3386,Juanlu,Unknown,8,26,Spain,172,70,97,72,44,72,78,81,78,76,72,73,5
78,3400,Momo,Unknown,8,24,Spain,184,67,139,69,46,73,82,79,80,75,72,68,4
78,3401,David Aganzo,Unknown,12,25,Spain,178,71,139,80,45,73,79,78,80,78,68,70,5
78,3403,Chavi Pascual,Unknown,0,25,Spain,191,82,139,30,76,84,57,65,63,45,69,65,4
78,3405,Rubén,Unknown,3,24,Spain,187,75,139,59,77,78,80,74,70,70,66,66,4
78,3420,Riesgo,Unknown,0,23,Spain,185,70,51,30,76,78,65,68,70,50,69,65,5
78,3421,Jauregi,Unknown,3,32,Spain,181,74,51,61,77,79,81,77,73,75,71,79,5
78,3423,López Rekarte,Unknown,4,31,Spain,173,71,63,73,73,73,82,83,79,81,72,82,5
78,3425,Mikel Alonso,Unknown,5,26,Spain,183,75,51,70,69,83,83,78,73,71,66,69,6
78,3426,Aranburu,Unknown,5,27,Spain,179,70,51,61,72,74,85,82,73,78,75,76,6
78,3469,D. Navarro,Unknown,3,26,Spain,183,76,89,50,80,81,79,78,78,69,70,71,5
78,3482,Quique Álvarez,Unknown,3,31,Spain,180,72,100,54,81,78,80,73,68,71,74,78,6
78,3501,Ponzio,Unknown,5,24,Argentina,174,70,118,73,68,73,83,79,75,74,69,73,4
78,3509,Miguel,Unknown,0,24,Spain,190,89,118,30,75,87,56,59,58,40,65,60,3
78,3515,Movilla,Unknown,5,31,Spain,177,71,118,73,66,75,85,78,74,80,73,75,5
78,3520,Vanderheaghe,Unknown,5,36,Belgium,180,84,6,65,80,84,82,70,69,73,81,85,7
78,3521,Biglia,Unknown,7,20,Argentina,169,63,6,66,66,73,85,75,77,80,68,72,5
78,3530,Ahmed Hassan,Unknown,9,31,Egypt,178,70,6,76,58,73,78,76,74,82,76,78,5
78,3535,Maertens,Unknown,3,26,Belgium,182,85,4,53,73,86,77,72,73,65,70,70,4
78,3545,Roelandts,Unknown,6,24,Belgium,186,82,4,70,50,81,82,73,75,80,68,65,4
78,3550,Ibrahim Salou,Unknown,12,27,Belgium,187,80,4,75,36,83,77,78,75,73,69,69,4
78,3562,Matusovic,Unknown,9,26,Czech Republic,172,71,141,74,49,74,83,78,80,76,67,70,5
78,3569,Dalla Bona,Unknown,5,25,Italy,178,68,128,70,64,78,82,76,77,78,71,75,6
78,3579,Gall,Unknown,0,35,Denmark,191,92,50,30,77,88,56,60,62,45,76,70,5
78,3606,Lell,Unknown,4,22,Germany,181,78,5,64,70,83,80,77,74,75,68,65,5
78,3609,Stoltidis,Unknown,5,31,Greece,185,86,28,67,73,76,82,72,75,75,78,73,6
78,3620,Dani García,Unknown,12,31,Spain,184,83,28,80,49,82,73,76,74,83,73,74,7
78,3622,Gianello,Unknown,0,30,Italy,189,84,128,30,76,84,58,63,65,45,70,64,4
78,3629,Pappas,Unknown,10,23,Greece,170,60,28,73,43,74,77,81,81,75,67,65,4
78,3642,M. Nilsson,Unknown,4,28,Sweden,185,80,32,73,61,74,80,84,83,76,70,74,5
78,3658,Balzaretti,Unknown,4,24,Italy,178,70,38,70,65,74,86,77,77,75,73,75,5
78,3660,Paro,Unknown,5,23,Italy,179,71,1,68,65,74,82,75,75,81,73,72,5
78,3666,Casto,Unknown,0,24,Spain,180,78,67,30,74,76,57,68,72,52,66,67,5
78,3670,Kvarme,Unknown,3,34,Norway,185,83,86,50,78,78,78,75,73,72,78,72,5
78,3674,R. Strand,Unknown,7,36,Norway,179,79,86,72,63,78,85,73,73,78,78,80,5
78,3682,Berg,Unknown,7,38,Norway,172,70,86,74,57,69,78,75,72,81,75,75,5
78,3685,Yssouf Kone,Unknown,12,24,Burkina Faso,184,80,86,74,40,86,77,80,76,74,67,66,4
78,3695,Beto,Unknown,7,29,Brazil,180,74,70,70,63,76,88,80,77,76,78,65,3
78,3697,Paulo Jorge,Unknown,8,25,Portugal,176,76,70,72,45,72,80,76,75,80,68,69,4
78,3698,Manu,Unknown,8,24,Portugal,171,68,70,72,42,67,78,77,78,78,67,66,4
78,3709,Paulo Assunçao,Unknown,5,26,Brazil,173,72,91,66,72,72,85,82,83,76,68,73,5
78,3719,Diogo Valente,Unknown,10,22,Portugal,173,73,91,72,51,70,77,76,79,80,69,67,4
78,3726,Ezequias,Unknown,4,25,Brazil,180,69,91,67,66,73,82,80,76,74,68,70,4
78,3730,Abel,Unknown,4,27,Portugal,178,75,88,65,67,72,84,80,82,72,71,75,5
78,3734,João Alves,Unknown,7,26,Portugal,179,72,88,66,66,73,84,75,78,80,75,78,6
78,3753,Kennedy,Unknown,3,23,Scotland,186,83,46,50,74,83,79,73,71,70,72,68,4
78,3756,O'Dea,Unknown,4,19,Ireland,185,81,46,50,68,78,81,76,73,68,59,59,5
78,3761,Beattie,Unknown,12,22,Scotland,183,73,46,75,38,81,77,77,79,74,66,65,4
78,3768,Hutton,Unknown,4,21,Scotland,185,72,9,69,57,74,80,78,78,76,64,66,4
78,3770,Hemdani,Unknown,2,28,Algeria,180,70,9,58,75,78,84,75,76,73,79,72,6
78,3779,Burke,Unknown,8,22,Scotland,172,66,9,71,49,68,75,81,80,76,68,66,4
78,3788,Johannesson,Unknown,3,31,Sweden,185,84,57,55,75,82,80,70,70,69,75,78,4
78,3793,Magro,Unknown,9,27,Switzerland,184,76,57,75,55,75,78,70,78,82,72,70,5
78,3796,Wahlström,Unknown,0,30,Sweden,198,95,57,30,75,88,56,59,59,42,70,69,4
78,3814,Gokhan Gulec,Unknown,12,21,Turkey,182,77,104,75,38,77,80,76,75,75,68,69,5
78,3818,Dogan,Unknown,3,30,Germany,180,77,104,52,80,81,77,75,70,68,79,76,5
78,3834,Sentürk,Unknown,12,23,Turkey,183,78,96,76,40,79,74,80,78,77,71,78,4
78,3837,Baris,Unknown,4,29,Turkey,184,79,96,57,74,80,81,80,74,74,73,72,6
78,3838,Kemal,Unknown,8,25,Turkey,176,72,96,69,68,70,83,83,82,74,66,75,4
78,3840,Boral,Unknown,8,24,Turkey,178,72,96,73,50,72,84,80,78,76,69,69,4
78,3841,Gürsoy,Unknown,8,19,Turkey,170,67,96,66,39,59,74,83,83,77,59,60,3
78,3843,Mehmet,Unknown,8,27,Turkey,181,76,96,74,66,74,77,79,83,76,69,65,4
78,3846,Cihan H.,Unknown,8,26,Turkey,184,71,30,72,68,74,80,79,81,81,74,71,6
78,3855,Ergün Penbe,Unknown,5,34,Turkey,176,68,30,72,73,70,85,73,70,84,78,83,7
78,3900,Morel Rodriguez,Unknown,4,28,Paraguay,175,76,141,66,73,71,82,80,81,75,72,65,6
78,3914,Monnet-Paquet,Unknown,10,18,France,183,73,109,67,40,74,79,83,80,75,63,63,5
78,3918,Inaki Bea,Unknown,3,28,Spain,184,82,122,50,75,82,76,70,68,66,74,73,5
78,3930,Jankovic,Unknown,9,22,Serbia and Montenegro,183,77,69,73,51,77,76,82,80,76,70,72,4
78,3943,Jacobo Sanz,Unknown,0,23,Spain,193,82,122,30,75,80,61,63,63,52,70,70,4
78,3946,Pierre,Unknown,3,25,Liechtenstein,180,79,60,52,76,85,78,74,70,67,66,74,4
78,3948,Asier,Unknown,8,19,Spain,176,64,122,70,46,67,80,78,81,76,62,63,5
78,3954,Heaton,Unknown,0,22,England,186,85,56,30,74,82,56,65,65,44,65,60,4
78,3956,Martin Taylor,Unknown,3,26,England,193,95,58,55,80,91,70,71,67,68,71,76,4
78,3957,Larsson,Unknown,8,21,Sweden,180,70,58,69,55,72,76,83,82,78,65,68,4
78,3960,Clemence,Unknown,7,28,England,180,73,58,70,68,78,81,77,75,74,70,70,5
78,3970,Sadler,Unknown,4,21,England,180,72,58,63,60,75,80,78,74,78,68,70,4
78,3973,McSheffrey,Unknown,8,23,England,173,74,58,70,50,76,79,79,78,76,70,70,3
78,3981,Robbie Elliott,Unknown,4,32,England,178,73,76,62,76,82,81,76,77,75,77,75,4
78,3996,Kohlmann,Unknown,4,23,Germany,180,71,66,55,65,80,80,77,77,71,55,65,4
78,4001,Westermann,Unknown,3,22,Germany,190,80,113,59,74,82,81,75,73,69,66,74,5
78,4004,Rau,Unknown,4,24,Germany,177,69,113,71,62,70,82,80,82,77,70,75,5
78,4006,Bollmann,Unknown,3,26,Germany,190,78,113,56,78,78,75,74,76,71,76,74,5
78,4009,Masmanidis,Unknown,9,23,Germany,174,70,113,72,41,73,74,82,80,81,67,67,5
78,4019,Formann,Unknown,0,23,Germany,188,75,113,30,75,82,60,63,66,48,69,65,4
78,4026,Dum,Unknown,4,20,Germany,188,83,98,56,76,75,80,76,78,71,74,81,6
78,4027,Leiwakabessy,Unknown,4,25,Netherlands,173,62,98,68,65,73,86,78,81,70,68,75,4
78,4029,Fiél,Unknown,9,26,Germany,182,72,98,78,60,73,75,80,80,80,66,80,4
78,4033,Schlaudraff,Unknown,9,23,Germany,180,67,98,80,45,70,74,82,80,76,78,78,5
78,4035,Herzig,Unknown,3,22,Germany,187,75,98,51,78,80,78,78,78,70,67,78,5
78,4040,Reghecampf,Unknown,8,30,Romania,174,70,98,70,65,70,78,78,77,78,67,71,5
78,4042,Ibisevic,Unknown,12,22,Bosnia and Herzegovina,189,80,98,76,36,75,74,80,78,77,78,78,4
78,4047,Kobylik,Unknown,8,24,Czech Republic,178,69,113,73,54,70,80,76,74,81,66,66,4
78,4048,Madouni,Unknown,3,25,Algeria,191,74,25,54,77,85,80,73,71,68,69,73,6
78,4057,Adler,Unknown,0,21,Germany,190,80,25,30,74,81,58,65,67,48,66,62,4
78,4060,Callsen Bracker,Unknown,3,21,Germany,187,78,25,47,75,83,80,69,67,67,65,63,4
78,4061,Athirson,Unknown,4,29,Brazil,183,79,25,75,57,74,80,78,76,84,67,67,4
78,4068,Meyer,Unknown,4,22,Germany,182,73,25,56,77,80,82,76,71,70,66,69,4
78,4084,Saka,Unknown,8,19,Congo,173,68,66,52,78,76,77,84,85,75,70,65,5
78,4086,Kringe,Unknown,8,23,Germany,187,83,66,73,76,81,87,78,75,80,73,69,5
78,4089,Zimmermann,Unknown,0,21,Germany,190,85,68,30,71,83,60,63,65,51,66,66,5
78,4094,Zé António,Unknown,3,28,Portugal,186,79,121,55,76,80,80,73,72,70,71,77,6
78,4097,Polanski,Unknown,7,20,Germany,183,73,11,74,43,75,79,78,77,83,66,69,4
78,4110,Thijs,Unknown,7,27,Belgium,186,80,11,73,67,81,82,74,73,75,72,75,6
78,4118,Ochs,Unknown,4,21,Germany,179,71,68,67,65,75,84,81,77,75,68,76,5
78,4120,Huggel,Unknown,5,28,Switzerland,190,89,68,65,64,87,83,74,70,75,73,70,5
78,4123,Jermaine Jones,Unknown,9,24,Germany,183,80,68,69,63,83,85,80,75,78,75,76,4
78,4133,Toski,Unknown,8,19,Germany,185,76,68,69,68,75,79,77,79,78,76,73,4
78,4146,Küntzel,Unknown,8,30,Germany,178,72,140,73,55,74,78,80,81,76,72,80,5
78,4163,Pinola,Unknown,3,23,Argentina,182,79,39,57,73,78,83,79,77,66,67,67,4
78,4164,Glauber,Unknown,3,22,Brazil,190,77,39,53,72,85,78,72,68,68,67,67,6
78,4168,Banovic,Unknown,9,25,Croatia,186,81,39,73,50,75,77,75,74,80,70,67,5
78,4174,Paulus,Unknown,3,24,Germany,189,89,39,55,72,86,75,73,65,69,73,70,5
78,4179,Kristiansen,Unknown,7,24,Denmark,180,73,39,74,50,74,80,80,78,77,70,72,4
78,4196,Gunesch,Unknown,3,23,Germany,189,76,110,52,75,78,77,74,73,70,75,76,4
78,4205,Jovanovic,Unknown,12,24,Germany,191,82,110,78,39,79,77,80,81,80,68,68,4
78,4214,Casey,Unknown,12,24,United States,188,85,110,80,28,85,80,75,71,74,76,65,5
78,4234,Tarnat,Unknown,4,36,Germany,185,80,18,69,73,82,80,74,73,74,70,70,5
78,4242,Gerrard,Unknown,0,35,England,188,82,77,37,77,82,55,60,60,45,75,72,7
78,4255,van Burik,Unknown,3,32,Netherlands,186,86,23,54,84,85,77,70,71,70,74,73,6
78,4265,R. Müller,Unknown,3,20,Germany,187,80,23,61,74,81,77,74,73,70,73,72,4
78,4267,Cagara,Unknown,4,21,Denmark,175,68,23,63,72,74,79,80,84,76,71,75,5
78,4268,Fathi,Unknown,4,22,Germany,185,85,23,68,73,74,87,77,79,76,68,66,5
78,4273,Lakic,Unknown,12,23,Croatia,188,83,23,78,34,81,79,79,78,77,72,71,5
78,4281,Bajramovic,Unknown,5,27,Bosnia and Herzegovina,182,73,52,75,68,80,84,72,65,82,66,84,4
78,4285,Kurányi,Unknown,12,24,Germany,190,80,52,84,42,83,78,77,75,80,75,80,5
78,4288,Mathias Abel,Unknown,3,24,Germany,188,80,52,55,71,84,80,72,69,67,67,70,5
78,4291,Pander,Unknown,4,23,Germany,186,80,52,70,62,79,79,76,73,68,64,65,4
78,4298,Kunert,Unknown,5,19,Germany,175,66,52,68,69,77,84,80,75,74,76,79,4
78,4307,A. Farnerud,Unknown,8,21,Sweden,182,71,49,71,40,75,73,80,82,83,65,64,4
78,4308,Van Hout,Unknown,12,29,Belgium,185,77,71,75,35,78,75,81,80,75,71,68,4
78,4310,Langer,Unknown,0,21,Austria,195,85,49,30,71,85,57,65,64,46,64,62,4
78,4315,H. Gerber,Unknown,4,33,Germany,181,73,49,66,70,76,84,77,80,72,74,75,6
78,4317,Meißner,Unknown,7,33,Germany,176,73,49,76,67,74,86,78,81,76,80,85,6
78,4324,Drsek,Unknown,3,29,Czech Republic,192,88,71,55,81,82,78,75,73,71,80,78,5
78,4326,Bönig,Unknown,4,26,Germany,178,73,71,72,70,78,80,78,77,75,70,72,4
78,4340,Bechmann,Unknown,12,24,Denmark,183,80,71,74,54,74,77,80,85,80,69,68,5
78,4344,Grote,Unknown,8,20,Germany,183,78,71,71,62,70,70,80,82,77,70,75,4
78,4348,Fritz,Unknown,4,25,Germany,183,77,27,69,58,79,82,80,76,74,68,70,5
78,4351,Hunt,Unknown,11,20,Germany,183,70,27,78,32,73,77,78,80,83,68,63,4
78,4362,Krasic,Unknown,8,22,Serbia and Montenegro,185,75,34,74,45,75,82,80,77,77,65,70,4
78,4367,Schulz,Unknown,4,22,Germany,185,79,8,65,66,79,82,78,73,74,69,65,5
78,4373,Jadson,Unknown,9,22,Brazil,168,67,21,73,44,68,75,74,75,83,65,65,4
78,4376,Makiadi,Unknown,8,22,Germany,178,75,7,67,40,75,72,81,83,76,66,62,4
78,4394,Kucher,Unknown,3,23,Ukraine,184,77,21,53,76,83,77,78,76,75,71,71,4
78,4442,Kroos,Unknown,7,17,Germany,180,69,141,70,67,76,80,73,69,80,70,75,6
78,4444,S. Kjær,Unknown,3,19,Denmark,189,82,141,52,73,83,76,74,72,71,71,77,7
78,4449,R. Lewandowski,Unknown,12,19,Poland,185,79,141,75,30,76,80,76,77,77,70,70,5
78,4452,S. Doumbia,Unknown,12,18,Cote d'Ivoire,179,70,141,70,30,73,76,88,85,70,50,67,6
78,4455,M. Cáceres,Unknown,4,19,Uruguay,180,78,141,58,72,73,77,83,77,70,70,66,7
78,4459,K. Honda,Unknown,9,21,Japan,177,78,94,75,41,71,76,73,75,86,60,66,4
78,4468,M. Balotelli,Unknown,12,17,Italy,189,73,141,76,25,83,71,79,74,75,53,60,6
78,4471,Diego Costa,Unknown,12,19,Brazil,186,88,141,75,33,80,74,75,77,78,65,65,5
78,4500,David Luiz,Unknown,3,19,Brazil,186,78,141,50,73,80,81,76,72,75,70,70,6
78,4506,F. De Boer,Unknown,3,36,Netherlands,179,79,141,66,80,78,72,68,65,80,76,71,6
78,4524,P. Aubameyang,Unknown,12,19,Gabon,185,74,141,70,35,71,75,88,83,77,70,71,6
78,4534,Immobile,Unknown,12,18,Italy,184,80,141,74,32,79,80,77,78,76,67,68,4
78,4550,Diego Capel,Unknown,8,19,Spain,173,67,141,67,40,67,73,80,80,76,67,65,4
78,4562,Dugarry,Unknown,12,34,France,188,78,141,81,55,83,81,76,71,81,70,78,6
78,4574,Jorge Costa,Unknown,3,35,Portugal,188,86,141,54,83,88,75,69,64,74,88,83,7
78,4579,A. Ramsey,Unknown,9,17,Wales,178,76,141,66,62,75,77,75,78,80,63,65,7
78,4596,D. De Gea,Unknown,0,18,Spain,190,71,141,35,80,77,57,64,63,50,71,67,4
78,4607,Rowland,Unknown,12,19,England,176,69,141,83,40,74,75,68,86,87,86,63,3
78,4637,Kaiser,Unknown,7,19,Germany,176,72,141,83,61,74,73,83,72,81,88,78,7
78,4644,Bianchi,Unknown,3,19,Italy,183,75,84,57,79,84,76,69,77,51,80,69,7
78,4718,Borges,Unknown,0,19,Brazil,174,78,141,41,78,80,68,65,73,63,80,58,5
78,4740,Gunther,Unknown,3,19,Germany,183,84,74,30,79,86,72,69,74,54,82,72,4
78,4741,Huber,Unknown,0,19,United States,190,87,141,15,80,76,67,50,41,39,92,68,4
78,4746,Espinosa,Unknown,9,19,Spain,171,63,141,81,28,66,63,87,86,77,75,62,5
78,4756,Fredriksson,Unknown,0,19,Sweden,194,83,141,35,78,81,44,57,50,68,96,73,5
78,32937,Olimpa,Unknown,0,18,France,186,81,111,30,70,78,58,71,70,52,65,62,4
78,32945,Géder,Unknown,3,27,Brazil,181,76,2,57,75,80,80,75,73,72,74,74,6
78,32950,Kovalchuk,Unknown,7,24,Ukraine,182,76,2,70,65,76,80,77,74,80,72,70,4
77,2,Scharner,Unknown,3,26,Austria,191,80,1,62,74,84,81,72,71,72,70,65,4
77,5,Pogatetz,Unknown,4,23,Austria,187,82,3,68,65,75,80,75,72,78,69,67,4
77,15,Feldhofer,Unknown,3,27,Austria,182,76,141,53,73,78,82,76,75,72,73,75,5
77,16,A. Ibertsberger,Unknown,4,24,Austria,177,78,141,63,67,77,80,76,75,75,72,75,6
77,17,Gercaliu,Unknown,4,20,Austria,181,76,141,62,66,78,80,76,74,72,65,74,5
77,23,Kuljic,Unknown,12,29,Austria,179,76,141,76,38,74,78,75,80,73,66,69,4
77,40,Collen,Unknown,4,26,Belgium,183,84,15,60,72,79,80,75,74,69,69,70,4
77,46,Vandenbergh,Unknown,12,23,Belgium,179,71,141,74,34,74,78,75,77,74,71,66,4
77,48,Topuzakov,Unknown,3,29,Bulgaria,182,73,141,65,66,80,85,82,80,68,74,77,5
77,50,Kishishev,Unknown,4,32,Bulgaria,180,78,141,72,66,74,82,79,77,70,69,80,5
77,51,I. Petrov,Unknown,4,30,Bulgaria,180,75,141,70,66,76,84,76,75,75,70,70,5
77,61,Karaslavov,Unknown,4,26,Bulgaria,186,84,141,60,69,82,80,73,72,68,70,72,4
77,67,Jankovic,Unknown,9,32,Bulgaria,180,84,141,79,43,79,80,74,72,79,70,71,6
77,87,Vranjes,Unknown,7,26,Croatia,186,77,27,68,68,76,81,75,72,80,72,77,5
77,92,Bosnjak,Unknown,12,27,Croatia,180,72,141,74,40,73,78,80,76,80,64,67,5
77,94,Rozehnal,Unknown,3,26,Czech Republic,191,80,36,58,76,79,83,82,80,75,70,75,5
77,106,Mares,Unknown,4,30,Czech Republic,185,77,141,65,68,82,81,75,73,77,69,73,4
77,110,Sardo,Unknown,4,27,Italy,190,87,42,57,78,80,81,74,75,68,75,80,6
77,120,N. Jensen,Unknown,4,32,Denmark,179,82,45,71,66,72,80,80,78,73,72,73,6
77,131,Jacobsen,Unknown,4,27,Denmark,181,76,50,60,66,79,80,76,74,69,68,72,4
77,132,Wurtz,Unknown,5,23,Denmark,179,68,141,63,67,72,83,78,75,75,73,76,5
77,176,Riihilahti,Unknown,5,30,Finland,184,76,141,65,67,80,86,74,72,76,71,77,5
77,258,Éger,Unknown,3,29,Hungary,188,81,141,60,71,84,80,74,72,73,71,71,4
77,259,Takács,Unknown,3,24,Hungary,184,80,141,45,72,81,79,74,73,62,70,65,4
77,260,Hajnal,Unknown,7,25,Hungary,165,67,141,70,57,65,82,82,81,77,69,65,4
77,270,Balog,Unknown,4,28,Hungary,182,78,141,54,74,78,80,75,74,73,67,66,4
77,276,Kerekes,Unknown,12,33,Hungary,192,88,73,74,30,85,75,79,70,76,72,67,4
77,279,O'Brien,Unknown,3,27,Ireland,191,74,26,53,80,83,78,68,67,67,78,75,4
77,293,Finnan,Unknown,4,30,Ireland,183,78,44,73,70,72,87,75,80,77,70,82,5
77,315,Zaccardo,Unknown,3,24,Italy,182,74,38,63,76,75,84,75,69,70,73,77,6
77,327,Zirnis,Unknown,4,29,Latvia,179,78,121,67,68,73,83,78,76,67,65,67,4
77,330,Solonichins,Unknown,8,26,Latvia,182,72,141,73,47,76,81,80,77,76,70,73,4
77,336,Zavoronkovs,Unknown,3,29,Latvia,186,80,141,57,71,83,80,72,67,68,72,72,4
77,362,De Cler,Unknown,4,27,Netherlands,179,69,29,69,67,71,86,78,76,72,74,75,5
77,371,A. Hughes,Unknown,3,26,Northern Ireland,183,71,19,64,78,78,84,74,75,77,77,82,6
77,373,Capaldi,Unknown,4,25,Northern Ireland,183,76,141,69,63,78,81,77,74,74,70,75,5
77,377,Elliott,Unknown,10,28,Northern Ireland,178,74,141,71,38,69,80,79,82,75,69,69,4
77,380,Ingham,Unknown,0,26,Northern Ireland,193,83,141,30,75,80,60,64,63,44,67,68,4
77,382,M. Duff,Unknown,3,27,Northern Ireland,185,74,141,60,72,85,80,75,72,70,71,73,4
77,386,Brunt,Unknown,7,21,Northern Ireland,185,74,141,74,56,75,80,77,74,76,67,68,5
77,390,Feeney,Unknown,12,25,Northern Ireland,178,66,141,76,34,71,77,75,77,74,72,71,5
77,391,Andy Smith,Unknown,12,26,Northern Ireland,173,73,141,76,36,69,76,81,80,76,75,68,4
77,393,Hagen,Unknown,3,31,Norway,185,84,141,56,77,83,76,69,70,66,69,67,5
77,397,Hæstad,Unknown,5,22,Norway,170,73,121,60,66,72,88,84,81,72,68,76,6
77,407,Hoiland,Unknown,3,29,Norway,187,82,141,54,75,82,77,72,68,65,68,70,4
77,412,Rushfeldt,Unknown,12,33,Norway,188,86,141,73,60,88,88,72,70,75,72,70,5
77,418,Baszczynski,Unknown,4,29,Poland,182,75,141,67,64,72,83,81,75,73,73,73,5
77,431,Lewandowski,Unknown,5,27,Poland,185,84,21,57,76,84,85,74,69,73,71,73,5
77,437,Rasiak,Unknown,12,27,Poland,190,84,141,75,39,85,76,74,70,79,70,72,5
77,466,Petre,Unknown,5,24,Romania,188,83,141,68,70,80,80,72,71,77,70,74,4
77,468,Balan,Unknown,8,25,Romania,176,69,141,67,50,69,78,78,77,78,67,71,5
77,478,Badoi,Unknown,6,30,Romania,182,75,141,67,61,73,83,80,76,74,69,71,5
77,482,Oprita,Unknown,10,25,Romania,184,82,141,74,34,83,81,79,73,73,73,68,4
77,504,Pavlyuchenko,Unknown,12,24,Russia,188,78,2,77,36,78,76,81,73,80,70,73,5
77,512,Dailly,Unknown,3,33,Scotland,183,81,88,59,75,78,80,74,73,70,81,73,6
77,533,N. Djordjevic,Unknown,3,27,Serbia and Montenegro,183,72,141,60,74,80,80,74,74,69,70,75,5
77,534,Dragutinovic,Unknown,4,30,Serbia and Montenegro,184,83,47,68,70,79,83,77,73,77,81,73,5
77,535,Duljaj,Unknown,5,26,Serbia and Montenegro,175,71,21,63,77,73,84,75,70,78,71,75,5
77,537,Konko,Unknown,8,22,France,175,77,95,70,56,82,82,77,74,73,66,70,6
77,557,Had,Unknown,4,24,Slovakia,189,78,141,66,67,82,80,75,72,69,72,74,5
77,561,Hodur,Unknown,9,27,Slovakia,178,70,141,75,45,70,77,76,75,81,68,69,5
77,567,Gresko,Unknown,4,29,Slovakia,183,72,39,76,57,72,80,82,78,80,66,68,4
77,569,Valachovic,Unknown,5,31,Slovakia,189,86,141,60,72,85,79,70,68,70,71,72,4
77,574,Reiter,Unknown,11,31,Slovakia,180,73,141,77,43,73,80,78,80,75,74,69,4
77,586,Rodic,Unknown,12,26,Slovenia,187,81,141,76,40,82,80,76,74,74,71,73,5
77,589,Brecko,Unknown,4,22,Slovenia,178,77,141,67,61,71,80,79,76,75,70,69,4
77,598,Dedic,Unknown,12,22,Slovenia,182,77,99,70,41,75,74,83,80,79,64,60,4
77,637,Stenman,Unknown,4,23,Sweden,187,82,25,64,67,83,80,75,70,70,68,72,4
77,652,Wicky,Unknown,5,29,Switzerland,178,75,13,71,70,74,84,76,74,76,70,84,6
77,661,Djourou,Unknown,3,19,Switzerland,191,83,40,65,70,81,81,77,76,76,64,68,3
77,664,Margairaz,Unknown,9,22,Switzerland,185,80,141,74,53,78,83,75,75,76,68,72,5
77,670,Ibrahim Toraman,Unknown,3,24,Turkey,179,74,104,70,73,78,82,80,75,80,72,82,7
77,672,Ümit Ozat,Unknown,4,29,Turkey,186,84,96,65,80,81,82,75,73,75,74,86,7
77,673,Selcuk,Unknown,5,25,Turkey,187,81,96,65,69,83,82,77,74,75,64,77,4
77,689,Ibrahim Akin,Unknown,12,22,Turkey,182,72,104,75,47,70,80,82,75,80,66,63,5
77,693,Vaschuk,Unknown,3,31,Ukraine,180,72,85,51,81,77,74,66,65,68,76,79,4
77,707,Shelayev,Unknown,5,29,Ukraine,182,74,141,68,67,78,84,75,74,74,72,75,5
77,730,Edwards,Unknown,4,23,Wales,185,74,141,60,66,76,80,77,74,72,67,69,4
77,731,Crofts,Unknown,4,22,Wales,175,73,141,69,58,71,84,76,75,70,73,65,5
77,738,Jamba,Unknown,3,29,Angola,183,80,141,57,72,78,82,80,78,68,70,70,3
77,741,Delgado,Unknown,4,27,Angola,178,78,141,67,53,78,83,75,74,72,60,60,3
77,742,Andre Macanga,Unknown,5,28,Angola,175,72,141,69,64,76,83,75,73,82,73,77,5
77,748,Lama,Unknown,0,25,Angola,193,83,141,30,73,80,58,67,68,45,68,66,3
77,749,Mario,Unknown,0,21,Angola,184,80,141,30,71,77,58,67,69,47,66,60,4
77,754,Miloy,Unknown,5,25,Angola,184,78,141,63,65,82,85,76,75,73,70,78,5
77,766,Saidou,Unknown,9,28,Cameroon,180,72,60,67,67,80,82,80,77,74,68,67,5
77,776,Wamfor,Unknown,5,25,Cameroon,175,75,141,62,66,80,80,81,76,71,68,60,4
77,778,M'bia,Unknown,8,20,Cameroon,188,87,101,68,60,76,78,82,82,70,64,63,3
77,784,Paci,Unknown,3,27,Italy,185,85,99,49,76,82,77,70,68,69,68,73,5
77,798,Domoraud,Unknown,3,35,Cote d'Ivoire,180,75,141,65,72,78,84,83,81,72,73,63,4
77,800,Fae,Unknown,7,22,Cote d'Ivoire,174,71,60,63,69,79,86,83,74,74,69,72,5
77,807,Mensah,Unknown,3,23,Ghana,177,72,101,57,72,80,81,80,76,69,67,65,5
77,810,Pappoe,Unknown,3,25,Ghana,176,70,141,58,70,80,81,77,78,74,70,73,3
77,811,Addo,Unknown,5,27,Ghana,182,72,104,58,67,81,85,80,79,71,69,66,4
77,825,Boateng,Unknown,8,23,Ghana,185,78,141,71,55,82,75,81,78,78,65,62,4
77,826,Pimpong,Unknown,9,23,Ghana,178,76,50,76,43,72,79,80,83,76,69,68,4
77,827,Otto Addo,Unknown,8,31,Ghana,189,78,110,75,45,80,75,79,78,81,68,61,4
77,841,Nwaneri,Unknown,3,24,Nigeria,180,80,141,50,72,82,77,75,74,67,75,67,4
77,854,A. Mokoena,Unknown,5,25,South Africa,183,78,78,64,73,80,82,83,78,72,72,69,5
77,864,Kannemeyer,Unknown,3,29,South Africa,170,72,141,60,74,78,80,80,77,70,70,70,4
77,865,Gaxa,Unknown,4,22,South Africa,160,63,141,65,60,63,80,83,80,76,65,64,4
77,871,Nkosi,Unknown,9,25,South Africa,180,80,141,73,45,72,77,77,71,81,66,70,4
77,887,Obilale,Unknown,0,22,Togo,186,81,141,30,73,83,58,67,66,46,72,60,4
77,890,Toure,Unknown,4,18,Togo,179,76,141,62,58,70,80,83,77,77,60,55,3
77,903,Mnari,Unknown,5,29,Tunisia,184,82,39,66,67,81,76,70,70,76,72,75,5
77,905,Chedli,Unknown,9,30,Tunisia,177,72,141,73,60,73,85,75,74,77,70,65,5
77,909,Nefzi,Unknown,0,32,Tunisia,183,86,141,30,73,80,61,65,66,47,67,60,4
77,934,Badilla,Unknown,3,22,Costa Rica,181,73,141,53,72,80,76,76,73,68,68,72,4
77,943,Bernard,Unknown,12,28,Costa Rica,185,85,141,76,37,82,74,77,74,78,66,66,4
77,951,Pineda,Unknown,4,24,Mexico,177,67,141,65,72,75,81,75,76,75,71,78,5
77,957,Suárez,Unknown,3,37,Mexico,181,75,141,61,87,78,67,68,73,77,87,83,6
77,972,Yorke,Unknown,12,34,Trinidad and Tobago,182,75,34,82,50,76,73,74,75,85,76,82,6
77,981,Cox,Unknown,3,35,Trinidad and Tobago,183,77,141,50,72,83,71,68,68,63,73,70,4
77,983,Whitley,Unknown,5,29,Trinidad and Tobago,180,82,141,65,65,76,82,80,80,76,64,67,4
77,988,Jones,Unknown,12,22,Trinidad and Tobago,188,78,141,68,50,82,75,79,76,75,61,63,3
77,993,Cherundolo,Unknown,4,27,United States,170,69,18,72,67,67,86,81,78,74,67,71,5
77,994,Lewis,Unknown,8,32,United States,178,71,141,75,56,73,80,78,72,79,70,72,5
77,1003,Bocanegra,Unknown,3,27,United States,180,84,45,58,75,82,76,73,70,66,72,72,4
77,1007,Olsen,Unknown,5,29,United States,173,68,141,69,69,73,88,76,78,75,72,76,5
77,1011,Ching,Unknown,12,28,United States,185,89,141,77,29,83,76,74,70,74,70,74,5
77,1063,Ormeño,Unknown,5,29,Chile,178,78,141,61,75,79,86,72,72,75,78,76,5
77,1075,J. Contreras,Unknown,4,28,Chile,173,65,141,65,62,72,81,78,78,75,72,75,5
77,1079,Humberto Suazo,Unknown,12,25,Chile,172,75,141,76,41,78,76,79,78,78,66,64,4
77,1086,Passo,Unknown,4,26,Colombia,183,78,141,55,72,79,81,75,73,72,70,72,4
77,1088,Viafara,Unknown,5,27,Colombia,188,80,141,65,67,84,83,86,74,73,68,64,5
77,1095,De La Cuesta,Unknown,3,23,Colombia,184,73,122,54,73,78,81,82,72,67,65,58,4
77,1097,Pacheco,Unknown,4,30,Colombia,169,70,141,69,63,70,84,80,82,76,73,70,4
77,1100,Castrillon,Unknown,5,23,Colombia,178,70,141,66,69,72,76,76,77,82,66,76,6
77,1121,Urrutia,Unknown,7,29,Ecuador,178,65,141,69,65,70,81,74,72,81,68,69,5
77,1122,Ambrossi,Unknown,8,26,Ecuador,177,70,141,69,60,71,83,78,80,75,68,64,5
77,1131,Caniza,Unknown,4,32,Paraguay,174,70,141,68,76,72,87,78,78,77,72,83,6
77,1143,Jorge Núñez,Unknown,4,28,Paraguay,176,78,141,70,59,73,81,77,73,74,68,68,5
77,1153,A. Rodríguez,Unknown,3,22,Peru,182,73,94,52,76,76,78,81,75,67,68,68,5
77,1155,Vargas,Unknown,4,23,Peru,182,75,42,68,64,72,81,77,78,73,69,68,5
77,1157,Zegarra,Unknown,5,29,Peru,187,74,141,73,63,74,81,75,78,77,65,68,5
77,1160,Vasallo,Unknown,12,28,Peru,187,78,141,78,36,81,75,76,73,81,70,66,4
77,1164,Salazar,Unknown,3,30,Peru,178,72,141,60,75,75,80,80,75,75,75,75,5
77,1166,Vílchez,Unknown,4,28,Peru,183,80,141,63,70,72,82,74,79,76,70,70,5
77,1179,Diego Pérez,Unknown,5,26,Uruguay,178,80,31,61,72,81,83,76,76,75,70,75,5
77,1202,Nekounam,Unknown,5,25,Iran,186,76,97,71,67,79,84,76,70,72,65,74,6
77,1222,Miyamoto,Unknown,2,29,Japan,176,72,141,60,78,71,77,67,68,70,78,82,5
77,1234,Kaji,Unknown,4,26,Japan,177,73,141,68,67,72,85,80,78,70,70,73,3
77,1235,K. Nakata,Unknown,5,27,Japan,182,74,141,63,70,78,81,73,72,75,70,82,5
77,1244,Tukar,Unknown,3,30,Saudi Arabia,185,79,141,46,75,80,75,73,69,70,69,76,5
77,1245,Al-Montashari,Unknown,3,24,Saudi Arabia,176,70,141,47,77,82,77,76,75,72,68,75,5
77,1247,Al-Sulimani,Unknown,4,29,Saudi Arabia,172,65,141,68,65,63,80,82,80,72,66,69,4
77,1261,Ameen,Unknown,9,26,Saudi Arabia,177,81,141,73,45,77,76,84,82,75,67,66,4
77,1269,Song Chong Gug,Unknown,4,27,South Korea,175,71,141,68,71,76,86,78,76,72,60,80,4
77,1272,Lee Eul Yong,Unknown,7,31,South Korea,182,70,141,69,70,79,84,74,73,70,75,78,5
77,1281,Cho Won Hee,Unknown,4,23,South Korea,177,73,141,70,67,79,84,81,76,73,73,73,5
77,1284,Baek Ji Hoon,Unknown,7,21,South Korea,175,67,141,72,69,79,83,76,74,77,67,70,5
77,1291,Neill,Unknown,3,28,Australia,185,76,78,64,75,83,80,78,73,70,70,70,5
77,1292,Chipperfield,Unknown,8,30,Australia,180,80,141,72,62,81,84,82,71,75,73,76,4
77,1303,Beauchamp,Unknown,3,25,Australia,191,85,39,50,71,88,74,69,66,63,70,67,4
77,1316,Wilson,Unknown,4,31,England,172,73,141,66,75,80,80,80,78,75,78,85,6
77,1350,Deschamps,Unknown,5,28,France,174,71,141,65,80,80,87,75,76,72,87,85,7
77,1430,Cuciuffo,Unknown,4,25,Argentina,176,72,141,72,78,78,84,75,73,77,75,83,5
77,1489,Armand Traore,Unknown,4,17,France,185,70,40,58,63,75,79,80,76,70,62,66,3
77,1490,Ridgewell,Unknown,3,22,England,188,72,19,58,74,74,76,78,78,70,66,68,5
77,1492,McCann,Unknown,5,28,England,180,70,19,66,74,82,86,68,74,72,82,70,5
77,1495,L. Moore,Unknown,12,20,England,180,76,19,75,33,72,75,85,83,75,65,63,5
77,1503,Whittingham,Unknown,8,22,England,178,63,19,65,68,72,78,82,77,80,60,65,5
77,1517,Peter,Unknown,8,20,Germany,173,70,78,71,50,66,73,80,80,78,65,66,5
77,1532,Speed,Unknown,7,36,Wales,178,81,56,70,69,84,80,71,77,76,80,81,6
77,1533,Nolan,Unknown,7,24,England,183,89,56,78,56,85,84,73,72,77,72,75,5
77,1535,K. Davies,Unknown,12,29,England,183,80,56,77,58,87,82,74,76,75,69,80,5
77,1541,Pedersen,Unknown,12,31,Denmark,185,84,56,76,50,81,79,76,74,75,70,70,5
77,1561,Lisbie,Unknown,12,28,Jamaica,178,73,48,77,41,74,77,88,83,70,69,73,5
77,1562,Randolph,Unknown,0,19,Ireland,186,78,48,30,70,84,57,60,63,47,65,64,3
77,1573,Lassana Diarra,Unknown,7,21,France,173,68,35,66,63,71,83,79,74,77,68,71,4
77,1579,P. Neville,Unknown,5,29,England,180,76,90,70,69,75,82,79,77,75,72,80,6
77,1591,Vaughan,Unknown,12,18,England,180,78,90,69,27,77,73,80,77,77,61,60,4
77,1594,Ruddy,Unknown,0,20,England,191,80,90,30,71,82,56,65,64,43,65,63,3
77,1604,Bouba Diop,Unknown,7,28,Senegal,194,94,45,75,67,91,82,74,76,75,68,80,5
77,1611,Garics,Unknown,4,22,Austria,183,75,128,58,68,79,80,75,74,71,67,70,7
77,1612,Noble,Unknown,7,19,England,173,70,49,71,65,72,78,78,75,76,70,72,4
77,1624,Koenders,Unknown,4,19,Netherlands,180,76,129,58,67,78,80,80,77,75,65,66,5
77,1638,Thatcher,Unknown,4,30,Wales,178,80,109,67,72,72,84,80,75,70,71,70,5
77,1641,Barton,Unknown,7,24,England,175,70,31,68,70,80,83,70,77,76,68,76,6
77,1657,Hart,Unknown,0,19,England,196,80,74,30,70,81,60,66,63,49,65,63,3
77,1658,Jordan,Unknown,4,24,England,183,70,22,64,65,79,84,75,72,73,67,69,4
77,1675,Boateng,Unknown,5,31,Netherlands,175,69,3,67,76,75,91,79,80,79,73,71,7
77,1678,Adam Johnson,Unknown,8,19,England,175,62,3,68,45,71,73,81,78,75,65,63,4
77,1684,Anthony McMahon,Unknown,4,20,England,180,72,3,67,65,72,80,80,76,74,64,68,5
77,1709,Edgar,Unknown,4,19,Canada,188,70,11,61,66,75,79,78,77,70,63,68,4
77,1721,M. Taylor,Unknown,8,24,England,178,74,26,74,63,77,80,77,76,77,74,76,5
77,1732,R. Hughes,Unknown,8,27,Scotland,183,83,26,73,57,77,77,76,78,79,68,73,5
77,1737,Ingimarsson,Unknown,3,29,Iceland,183,79,72,53,74,80,82,73,72,70,70,73,5
77,1738,Murty,Unknown,4,31,Scotland,178,75,72,68,62,77,83,77,75,73,75,75,4
77,1740,Harper,Unknown,7,25,England,178,71,72,72,63,74,80,79,77,75,71,70,4
77,1745,Federici,Unknown,0,21,Australia,188,90,72,30,72,82,58,64,66,48,64,60,3
77,1753,Torbinski,Unknown,8,22,Russia,175,68,2,70,44,67,76,83,77,74,67,64,6
77,1768,Sommeil,Unknown,3,32,France,179,74,77,50,75,80,80,73,70,63,74,69,5
77,1777,Gatti,Unknown,5,24,Italy,168,67,128,69,62,67,80,78,75,82,69,77,5
77,1782,Wright,Unknown,4,35,England,163,61,77,70,65,75,82,75,73,72,75,76,5
77,1789,Stalteri,Unknown,4,29,Canada,181,77,53,72,65,72,84,80,75,78,70,76,6
77,1800,Reto Ziegler,Unknown,8,20,Switzerland,183,79,8,70,60,77,80,78,78,76,70,73,5
77,1806,Lee Barnard,Unknown,12,22,England,180,68,53,70,35,73,80,77,78,74,62,65,4
77,1818,Henderson,Unknown,12,25,England,185,84,132,76,44,84,75,74,72,83,68,75,5
77,1827,D. Francis,Unknown,7,27,Jamaica,188,81,132,70,60,79,80,80,77,75,67,73,6
77,1832,Job,Unknown,12,28,Cameroon,178,70,117,78,40,77,79,82,77,80,64,72,4
77,1834,Priskin,Unknown,12,20,Hungary,185,73,132,70,35,78,81,78,75,74,64,70,4
77,1864,Jackson,Unknown,3,35,England,183,82,1,55,72,80,78,72,69,67,75,75,5
77,1868,Teale,Unknown,8,28,Scotland,175,72,1,74,52,70,81,76,78,74,72,70,4
77,1871,Smith,Unknown,12,26,England,173,72,132,75,40,76,80,81,80,74,77,75,5
77,1876,F. Thomas,Unknown,5,26,France,186,82,10,67,70,78,81,75,74,72,68,69,4
77,1878,Alain Traoré,Unknown,8,17,Burkina Faso,176,66,10,70,45,76,73,81,79,71,64,63,4
77,1880,Kaalabane,Unknown,3,25,Guinea,185,79,10,54,73,80,77,76,75,68,70,67,5
77,1881,Vadócz,Unknown,3,21,Hungary,183,71,10,54,72,82,80,73,71,68,69,73,4
77,1884,Jaures,Unknown,4,29,France,176,79,10,69,72,71,82,76,74,74,72,73,5
77,1888,Issa Ba,Unknown,8,24,Senegal,185,77,10,72,45,81,77,80,77,76,69,70,5
77,1907,Marange,Unknown,4,20,France,176,70,111,65,58,69,77,82,80,73,64,63,3
77,1909,Mavuba,Unknown,5,22,France,172,68,111,68,70,72,85,80,82,78,72,69,4
77,1917,Cerdan,Unknown,3,24,France,191,85,107,52,74,81,77,73,73,72,75,74,4
77,1919,Bonnart,Unknown,4,26,France,170,66,107,67,66,85,85,76,73,72,78,83,6
77,1924,Samassa,Unknown,12,20,France,188,82,107,72,35,83,78,75,77,76,67,65,4
77,1941,Hilton,Unknown,3,29,Brazil,182,73,109,50,76,78,80,73,75,68,70,70,4
77,1943,Vignal,Unknown,4,25,France,180,78,109,69,61,74,83,80,76,76,67,71,4
77,1946,Thomert,Unknown,12,26,France,180,75,109,77,46,79,74,81,80,69,62,67,4
77,1950,Chabbert,Unknown,0,28,France,185,78,109,30,80,81,58,57,64,50,76,60,3
77,1952,Coulibaly,Unknown,3,26,Mali,186,83,109,50,73,85,70,72,75,66,69,62,4
77,1962,Plestan,Unknown,3,25,France,184,73,103,55,74,81,80,75,73,74,68,68,4
77,1966,Michel Bastos,Unknown,8,23,Brazil,179,71,55,67,60,76,80,80,76,77,66,68,4
77,1975,Debuchy,Unknown,4,21,France,187,74,103,67,61,74,76,80,72,77,64,78,6
77,1979,Lacroix,Unknown,0,21,France,193,83,103,30,71,83,56,66,65,43,62,60,4
77,1983,Samuel Robail,Unknown,9,21,France,173,68,103,68,42,65,78,77,78,76,65,68,3
77,1984,Mirallas,Unknown,12,19,France,179,69,103,72,34,75,77,76,81,76,62,67,3
77,1990,Morel,Unknown,4,22,France,172,71,116,69,55,75,80,76,77,75,70,71,4
77,1993,Le Pen,Unknown,10,32,France,175,63,116,75,40,69,77,80,74,83,65,65,6
77,1995,Abriel,Unknown,7,27,France,176,69,116,73,45,70,82,80,80,77,70,73,5
77,1998,Kieran Gibbs,Unknown,4,17,England,178,64,66,67,60,77,80,78,76,68,67,65,4
77,1999,Genton,Unknown,3,26,France,188,72,116,49,74,80,80,73,72,67,70,70,4
77,2002,Jallet,Unknown,4,22,France,178,65,116,59,65,78,82,78,73,74,71,74,4
77,2005,Pedron,Unknown,9,35,France,177,71,116,76,42,83,79,80,77,76,65,63,4
77,2006,Rachmane Barry,Unknown,10,20,Senegal,180,75,116,73,37,73,75,84,78,75,63,67,5
77,2008,Rémy Riou,Unknown,0,19,France,191,81,116,30,71,77,58,65,63,48,66,62,3
77,2016,Hartock,Unknown,0,19,France,189,83,29,30,70,78,58,68,72,45,60,60,4
77,2031,Cana,Unknown,5,23,Albania,186,77,64,63,69,77,83,77,76,74,67,71,5
77,2044,Sennaoui,Unknown,0,20,Algeria,190,86,64,30,72,79,56,64,67,56,66,64,3
77,2051,Bernardi,Unknown,5,29,Argentina,171,68,31,60,73,83,86,70,72,77,76,83,5
77,2059,Licata,Unknown,9,22,France,178,76,31,73,39,73,75,76,78,80,65,67,5
77,2076,Sorin,Unknown,0,25,France,189,82,133,30,80,78,56,66,66,46,73,63,5
77,2078,Lecluse,Unknown,3,34,France,185,83,133,49,72,83,73,70,68,66,69,72,4
77,2087,Dosunmu,Unknown,12,26,Nigeria,178,72,133,76,33,81,76,80,80,76,67,65,4
77,2092,Guillon,Unknown,3,24,France,186,80,60,58,77,80,78,79,72,75,74,72,5
77,2102,Savinaud,Unknown,8,30,France,183,73,60,69,70,78,82,80,76,69,80,76,6
77,2109,Abardonado,Unknown,3,28,France,183,78,108,46,77,81,75,70,68,68,75,76,5
77,2114,Balmont,Unknown,7,26,France,170,64,108,73,63,70,86,74,77,73,65,75,6
77,2115,Rool,Unknown,8,31,France,176,72,108,71,62,72,85,80,76,74,72,62,5
77,2125,Scotto,Unknown,4,28,France,177,65,108,63,59,75,88,75,74,72,69,70,5
77,2136,Paulo César,Unknown,4,30,Brazil,176,75,36,75,61,70,84,80,75,80,72,72,4
77,2163,C. T. Ndiaye,Unknown,0,21,Senegal,191,80,101,30,73,80,60,68,66,48,62,63,4
77,2166,Marveaux,Unknown,4,20,France,172,64,101,71,45,69,80,83,80,75,67,69,4
77,2169,Sow,Unknown,12,20,France,180,69,101,69,40,80,79,77,76,75,68,65,3
77,2180,Landrin,Unknown,8,29,France,178,68,43,74,64,71,86,73,74,80,73,80,5
77,2197,Moulin,Unknown,0,20,France,183,77,43,30,72,79,56,66,68,54,65,67,4
77,2198,Mermillod,Unknown,0,19,France,186,76,102,30,73,72,63,73,74,50,66,65,4
77,2201,Henin,Unknown,3,28,France,186,78,117,50,77,80,76,71,69,69,76,77,5
77,2204,Ducourtioux,Unknown,4,28,France,177,71,117,72,64,72,81,78,77,74,72,72,4
77,2207,Stephane Noro,Unknown,9,26,France,174,69,117,74,55,73,80,76,75,76,63,65,4
77,2208,Mokaké,Unknown,11,24,Cameroon,168,64,117,72,40,69,80,80,82,75,66,66,4
77,2210,Boutabout,Unknown,12,28,Algeria,184,75,117,76,38,80,79,76,73,74,69,72,4
77,2217,Jau,Unknown,8,28,France,186,76,117,70,59,79,82,74,76,78,70,60,5
77,2230,Birsa,Unknown,12,20,Slovenia,184,79,134,75,37,81,80,75,74,76,70,70,5
77,2234,Laquait,Unknown,0,29,France,184,78,130,30,75,77,57,62,64,40,68,69,4
77,2244,Deichelbohrer,Unknown,0,20,France,182,77,134,30,71,80,58,64,66,55,66,65,3
77,2245,Josse,Unknown,4,19,France,184,82,134,66,66,79,80,77,74,72,62,72,4
77,2246,Bühler,Unknown,4,21,Switzerland,187,72,134,64,67,78,81,76,75,75,65,71,4
77,2249,Genghini,Unknown,9,20,France,174,61,134,66,40,58,73,77,79,79,64,64,3
77,2253,Arribagé,Unknown,3,35,France,187,83,102,50,83,78,75,67,65,67,80,74,5
77,2270,Bergougnoux,Unknown,11,23,France,177,79,102,73,46,74,82,77,79,78,66,67,4
77,2273,Sanz,Unknown,3,29,France,183,80,106,49,73,79,76,72,68,66,68,69,4
77,2277,Matuidi,Unknown,5,19,France,175,70,106,68,60,77,74,74,72,81,68,70,4
77,2279,Dallet,Unknown,11,33,France,168,62,106,72,46,69,82,79,79,77,75,67,5
77,2284,Guillaume,Unknown,3,27,France,181,74,106,58,75,78,81,78,76,69,68,65,5
77,2292,Gigliotti,Unknown,12,21,France,177,72,106,72,40,70,84,80,78,80,64,60,4
77,2302,Doumeng,Unknown,5,25,France,168,62,115,74,57,73,78,80,79,80,62,69,4
77,2303,Bratu,Unknown,12,26,Romania,186,75,115,73,45,73,74,79,83,81,68,66,5
77,2304,Haddad,Unknown,9,21,France,180,78,115,70,50,75,79,78,77,70,67,63,3
77,2308,Coque,Unknown,0,24,France,179,76,115,30,75,77,60,65,67,55,71,65,4
77,2309,Liron,Unknown,3,28,France,183,76,115,50,76,78,80,73,70,66,72,75,4
77,2311,Rippert,Unknown,4,21,France,180,72,115,61,65,76,80,76,75,70,70,70,4
77,2321,Foglio,Unknown,4,31,Italy,178,75,22,67,64,74,83,76,76,74,71,74,5
77,2330,Corallo,Unknown,3,26,Italy,187,80,22,45,71,84,81,74,70,68,68,67,4
77,2340,Bellini,Unknown,4,26,Italy,178,75,114,65,67,74,83,78,74,74,71,75,5
77,2351,Centi,Unknown,5,30,Italy,179,78,114,74,46,72,82,80,78,79,76,74,4
77,2376,Cocco,Unknown,12,20,Italy,182,75,126,70,45,76,80,77,79,77,70,65,4
77,2380,Cesar,Unknown,3,27,Brazil,184,78,42,56,70,80,79,80,72,72,67,60,5
77,2384,Caserta,Unknown,7,28,Italy,180,71,42,72,69,74,85,76,76,76,75,75,5
77,2387,Mascara,Unknown,11,27,Italy,172,72,42,77,35,78,82,76,78,78,70,73,5
77,2392,Edusei,Unknown,7,30,Ghana,178,70,42,67,66,71,83,76,76,77,65,75,5
77,2403,Lanna,Unknown,4,30,Italy,178,72,87,62,78,70,83,75,77,72,73,86,5
77,2408,Cossato,Unknown,12,34,Italy,187,79,87,81,41,80,78,77,74,72,75,77,5
77,2418,Marchesetti,Unknown,8,23,Italy,186,73,87,72,55,74,73,80,83,72,66,62,5
77,2422,Marchese,Unknown,4,22,Italy,182,75,87,55,73,81,78,73,73,68,68,72,5
77,2431,Tosto,Unknown,4,32,Italy,184,76,65,68,64,74,83,77,74,77,72,76,5
77,2437,Pozzi,Unknown,12,20,Italy,184,75,65,72,30,72,73,80,78,77,62,58,4
77,2445,Eder,Unknown,12,19,Brazil,179,64,65,70,30,68,75,81,83,74,66,62,4
77,2474,Dacourt,Unknown,7,32,France,179,73,129,62,77,82,84,74,71,78,70,83,6
77,2496,Bonetto,Unknown,4,27,Italy,177,68,80,72,43,69,82,78,77,73,70,66,4
77,2507,Morrone,Unknown,7,28,Italy,179,72,81,70,67,75,87,76,75,75,74,82,5
77,2525,C. Coppola,Unknown,7,27,Italy,175,68,81,68,72,71,88,76,77,75,78,82,5
77,2526,Sullo,Unknown,9,35,Italy,182,77,24,75,52,75,76,75,73,81,78,81,6
77,2531,Caglioni,Unknown,0,23,Italy,189,83,24,30,76,78,58,66,66,46,62,66,4
77,2532,Olorunleke,Unknown,3,23,Nigeria,183,75,24,58,70,81,81,78,79,66,64,66,4
77,2546,Costacurta,Unknown,3,40,Italy,182,75,38,60,86,79,72,74,73,75,74,90,7
77,2569,Rinaudo,Unknown,3,23,Italy,191,78,95,59,72,82,80,74,72,68,69,74,4
77,2570,Cassani,Unknown,4,23,Italy,184,75,82,63,67,76,80,79,76,72,68,73,5
77,2575,Guana,Unknown,7,25,Italy,178,72,82,65,66,73,84,75,74,77,69,74,5
77,2579,Cardone,Unknown,3,32,Italy,183,76,99,56,80,76,80,76,70,70,73,75,5
77,2583,Bolaño,Unknown,5,29,Colombia,168,63,99,65,70,73,87,83,73,74,70,73,5
77,2588,De Lucia,Unknown,0,22,Italy,185,80,99,30,73,75,57,66,68,48,70,67,4
77,2589,Rossi,Unknown,3,19,Italy,188,78,99,52,73,79,77,72,71,68,66,65,4
77,2591,Contini,Unknown,3,26,Italy,182,76,99,63,73,79,82,75,70,72,65,73,5
77,2592,Ferronetti,Unknown,4,21,Italy,183,70,99,62,66,76,78,77,77,70,68,67,4
77,2605,Biondini,Unknown,7,23,Italy,178,67,126,65,69,70,84,74,73,78,69,72,4
77,2607,Modesto,Unknown,4,24,Italy,177,73,120,69,64,72,81,80,76,79,70,68,5
77,2615,Lanzaro,Unknown,4,24,Italy,183,79,120,60,72,81,82,75,73,68,68,67,5
77,2619,Carrobbio,Unknown,9,27,Italy,180,72,120,70,62,73,81,75,73,77,71,74,4
77,2634,Rosi,Unknown,4,19,Italy,180,70,79,67,52,72,78,81,78,76,67,69,4
77,2648,Palombo,Unknown,5,25,Italy,177,77,125,63,74,78,86,74,76,75,70,70,5
77,2658,G. Delvecchio,Unknown,7,28,Italy,174,78,125,66,66,71,81,75,73,78,66,71,5
77,2662,Foti,Unknown,12,18,Italy,192,75,125,74,33,78,78,75,72,80,69,68,4
77,2663,Quagliarella,Unknown,12,22,Italy,182,73,125,75,37,72,81,78,80,74,66,69,4
77,2668,Falsini,Unknown,4,31,Italy,175,70,42,72,63,69,87,80,77,73,69,74,5
77,2687,Doudou,Unknown,3,30,Senegal,187,80,83,47,73,83,81,72,73,65,63,65,4
77,2699,Gallo,Unknown,5,36,Italy,176,72,83,74,65,73,76,74,74,80,73,76,6
77,2705,Abbruscato,Unknown,12,25,Italy,181,79,83,76,36,76,83,78,82,76,67,72,4
77,2714,D. Zenoni,Unknown,7,29,Italy,185,74,18,65,70,80,85,80,73,75,74,78,5
77,2724,G. Siqueira,Unknown,8,20,Brazil,184,75,124,67,41,68,73,81,75,79,65,65,3
77,2733,Martha,Unknown,3,24,Netherlands,185,85,59,50,70,82,80,74,73,66,70,68,4
77,2734,Saavedra,Unknown,3,24,Spain,190,80,59,50,70,85,77,71,66,63,70,62,4
77,2744,Zwinkels,Unknown,0,23,Netherlands,186,80,59,30,70,80,60,65,66,50,67,65,3
77,2753,Elia,Unknown,10,19,Netherlands,176,70,59,70,26,62,75,77,79,77,65,65,3
77,2754,Den Ouden,Unknown,12,30,Netherlands,194,90,73,78,36,89,77,73,69,80,73,72,5
77,2762,Vermeer,Unknown,0,20,Netherlands,182,78,78,30,72,78,56,67,68,50,66,65,4
77,2779,Luirink,Unknown,3,23,Netherlands,189,81,29,45,73,83,82,69,76,68,69,69,4
77,2792,De Haan,Unknown,3,34,Netherlands,191,90,121,50,75,85,73,67,65,66,74,70,5
77,2794,Piqué,Unknown,4,26,Netherlands,170,70,121,66,59,73,81,82,77,71,66,68,4
77,2797,Bruins,Unknown,9,19,Netherlands,179,71,36,63,60,69,82,78,77,75,62,70,4
77,2802,Graafland,Unknown,0,27,Netherlands,190,76,138,30,74,78,59,66,64,50,68,62,4
77,2804,Bandjar,Unknown,4,22,Netherlands,175,70,70,61,64,73,81,80,75,70,65,68,4
77,2807,Hertog,Unknown,7,31,Netherlands,174,77,115,62,65,78,80,82,75,75,67,76,4
77,2824,Buijs,Unknown,8,24,Netherlands,180,78,15,71,63,75,85,77,74,75,73,80,6
77,2827,Vincken,Unknown,10,20,Netherlands,171,72,15,69,40,66,78,77,81,73,65,68,4
77,2839,Lindgren,Unknown,5,21,Sweden,180,69,135,72,60,69,84,75,74,78,68,74,5
77,2853,Luis Suárez,Unknown,12,19,Uruguay,181,81,135,73,37,77,80,77,76,75,66,66,4
77,2854,Dingsdag,Unknown,3,24,Netherlands,189,74,12,61,72,80,80,75,75,72,68,71,4
77,2870,Garcia-garcia,Unknown,10,23,Spain,182,78,12,72,40,69,76,75,78,79,66,60,4
77,2875,Wintjens,Unknown,0,23,Netherlands,200,74,12,30,75,78,61,65,66,48,60,69,4
77,2882,Daelemans,Unknown,4,28,Belgium,179,79,131,75,45,73,81,78,75,74,70,70,5
77,2888,Höcher,Unknown,10,22,Netherlands,180,72,131,72,50,71,79,78,77,75,63,66,4
77,2895,Bridji,Unknown,8,25,Netherlands,173,76,131,68,40,81,74,81,73,75,66,59,4
77,2897,Biseswar,Unknown,10,18,Netherlands,171,73,131,70,54,69,74,82,75,77,65,66,6
77,2904,Petö,Unknown,5,32,Hungary,183,77,136,66,67,81,81,74,74,73,68,72,4
77,2905,Slot,Unknown,7,28,Netherlands,184,76,136,71,54,75,77,72,72,80,67,72,6
77,2914,De Graaf,Unknown,5,26,Netherlands,183,74,136,74,60,75,81,78,78,82,66,71,5
77,2921,Rigters,Unknown,12,22,Netherlands,177,92,136,72,33,78,78,80,76,70,65,57,3
77,2935,Vanaudenaerde,Unknown,4,22,Belgium,179,78,124,62,68,78,82,76,75,72,70,74,5
77,2958,Bakens,Unknown,3,23,Netherlands,198,94,129,54,70,86,78,70,66,67,66,63,4
77,2961,Van Haaren,Unknown,4,34,Netherlands,180,73,129,59,70,77,80,75,73,68,75,75,5
77,2981,De Fauw,Unknown,4,25,Netherlands,175,75,137,64,64,76,81,76,75,73,69,73,5
77,2990,Voigt,Unknown,4,28,Germany,183,83,137,69,74,82,79,75,73,74,68,76,4
77,2999,Sonko,Unknown,10,26,Gambia,179,72,137,69,40,78,80,81,76,75,67,64,4
77,3028,Bakircioglu,Unknown,7,25,Sweden,180,71,127,74,50,73,80,79,80,75,70,70,4
77,3038,El Ahmadi,Unknown,8,21,Morocco,185,78,127,65,50,59,72,82,77,78,66,63,4
77,3063,Maachi,Unknown,10,21,Netherlands,185,73,17,72,43,74,80,80,80,77,66,70,4
77,3068,Sansoni,Unknown,3,28,France,187,87,16,50,72,82,80,73,69,67,70,64,4
77,3070,Van Der Schaaf,Unknown,5,27,Netherlands,186,77,16,62,68,79,85,75,74,72,70,78,5
77,3071,T. Janssen,Unknown,8,25,Netherlands,180,80,16,74,54,78,80,74,75,80,72,65,6
77,3077,Sprockel,Unknown,3,23,Netherlands,182,85,16,45,72,82,79,70,70,67,69,67,4
77,3083,Esajas,Unknown,8,21,Netherlands,170,65,16,67,55,63,77,81,76,75,63,63,3
77,3088,Novakovic,Unknown,0,23,Serbia and Montenegro,186,77,120,30,72,80,60,65,65,53,65,64,4
77,3093,Kargbo,Unknown,3,24,Sierra Leone,178,78,73,50,73,84,75,72,68,68,65,61,4
77,3096,Valencia,Unknown,4,24,Ecuador,175,68,73,66,54,62,85,80,84,77,69,62,3
77,3117,Iraola,Unknown,4,24,Spain,181,71,138,71,64,74,77,78,75,77,68,68,4
77,3118,Amorebieta,Unknown,4,21,Spain,190,77,138,58,71,85,80,79,70,68,66,63,4
77,3119,Gurpegi,Unknown,7,26,Spain,180,75,138,73,68,77,84,74,76,72,75,75,5
77,3124,F. Llorente,Unknown,12,21,Spain,193,88,138,75,32,84,76,73,70,79,68,64,3
77,3132,Urzaiz,Unknown,12,35,Spain,188,80,95,86,36,88,78,71,68,75,75,75,6
77,3154,Romero,Unknown,4,35,Spain,183,79,67,72,80,80,81,76,73,78,72,80,6
77,3163,Arzu,Unknown,5,25,Spain,184,78,67,67,78,74,83,75,70,80,72,78,5
77,3164,Miguel Ángel,Unknown,5,28,Spain,183,77,67,73,70,76,81,75,71,77,71,73,5
77,3166,Damia,Unknown,4,24,Spain,188,77,133,72,59,82,75,79,73,72,66,61,4
77,3169,Dani,Unknown,11,25,Spain,172,66,67,76,55,70,77,82,79,78,76,66,6
77,3171,Xisco,Unknown,12,26,Spain,179,65,67,78,42,73,80,82,78,73,69,68,5
77,3175,Ángel,Unknown,4,25,Spain,180,73,92,75,75,72,81,77,80,81,66,65,5
77,3189,Jesús Perera,Unknown,11,26,Spain,177,72,92,78,37,71,77,81,80,77,70,66,5
77,3220,Jarque,Unknown,3,23,Spain,188,76,105,50,75,82,76,71,70,66,67,73,5
77,3243,Paredes,Unknown,4,24,Spain,175,74,93,60,67,77,80,76,74,73,69,73,4
77,3246,Mario Cotelo,Unknown,8,31,Spain,181,78,93,71,65,76,83,77,75,69,75,72,5
77,3251,Tena,Unknown,3,30,Spain,187,78,93,53,77,83,79,69,65,70,70,72,5
77,3253,Cortés,Unknown,4,27,Spain,181,70,93,70,67,77,82,82,76,71,68,75,5
77,3255,Nacho,Unknown,8,26,Spain,175,70,93,70,43,73,78,79,77,76,70,66,5
77,3256,Sousa,Unknown,8,26,Spain,174,71,93,74,57,68,76,79,71,78,61,63,4
77,3262,Matellán,Unknown,3,29,Argentina,180,83,123,56,78,82,80,70,68,68,70,72,5
77,3271,Álvaro,Unknown,0,34,Spain,183,83,123,40,77,77,54,65,63,46,74,74,5
77,3272,Rubén Pérez,Unknown,0,26,Spain,185,82,123,42,77,80,57,59,57,42,66,68,4
77,3273,Llera,Unknown,3,27,Spain,193,87,123,56,75,84,77,68,67,67,64,68,4
77,3276,Óscar López,Unknown,4,26,Spain,178,70,123,66,66,69,81,81,76,74,64,67,4
77,3286,Iago Bouzón,Unknown,4,23,Spain,183,78,130,62,65,76,77,77,76,70,66,65,4
77,3292,Rosu,Unknown,9,31,Romania,175,71,130,71,55,71,83,80,74,78,70,69,5
77,3298,Póli,Unknown,4,29,Spain,183,75,130,71,68,77,79,80,75,71,69,72,5
77,3307,Tommasi,Unknown,7,32,Italy,180,78,75,69,70,80,86,76,74,75,74,85,6
77,3312,Reggi,Unknown,12,33,Argentina,186,85,75,77,32,84,81,73,70,74,70,72,5
77,3314,Alexis,Unknown,3,32,Spain,182,84,75,50,75,81,76,74,74,70,72,72,5
77,3321,Courtois,Unknown,8,28,France,171,71,75,67,63,64,82,82,72,80,61,62,5
77,3324,Juanma,Unknown,8,25,Spain,176,70,130,71,43,69,77,79,78,75,69,70,5
77,3331,Cuellar,Unknown,0,22,Spain,185,75,20,30,74,77,59,67,65,47,67,70,4
77,3332,Zé Castro,Unknown,3,23,Portugal,184,75,20,58,74,76,78,74,74,75,73,76,5
77,3334,Gabi,Unknown,9,23,Spain,179,75,20,72,63,72,82,75,77,75,68,64,5
77,3345,Pavon,Unknown,3,26,Spain,188,77,54,53,78,76,80,77,71,73,68,73,4
77,3348,De La Red,Unknown,7,21,Spain,186,82,54,68,67,79,80,75,75,80,65,67,4
77,3354,Varela,Unknown,4,27,Spain,181,75,69,74,66,75,81,81,76,77,63,76,5
77,3376,Raúl García,Unknown,9,20,Spain,183,80,97,73,62,77,80,74,73,78,65,73,5
77,3379,Delporte,Unknown,8,26,France,178,73,97,73,50,74,84,78,73,76,68,71,4
77,3385,Izquierdo,Unknown,4,26,Spain,176,70,97,70,70,75,80,81,76,71,70,73,5
77,3391,Romeo,Unknown,12,29,Argentina,177,72,97,83,35,71,75,75,72,74,77,67,5
77,3404,Garay,Unknown,3,20,Argentina,182,75,139,55,75,80,80,74,73,68,67,72,5
77,3409,Mora,Unknown,4,27,Spain,186,78,139,58,72,82,80,74,70,70,70,65,5
77,3411,Balboa,Unknown,8,21,Spain,182,76,139,70,46,74,77,80,78,75,66,66,3
77,3414,Juanjo,Unknown,12,21,Spain,183,80,139,70,35,79,80,75,74,74,64,65,4
77,3417,C. Portilla,Unknown,8,18,Spain,180,75,139,68,40,75,78,79,78,74,65,64,4
77,3418,F. Marqués,Unknown,8,21,Spain,177,70,20,67,55,72,78,81,80,76,66,67,4
77,3422,Juanito,Unknown,3,26,Spain,186,78,51,54,77,79,76,76,71,69,72,65,5
77,3433,Garitano,Unknown,5,31,Spain,175,70,51,71,63,74,82,77,75,75,76,77,5
77,3451,Cobeño,Unknown,0,24,Spain,189,82,47,30,69,81,61,66,67,49,66,65,3
77,3454,David Castedo,Unknown,4,32,Spain,165,65,47,72,70,71,84,81,81,75,74,75,5
77,3470,Curro Torres,Unknown,4,29,Spain,180,76,81,68,69,75,83,82,77,76,72,85,5
77,3471,Moretti,Unknown,4,25,Italy,185,80,102,63,76,79,78,76,74,73,70,78,5
77,3484,Arruabarrena,Unknown,4,31,Argentina,175,75,100,74,70,78,77,78,74,72,80,78,5
77,3491,Josemi,Unknown,4,26,Spain,182,82,100,62,78,81,80,79,70,70,75,69,5
77,3492,José Enrique,Unknown,4,20,Spain,184,76,100,66,62,75,80,78,76,74,65,65,4
77,3505,Óscar,Unknown,9,23,Spain,181,70,118,79,52,73,78,77,80,79,69,71,5
77,3522,Legear,Unknown,8,19,Belgium,176,70,6,70,40,69,73,78,76,80,68,65,4
77,3534,Tchite,Unknown,12,19,Cameroon,173,73,6,70,39,73,78,83,83,72,65,66,4
77,3538,Gvozdenovic,Unknown,4,28,Serbia and Montenegro,185,81,4,63,60,66,82,80,80,80,68,63,5
77,3539,Vermant,Unknown,7,33,Belgium,183,80,4,73,67,74,80,74,71,79,72,75,5
77,3542,Klukowski,Unknown,4,25,Canada,184,75,4,71,60,80,80,76,74,74,70,75,5
77,3554,Dreesen,Unknown,3,19,Belgium,190,82,4,50,71,80,80,72,70,68,74,71,4
77,3564,Grigar,Unknown,0,23,Czech Republic,193,83,141,30,72,83,56,62,60,48,66,66,4
77,3566,Drobny,Unknown,3,26,Czech Republic,192,81,141,50,80,83,75,73,72,68,69,65,5
77,3567,Homola,Unknown,3,26,Czech Republic,184,84,141,52,75,81,78,72,69,66,73,70,5
77,3574,Slepicka,Unknown,12,24,Czech Republic,181,80,141,76,43,78,81,76,74,77,67,72,4
77,3577,Silberbauer,Unknown,8,25,Denmark,183,71,50,74,61,72,81,80,76,75,70,72,5
77,3581,Fearrington,Unknown,4,20,Denmark,185,80,50,49,68,83,77,74,73,68,65,68,3
77,3594,Demichelis,Unknown,5,26,Argentina,184,78,5,62,80,88,83,72,74,74,74,73,5
77,3600,Ottl,Unknown,3,21,Germany,185,77,5,60,72,80,80,76,74,73,67,70,3
77,3616,Bulut,Unknown,4,31,Turkey,174,70,28,62,66,73,83,76,75,73,67,70,4
77,3618,Milos Maric,Unknown,5,24,Serbia and Montenegro,176,73,28,66,65,69,83,77,72,81,67,70,4
77,3632,Darlas,Unknown,4,23,Greece,182,76,32,64,60,75,80,76,75,70,71,69,4
77,3638,Tzorvas,Unknown,0,24,Greece,190,79,32,30,72,82,60,63,65,46,65,60,3
77,3648,Sanmartean,Unknown,9,26,Romania,176,70,32,75,43,74,72,72,74,84,73,70,4
77,3657,Piccolo,Unknown,3,23,Italy,187,83,41,62,72,82,83,80,73,73,72,66,4
77,3667,Guzman,Unknown,11,24,Paraguay,178,76,41,70,38,73,80,77,80,75,67,65,4
77,3673,Dorsin,Unknown,4,25,Sweden,185,83,86,63,71,80,82,74,68,71,72,71,5
77,3676,Storflor,Unknown,10,26,Norway,180,73,86,74,45,75,82,80,77,74,70,72,5
77,3703,Diego,Unknown,5,21,Brazil,186,89,70,65,65,84,82,74,73,75,70,67,4
77,3739,Rui Patrício,Unknown,0,18,Portugal,188,84,88,30,75,79,60,65,66,45,67,67,3
77,3791,Barsom,Unknown,5,29,Sweden,172,73,57,68,68,69,85,75,75,80,70,72,5
77,3797,Storm,Unknown,3,27,Sweden,190,87,57,48,73,85,78,69,69,65,70,70,3
77,3803,Batan,Unknown,4,21,Sweden,175,75,57,72,50,72,79,80,78,78,69,68,4
77,3809,Avci,Unknown,5,27,Turkey,182,77,104,68,75,70,81,78,75,81,78,71,5
77,3819,Kurtulus,Unknown,4,19,Turkey,184,79,104,61,65,76,80,78,78,75,65,67,4
77,3820,Baki Mercimek,Unknown,3,24,Turkey,184,78,104,60,73,80,81,76,72,74,70,70,4
77,3821,Mehmet Sedef,Unknown,4,19,Turkey,180,73,104,64,61,72,82,80,78,75,66,73,5
77,3822,Ali Tandogan,Unknown,4,28,Turkey,175,67,104,72,60,71,85,80,76,77,77,77,5
77,3826,Kenan Ozer,Unknown,8,19,Turkey,170,70,104,72,41,65,80,78,81,75,63,63,3
77,3831,Önder,Unknown,3,25,Belgium,186,79,96,61,70,79,84,77,69,74,70,73,4
77,3832,Marco Aurélio,Unknown,7,28,Turkey,178,75,96,65,69,72,84,80,72,80,70,77,5
77,3849,Sabri,Unknown,4,22,Turkey,170,63,30,71,75,70,82,83,80,75,64,71,5
77,3854,Ugur Uçar,Unknown,4,19,Turkey,180,70,30,57,70,74,80,79,77,75,70,69,5
77,3861,Hakan Sükür,Unknown,12,35,Turkey,191,81,116,82,36,86,73,74,70,80,63,78,6
77,3862,Hasan Kabze,Unknown,12,24,Turkey,185,74,30,77,35,80,78,77,75,77,71,74,6
77,3867,Zafer Sakar,Unknown,7,21,Turkey,170,65,30,64,56,70,78,76,79,80,65,67,4
77,3872,Eschenko,Unknown,4,22,Russia,170,69,85,66,63,66,82,81,81,74,66,67,4
77,3879,Mikhalik,Unknown,8,22,Ukraine,185,77,85,70,50,74,80,77,75,77,65,63,4
77,3889,Aliyev,Unknown,8,21,Ukraine,172,66,85,69,40,62,74,80,72,80,63,59,4
77,3891,Pareja,Unknown,3,22,Argentina,181,75,6,58,74,82,80,74,73,72,71,70,4
77,3894,Gago,Unknown,5,20,Argentina,178,65,53,68,72,70,82,75,78,82,70,78,7
77,3896,Nenad Kovacevic,Unknown,5,25,Serbia and Montenegro,176,79,109,62,71,80,83,75,74,74,72,75,7
77,3898,Aresti,Unknown,0,20,Italy,188,78,126,30,74,76,58,65,68,47,66,65,4
77,3911,Marcelo Sosa,Unknown,5,28,Uruguay,180,76,20,60,74,79,85,76,74,71,70,75,5
77,3925,Monreal,Unknown,4,20,Spain,178,72,97,63,66,73,80,76,75,74,69,73,5
77,3933,Lee Martin,Unknown,8,19,England,180,80,9,68,45,74,75,79,75,77,64,65,5
77,3940,Sapara,Unknown,7,22,Slovakia,176,67,86,66,64,73,83,75,75,76,67,72,5
77,3966,Legzdins,Unknown,0,19,England,190,80,58,32,73,78,63,62,64,49,70,65,4
77,3982,Whitehead,Unknown,7,24,England,180,79,76,67,65,73,82,75,76,77,72,77,5
77,3986,Murphy,Unknown,12,23,England,183,82,76,76,27,80,77,78,78,75,74,71,5
77,3993,McGovern,Unknown,0,22,Northern Ireland,188,89,46,30,70,78,56,64,67,46,66,63,4
77,3994,Hübschman,Unknown,3,25,Czech Republic,180,76,21,60,78,77,82,78,79,68,75,78,4
77,4003,Korzynietz,Unknown,4,26,Germany,174,71,113,70,63,71,83,81,80,77,73,74,5
77,4008,Böhme,Unknown,8,32,Germany,178,75,113,77,54,77,73,76,71,80,67,66,6
77,4012,Kucera,Unknown,3,32,Czech Republic,188,82,113,53,70,82,77,74,70,66,68,69,6
77,4014,Cupi,Unknown,3,30,Italy,176,68,128,65,70,72,83,82,80,74,73,77,5
77,4017,Rahimic,Unknown,5,30,Bosnia and Herzegovina,191,80,64,58,72,81,83,73,70,76,71,76,4
77,4031,Sergio Pinto,Unknown,4,25,Portugal,177,71,98,75,65,67,82,81,80,77,75,75,4
77,4032,Rösler ,Unknown,12,28,Germany,183,77,98,78,37,85,78,74,73,70,70,71,4
77,4039,Lehmann,Unknown,5,23,Germany,179,68,98,71,65,70,82,80,82,77,70,80,5
77,4049,Kamper,Unknown,8,23,Denmark,185,77,113,73,44,77,78,86,86,73,62,65,4
77,4056,Barbarez,Unknown,9,34,Bosnia and Herzegovina,188,82,25,85,60,84,72,73,72,83,81,84,6
77,4062,Schwegler,Unknown,5,19,Switzerland,179,68,25,68,72,73,84,79,78,72,75,79,4
77,4081,Brzenska,Unknown,3,21,Germany,196,87,66,43,71,85,81,70,68,60,55,60,4
77,4096,Daems,Unknown,8,27,Belgium,181,79,11,63,68,77,85,77,76,74,75,75,6
77,4099,Kirch,Unknown,8,23,Germany,183,70,11,68,55,79,80,80,77,80,67,65,4
77,4111,Kahe,Unknown,12,23,Brazil,187,87,11,76,34,82,76,79,73,73,66,70,5
77,4114,Delura,Unknown,8,20,Germany,191,86,11,74,44,86,82,77,73,74,74,72,5
77,4127,Chris,Unknown,3,27,Brazil,185,78,68,60,72,81,81,75,74,72,70,68,5
77,4129,Rehmer,Unknown,4,33,Germany,188,85,68,63,84,84,79,77,73,77,77,65,5
77,4130,C. Reinhard,Unknown,4,20,Germany,185,74,68,61,66,80,80,77,73,76,67,68,5
77,4132,Preuß,Unknown,8,24,Germany,181,72,68,69,66,73,84,74,73,78,73,75,5
77,4152,Szelesi,Unknown,4,24,Hungary,184,80,140,60,71,84,80,74,72,73,71,71,5
77,4156,Aidoo,Unknown,8,24,Ghana,182,80,140,72,51,80,80,80,70,77,70,70,5
77,4165,Wolf,Unknown,3,23,Germany,182,77,39,51,72,82,82,73,70,68,73,72,4
77,4175,D. Reinhardt,Unknown,4,21,Germany,188,78,39,63,67,81,79,75,71,70,68,68,4
77,4180,Benko,Unknown,10,23,Croatia,182,78,39,79,41,78,79,76,78,75,71,74,5
77,4186,M. Friedrich,Unknown,3,26,Germany,189,78,110,50,76,83,80,75,75,68,72,70,5
77,4188,Rose,Unknown,4,29,Germany,187,83,110,62,65,82,80,76,70,68,71,69,5
77,4190,F. Gerber,Unknown,8,26,Germany,183,76,110,70,45,78,83,80,77,74,67,68,5
77,4194,Damm,Unknown,12,23,Germany,185,80,110,77,39,84,80,75,72,74,73,70,5
77,4201,Dudu,Unknown,7,23,Brazil,186,75,64,69,63,77,80,73,74,78,68,75,4
77,4206,Ruman,Unknown,8,29,Czech Republic,183,75,110,74,54,79,80,80,81,74,72,74,5
77,4210,Bolivar,Unknown,3,25,Brazil,185,75,31,63,74,80,77,77,76,70,72,75,4
77,4215,Amri,Unknown,12,22,France,178,70,110,75,37,74,77,82,85,76,73,74,4
77,4220,Hesl,Unknown,0,20,Germany,185,80,13,30,77,78,66,73,73,57,72,73,6
77,4221,Benjamin,Unknown,5,27,Free Nationality,188,80,13,67,65,80,84,80,80,74,68,66,5
77,4229,Fillinger,Unknown,9,21,Germany,184,76,13,70,49,71,75,78,79,77,66,67,4
77,4236,Ben-Hatira,Unknown,9,17,Germany,181,75,13,67,51,72,74,79,75,82,75,75,5
77,4237,Balitsch,Unknown,5,25,Germany,181,74,18,63,73,84,80,76,72,76,69,71,5
77,4252,Thorvaldsson,Unknown,12,24,Iceland,182,75,18,79,39,82,76,76,75,72,72,72,5
77,4266,Schmidt,Unknown,4,32,Germany,182,72,23,53,66,81,84,75,71,73,74,67,5
77,4270,C. Muller,Unknown,8,22,Germany,182,68,23,72,45,66,76,84,77,76,65,68,4
77,4283,Kobiashvili,Unknown,8,29,Georgia,183,78,52,75,69,76,78,76,70,80,67,78,5
77,4290,Hoogland,Unknown,4,21,Germany,183,79,52,57,67,78,80,75,72,70,66,67,4
77,4303,Misimovic,Unknown,9,25,Bosnia and Herzegovina,179,74,71,72,60,81,83,76,79,78,70,75,4
77,4304,Fabio Júnior,Unknown,12,28,Brazil,186,82,71,78,48,75,74,83,80,80,75,72,4
77,4311,Tasci,Unknown,4,19,Germany,185,74,49,60,65,76,81,76,75,74,65,64,4
77,4319,Khedira,Unknown,9,18,Germany,189,80,49,79,45,67,72,79,72,87,68,67,4
77,4325,Meichelbeck,Unknown,4,29,Germany,189,86,71,70,63,71,83,81,80,77,73,74,5
77,4328,O. Schröder,Unknown,4,26,Germany,184,83,71,68,70,77,80,77,75,74,71,72,5
77,4337,Grimi,Unknown,4,21,Argentina,172,69,13,48,83,81,78,75,73,74,68,67,4
77,4339,Ilicevic,Unknown,9,19,Croatia,174,69,71,74,50,66,77,81,84,75,66,70,6
77,4350,Baumann,Unknown,5,30,Germany,187,81,27,62,83,88,80,73,71,73,84,85,6
77,4352,Harnik,Unknown,12,19,Austria,185,73,27,75,38,73,79,78,79,81,73,70,4
77,4360,Mohr,Unknown,3,22,Germany,182,78,27,57,75,82,78,75,72,67,69,63,4
77,4371,Alex,Unknown,4,27,Portugal,178,69,7,74,60,70,80,81,84,77,70,73,5
77,4385,Santana,Unknown,7,25,Argentina,181,80,7,63,70,76,82,77,77,74,70,77,5
77,4412,Eagles,Unknown,8,20,England,183,78,124,68,55,71,82,78,77,77,72,67,4
77,4440,R. Lukaku,Unknown,12,16,Belgium,191,93,141,77,27,84,74,80,80,73,74,68,6
77,4446,E. Dzeko,Unknown,12,19,Bosnia and Herzegovina,192,80,141,77,33,82,72,75,74,79,73,74,6
77,4448,A. Vidal,Unknown,7,19,Chile,181,77,141,66,66,75,76,83,77,75,72,72,6
77,4454,S. Busquets,Unknown,5,19,Spain,188,75,141,67,73,79,77,67,67,80,73,80,7
77,4460,M. Pjanic,Unknown,9,18,Bosnia and Herzegovina,180,67,141,70,52,69,75,73,70,82,68,72,6
77,4464,Filipe Luís,Unknown,4,21,Brazil,182,70,2,71,57,71,79,83,77,77,67,69,7
77,4465,Ruben Amorim,Unknown,7,22,Portugal,174,73,141,72,61,74,80,71,75,79,78,71,6
77,4480,Ukra,Unknown,10,19,Portugal,175,68,141,67,34,68,71,78,82,79,65,66,4
77,4533,J. Vardy,Unknown,12,20,England,178,76,141,70,52,73,79,78,83,67,72,74,6
77,4540,Fabio,Unknown,4,17,Brazil,172,74,141,63,55,74,78,79,82,75,69,69,5
77,4551,W. Szczesny,Unknown,0,18,Poland,181,79,141,30,75,82,62,68,71,53,78,76,5
77,4573,Jardel,Unknown,12,33,Brazil,188,76,74,87,24,82,72,70,73,82,75,65,5
77,4581,N. Otamendi,Unknown,3,19,Argentina,178,75,141,55,75,79,79,75,74,73,70,72,6
77,4587,M. Hummels,Unknown,3,18,Germany,191,88,141,53,75,82,70,70,66,73,79,75,6
77,4590,Y. Sommer,Unknown,0,19,Switzerland,183,77,141,30,73,78,60,64,65,47,69,68,6
77,4610,Walton,Unknown,4,19,England,180,74,141,68,75,85,78,83,79,73,88,75,4
77,4631,Berger,Unknown,3,19,Germany,190,86,141,45,78,86,71,74,75,60,81,68,4
77,4635,Hoffmann,Unknown,4,19,Germany,179,73,141,71,54,77,77,78,78,62,77,69,5
77,4643,Wolf,Unknown,0,19,Germany,193,82,141,33,75,79,51,65,75,45,80,76,4
77,4647,Bos,Unknown,2,18,Netherlands,180,78,141,71,81,84,76,65,68,71,97,76,7
77,4657,Chapi,Unknown,12,19,Spain,163,52,141,83,43,55,78,83,87,79,44,43,6
77,4719,Guimaraes,Unknown,4,18,Brazil,176,71,141,66,67,78,81,76,75,71,79,65,5
77,4742,Kruger,Unknown,3,19,Germany,195,89,141,18,84,83,61,71,75,57,87,68,7
77,4748,Ramon,Unknown,0,19,Spain,180,81,141,23,75,78,56,74,75,40,83,68,5
77,32920,Ben Sahar,Unknown,12,17,Israel,182,75,36,70,32,73,73,79,80,81,63,68,4
77,32923,Kiko Casilla,Unknown,0,19,Spain,190,82,54,30,73,79,58,63,64,44,63,63,3
77,32924,Susaeta,Unknown,8,18,Spain,179,68,138,72,44,68,75,76,77,80,66,70,4
77,32928,Telgenkamp,Unknown,0,19,Netherlands,192,87,127,30,72,78,59,65,67,52,65,64,3
77,32941,Khomich,Unknown,0,20,Russia,190,80,2,30,74,78,61,63,64,50,65,65,4
76,6,Kiesenebner,Unknown,7,27,Austria,181,80,141,66,66,83,84,76,74,72,74,72,4
76,18,Standfest,Unknown,4,26,Austria,180,73,141,67,65,75,81,76,74,70,70,72,5
76,19,Dospel,Unknown,4,30,Austria,184,75,141,59,73,78,80,74,68,69,73,75,5
76,22,Sariyar,Unknown,11,27,Austria,182,77,141,73,40,75,80,76,78,76,68,70,4
76,41,Geraerts,Unknown,5,24,Belgium,180,78,141,60,68,80,82,74,72,70,75,78,5
76,45,Huysegems,Unknown,10,24,Belgium,186,81,15,78,41,80,78,75,80,76,65,73,5
76,57,Hristov,Unknown,9,33,Bulgaria,192,85,7,79,51,86,75,75,70,83,77,75,7
76,63,G. Iliev,Unknown,5,25,Bulgaria,178,75,141,60,70,80,80,75,74,73,70,75,4
76,71,Minieri,Unknown,3,25,Italy,183,74,22,58,76,78,75,73,70,68,70,70,5
76,83,Tokic,Unknown,3,31,Croatia,179,74,141,59,81,75,76,73,70,70,73,78,5
76,89,Ivan Leko,Unknown,9,28,Croatia,178,75,4,73,55,76,76,73,70,77,70,65,5
76,149,Crouch,Unknown,12,25,England,201,84,44,80,38,81,77,78,72,77,68,70,6
76,163,Kuivasto,Unknown,3,30,Finland,187,83,57,57,77,86,73,68,66,68,70,73,4
76,165,Nyman,Unknown,4,22,Finland,185,81,141,60,67,80,80,73,73,70,68,70,4
76,170,Saarinen,Unknown,4,29,Finland,184,81,141,64,69,81,76,73,76,73,73,81,5
76,202,Alou Diarra,Unknown,5,25,France,190,79,54,61,78,84,80,78,68,65,62,62,6
76,212,Vastola,Unknown,4,28,Italy,183,73,22,62,71,77,78,78,74,70,70,70,5
76,215,Hum,Unknown,3,23,Germany,190,87,141,53,73,83,75,71,68,67,65,68,6
76,250,Mantzios,Unknown,12,23,Greece,191,81,32,75,39,84,78,73,70,73,67,69,5
76,280,J. O'Brien,Unknown,4,20,Ireland,180,69,56,63,67,75,82,75,73,73,66,66,4
76,281,Harte,Unknown,4,29,Ireland,177,78,75,73,60,72,79,74,70,74,68,72,5
76,295,Douglas,Unknown,8,24,Ireland,180,75,141,67,66,80,83,74,75,73,70,75,4
76,325,Stepanovs,Unknown,3,30,Latvia,192,85,141,45,77,86,72,66,64,62,73,76,5
76,329,Morozs,Unknown,5,26,Latvia,186,80,141,64,66,79,81,74,73,73,70,73,5
76,338,Laizans,Unknown,5,27,Latvia,186,76,141,75,67,73,80,76,74,75,67,66,5
76,339,Bleidelis,Unknown,8,31,Latvia,175,76,141,72,61,69,77,80,77,75,72,74,5
76,343,Miholaps,Unknown,12,32,Latvia,183,75,141,75,37,78,75,80,71,72,67,67,4
76,370,Craigan,Unknown,3,29,Northern Ireland,182,79,141,42,75,78,80,74,75,65,68,67,4
76,383,McLean,Unknown,4,21,Northern Ireland,186,78,141,59,68,76,77,78,75,80,62,62,4
76,389,S. Jones,Unknown,10,30,Northern Ireland,177,66,141,70,42,79,79,75,79,75,69,64,4
76,408,Marius Johnsen,Unknown,8,25,Norway,185,81,141,69,60,72,81,77,75,76,69,72,4
76,420,Sobolewski,Unknown,5,29,Poland,182,79,141,61,66,78,83,74,74,73,70,73,4
76,434,Kosowski,Unknown,8,29,Poland,186,73,87,75,51,81,81,76,73,77,70,68,5
76,436,Brozek,Unknown,10,23,Poland,180,72,141,74,37,80,77,77,77,75,71,68,4
76,452,Caneira,Unknown,4,27,Portugal,178,75,88,61,76,75,85,75,74,72,72,75,5
76,476,Pompiliu Stoica,Unknown,4,30,Romania,170,69,141,68,64,73,79,77,76,75,67,70,5
76,546,Basta,Unknown,8,22,Serbia and Montenegro,183,74,141,71,55,79,78,78,72,80,66,68,4
76,556,Zabavnik,Unknown,4,26,Slovakia,183,77,141,67,65,78,81,75,71,80,70,75,4
76,558,Petras,Unknown,4,26,Slovakia,186,84,141,59,70,80,79,74,73,65,65,71,5
76,565,Durica,Unknown,3,24,Slovakia,188,79,141,65,75,78,82,77,78,76,70,70,5
76,577,Cesar,Unknown,3,24,Slovenia,191,87,64,53,72,80,79,74,68,72,66,67,3
76,582,Pokorn,Unknown,8,27,Slovenia,175,72,141,71,63,69,82,77,77,70,69,71,5
76,583,Komac,Unknown,8,26,Slovenia,176,72,57,70,58,66,79,76,77,74,68,70,4
76,588,Ilic,Unknown,4,23,Slovenia,188,80,67,50,69,84,78,73,70,67,67,65,4
76,592,Sukalo,Unknown,7,25,Slovenia,193,88,141,67,60,85,80,71,69,78,68,66,5
76,667,Lustrinelli,Unknown,12,30,Switzerland,173,66,141,75,34,76,79,74,74,73,70,77,4
76,685,Tümer,Unknown,9,32,Turkey,178,68,96,75,57,66,76,75,73,80,85,81,5
76,688,Job,Unknown,10,22,Cameroon,175,71,22,76,52,74,79,84,79,70,68,71,4
76,699,Rotan,Unknown,8,24,Ukraine,176,69,85,74,52,66,77,76,76,78,69,70,6
76,704,Yatsenko,Unknown,3,21,Ukraine,180,70,141,51,73,78,74,75,73,68,65,60,4
76,705,Svidersky,Unknown,3,27,Ukraine,185,80,21,61,73,82,80,77,72,72,67,74,4
76,715,Page,Unknown,3,32,Wales,183,79,141,45,76,79,76,71,73,66,80,76,5
76,717,R. Duffy,Unknown,4,21,Wales,175,65,26,60,67,65,79,80,80,75,65,72,4
76,796,Kouassi,Unknown,3,31,Cote d'Ivoire,187,75,106,50,76,81,75,72,71,66,70,65,4
76,819,Quaye,Unknown,3,25,Ghana,181,75,141,52,70,82,71,69,66,65,64,65,3
76,828,Tachie-Mensah,Unknown,12,29,Ghana,178,78,141,72,35,72,76,80,80,72,63,66,4
76,848,Kanu,Unknown,11,30,Nigeria,197,80,26,83,45,85,74,73,71,92,77,76,5
76,857,Mabizela,Unknown,3,26,South Africa,180,72,141,60,74,75,80,80,82,72,74,68,5
76,867,Sheppard,Unknown,5,27,South Africa,180,73,141,62,66,76,84,78,77,73,72,72,4
76,870,Mphela,Unknown,9,21,South Africa,181,71,74,71,55,70,72,88,78,80,66,59,5
76,880,Romao,Unknown,7,22,Togo,175,65,141,65,68,75,83,73,71,80,68,68,4
76,908,Chikhaoui,Unknown,12,20,Tunisia,187,80,84,68,33,68,72,83,78,77,65,57,4
76,922,Umana,Unknown,3,24,Costa Rica,178,73,141,55,73,77,79,76,75,70,68,69,4
76,923,Sequeira,Unknown,5,29,Costa Rica,186,81,141,66,67,84,78,76,73,72,68,69,4
76,926,Solis,Unknown,5,33,Costa Rica,177,78,141,64,69,75,84,77,76,71,74,76,5
76,935,Rodriguez,Unknown,3,24,Costa Rica,174,76,141,56,70,75,82,80,85,70,67,67,4
76,938,Azofeifa,Unknown,5,21,Costa Rica,182,83,141,62,68,76,83,74,74,73,68,69,5
76,954,Borgetti,Unknown,12,33,Mexico,182,78,141,84,34,81,73,69,70,74,73,69,6
76,973,Birchall,Unknown,5,22,Trinidad and Tobago,175,82,141,66,61,75,84,77,76,74,67,68,5
76,974,Theobald,Unknown,7,24,Trinidad and Tobago,181,78,141,67,56,72,79,76,77,77,60,63,4
76,996,Mastroeni,Unknown,4,30,United States,178,78,141,60,82,75,81,74,77,66,74,84,6
76,1064,Acuña,Unknown,5,28,Chile,176,73,94,60,67,75,85,76,74,69,69,68,5
76,1065,Iturra,Unknown,8,22,Chile,168,65,141,66,67,72,85,76,76,75,72,76,5
76,1073,Zenteno,Unknown,3,22,Chile,173,76,141,55,73,75,84,75,75,73,72,78,5
76,1120,Marlón Ayoví,Unknown,5,29,Ecuador,170,65,141,57,69,71,85,82,77,69,72,76,5
76,1123,Saritama,Unknown,8,23,Ecuador,175,70,141,68,56,65,75,75,76,79,66,65,4
76,1167,Cevasco,Unknown,4,20,Peru,178,76,141,66,66,72,80,78,78,75,66,66,5
76,1168,Cruzado,Unknown,5,22,Peru,180,77,141,60,70,75,80,73,73,75,70,78,5
76,1176,Valdez,Unknown,3,23,Uruguay,183,72,141,57,72,78,82,75,75,72,65,66,4
76,1187,Godín,Unknown,3,20,Uruguay,184,78,84,50,73,80,77,74,70,65,66,72,4
76,1198,Golmohammadi,Unknown,3,35,Iran,178,76,141,40,78,79,69,64,59,58,60,65,5
76,1203,Teymourian,Unknown,7,23,Iran,188,78,56,68,70,74,83,74,78,73,83,73,5
76,1213,Madanchi,Unknown,8,21,Iran,178,74,141,73,65,71,72,80,81,73,65,70,5
76,1227,Fukunishi,Unknown,5,30,Japan,181,77,141,70,70,80,77,75,76,76,70,77,5
76,1228,G. Fontana,Unknown,7,36,Italy,179,74,22,74,63,74,75,72,69,77,70,75,5
76,1236,Endo,Unknown,5,26,Japan,178,75,141,72,68,70,78,75,72,80,70,80,5
76,1259,Al-Bahri,Unknown,4,26,Saudi Arabia,174,69,141,57,69,72,80,80,75,69,66,73,4
76,1264,Al-Jaber,Unknown,12,33,Saudi Arabia,177,72,141,79,43,72,80,76,78,79,85,82,6
76,1270,N'Siabamfumu,Unknown,4,20,France,184,77,22,61,73,78,78,77,76,70,70,70,4
76,1288,Seol Ki Hyeon,Unknown,10,27,South Korea,184,73,72,76,48,80,80,78,77,73,68,60,4
76,1304,Milligan,Unknown,4,21,Australia,178,78,141,62,67,75,82,74,73,72,70,73,4
76,1311,Kennedy,Unknown,12,24,Australia,192,82,39,74,32,83,77,76,71,73,68,64,4
76,1352,Tusseau,Unknown,5,28,France,177,78,141,70,80,72,81,79,70,82,70,73,5
76,1355,Bellone,Unknown,10,44,France,178,77,141,79,50,90,84,76,70,70,68,70,6
76,1502,Welsh,Unknown,8,20,Scotland,172,61,76,71,44,72,73,77,78,73,65,65,5
76,1507,Savage,Unknown,5,32,Wales,183,70,78,68,72,71,90,76,73,77,78,73,6
76,1515,McEveley,Unknown,4,21,England,185,84,78,60,71,75,78,81,70,70,63,68,4
76,1523,Eddie Nolan,Unknown,3,18,Ireland,183,85,78,48,71,81,76,71,70,69,66,69,4
76,1525,Derbyshire,Unknown,12,20,England,178,70,78,71,36,74,78,80,77,73,66,66,4
76,1542,Vaz Te,Unknown,12,20,Portugal,188,75,56,71,42,78,73,80,76,82,64,60,4
76,1548,Faye,Unknown,5,29,Senegal,184,78,48,66,70,80,86,75,73,73,71,77,5
76,1565,Golbourne,Unknown,4,18,England,173,74,72,61,60,74,78,78,76,71,65,60,4
76,1585,Mark Hughes,Unknown,3,19,England,186,89,90,50,70,80,78,71,70,66,70,70,4
76,1588,Pistone,Unknown,4,31,Italy,180,77,90,65,75,76,82,75,72,74,72,72,5
76,1599,Christanval,Unknown,3,28,France,189,89,45,52,75,79,75,79,74,66,72,53,4
76,1622,Runström,Unknown,12,22,Sweden,186,81,45,73,42,79,77,79,76,72,65,66,3
76,1644,Samaras,Unknown,12,21,Greece,193,82,57,77,28,88,73,77,68,79,66,65,5
76,1660,Ishmael Miller,Unknown,12,19,England,191,89,108,68,36,75,71,83,77,75,62,60,3
76,1666,D. Jones,Unknown,7,21,England,180,64,36,63,60,70,80,76,73,78,65,66,4
76,1680,Turnbull,Unknown,0,21,England,193,85,3,30,70,77,60,63,66,46,65,65,4
76,1691,Hines,Unknown,3,18,England,188,78,3,49,71,79,78,74,73,69,66,67,4
76,1695,Bates,Unknown,4,19,England,178,77,3,64,68,73,80,76,75,72,64,65,5
76,1711,Alan O'brien,Unknown,8,21,Ireland,178,71,1,70,46,71,77,80,78,74,66,68,4
76,1713,Andy Carroll,Unknown,12,17,England,191,75,128,68,33,76,75,74,77,72,66,63,6
76,1730,Griffin,Unknown,4,27,England,175,68,26,70,66,71,80,80,74,70,68,68,5
76,1734,Jerome Boateng,Unknown,4,18,Germany,192,79,23,55,74,78,76,74,72,74,66,68,5
76,1751,Hunt,Unknown,8,25,Ireland,175,68,72,74,44,70,74,80,76,75,66,64,4
76,1756,Hayes,Unknown,8,19,Ireland,170,70,72,68,46,70,78,77,79,73,64,63,4
76,1771,Kozluk,Unknown,4,29,England,173,64,77,64,67,75,79,76,75,72,64,67,4
76,1781,Krul,Unknown,0,18,Netherlands,190,75,26,29,73,75,63,70,71,61,65,70,3
76,1785,Stephen Quinn,Unknown,8,20,Ireland,168,60,77,60,64,64,80,77,78,75,66,67,4
76,1797,Ifil,Unknown,4,19,England,176,67,53,61,65,71,78,76,74,71,63,65,5
76,1799,Huddlestone,Unknown,7,19,England,188,70,53,58,74,81,80,76,74,70,67,66,4
76,1801,Ghaly,Unknown,8,24,Egypt,181,78,53,68,67,81,80,78,77,78,69,65,5
76,1811,Doyley,Unknown,4,23,England,178,72,132,59,65,74,80,81,75,71,63,70,5
76,1814,Spring,Unknown,7,26,England,183,72,132,61,67,79,83,75,73,75,71,69,5
76,1815,James Chambers,Unknown,4,25,England,178,74,132,60,65,68,80,77,78,77,70,70,4
76,1824,Blizzard,Unknown,5,23,England,188,73,132,57,63,78,78,74,72,75,67,67,4
76,1829,Bouazza,Unknown,10,21,France,178,77,132,71,41,76,75,81,79,72,67,67,3
76,1831,Chamberlain,Unknown,0,42,England,185,87,132,30,81,75,55,59,64,50,82,74,5
76,1839,Mullins,Unknown,7,27,England,180,66,95,65,66,81,82,77,73,75,67,77,5
76,1844,Spector,Unknown,3,20,United States,183,80,34,60,70,75,80,76,76,75,65,70,4
76,1845,McCartney,Unknown,4,25,Northern Ireland,180,73,106,68,70,70,75,83,85,71,65,68,5
76,1858,Boyce,Unknown,4,27,England,180,73,1,65,70,77,80,74,73,69,69,67,5
76,1859,Baines,Unknown,4,21,England,170,74,1,70,71,71,81,80,75,71,69,74,5
76,1866,David Wright,Unknown,4,26,England,180,68,1,65,62,72,80,80,73,67,71,73,5
76,1870,Cywka,Unknown,9,18,Poland,180,80,1,66,48,66,73,75,77,78,61,69,4
76,1887,Mathis,Unknown,8,25,France,174,70,10,74,64,78,82,74,72,82,68,80,6
76,1896,Jurietti,Unknown,4,31,France,177,71,111,68,70,81,84,73,73,70,75,76,6
76,1901,Laslandes,Unknown,12,35,France,186,82,111,82,35,84,74,73,74,72,74,75,5
76,1933,Loriot,Unknown,9,20,France,185,70,107,68,50,72,76,73,72,80,65,65,4
76,1934,Fanchone,Unknown,8,26,France,183,74,107,74,40,69,81,76,78,71,68,75,4
76,1951,Zayatte,Unknown,3,21,Guinea,187,87,109,48,71,83,72,74,69,67,66,68,4
76,1963,Chalmé,Unknown,4,26,France,175,71,103,68,65,71,80,78,77,75,67,74,5
76,1973,Lichtsteiner,Unknown,4,22,Switzerland,181,75,103,65,66,70,79,80,75,72,68,71,4
76,1974,Cabaye,Unknown,5,20,France,175,73,96,66,62,71,79,74,79,77,62,65,4
76,1985,Mathieu Robail,Unknown,10,21,France,173,68,103,70,40,67,77,77,77,75,65,70,3
76,1987,Boutruche,Unknown,4,30,France,178,73,116,62,71,75,83,75,74,67,73,73,4
76,1991,Mansouri,Unknown,5,28,Algeria,175,69,116,59,68,69,83,80,76,76,72,75,5
76,2000,Barrientos,Unknown,4,24,Argentina,165,73,141,65,60,73,79,78,77,76,67,65,4
76,2001,Moullec,Unknown,4,26,France,173,70,116,69,60,71,80,78,76,72,69,69,4
76,2004,Ewolo,Unknown,7,28,DR Congo,171,63,116,66,65,64,80,80,83,74,67,66,4
76,2009,Medjani,Unknown,3,21,France,184,84,116,50,72,78,73,75,70,67,60,60,4
76,2022,Benhamida,Unknown,4,20,France,176,67,133,63,62,72,80,77,76,74,63,65,3
76,2025,Bettiol,Unknown,12,20,France,180,79,13,68,35,76,79,76,75,75,67,68,4
76,2055,Mangani,Unknown,4,19,France,183,79,31,65,63,77,80,75,74,74,67,70,3
76,2069,Biancalani,Unknown,4,32,France,182,76,133,65,62,78,78,77,75,74,67,68,4
76,2079,Sapina,Unknown,4,21,France,187,83,133,58,65,80,80,74,71,74,68,69,4
76,2082,Khouma Keita,Unknown,8,28,Senegal,189,81,133,75,40,83,80,76,73,78,70,68,4
76,2083,Brison,Unknown,4,23,France,179,73,133,66,64,73,81,76,75,77,70,70,4
76,2084,Chouleur,Unknown,8,20,France,180,67,133,69,45,71,78,77,79,74,66,64,3
76,2088,Sauget,Unknown,4,26,France,175,69,133,55,73,72,80,79,74,68,67,68,5
76,2105,Keseru,Unknown,12,19,Romania,178,80,60,73,30,73,74,78,76,75,68,62,5
76,2110,Yahia,Unknown,3,24,Algeria,184,75,108,60,75,79,83,80,74,73,66,79,5
76,2113,Echouafni,Unknown,5,34,France,184,71,108,60,66,74,82,72,75,77,68,69,5
76,2128,Fauconnier,Unknown,12,30,Guadeloupe,187,79,108,71,38,72,81,74,73,72,70,63,5
76,2129,Padovani,Unknown,12,21,France,180,72,108,68,37,73,75,77,79,76,70,55,4
76,2142,Pietre,Unknown,7,22,France,177,70,36,66,65,71,81,77,75,75,64,67,3
76,2149,Dramé,Unknown,3,21,France,180,75,36,57,70,78,73,80,77,68,67,65,3
76,2153,Bourillon,Unknown,3,22,France,187,74,101,54,75,78,79,71,72,72,68,73,5
76,2185,Viviani,Unknown,0,24,France,190,80,43,30,76,78,58,63,60,40,59,63,4
76,2186,Perquis,Unknown,3,22,France,182,75,43,49,74,80,79,75,74,70,67,68,4
76,2188,Mouhamadou Dabo,Unknown,4,19,Senegal,176,65,43,65,63,66,76,80,80,73,66,66,4
76,2193,Houri,Unknown,8,21,France,164,56,43,66,45,72,77,80,78,73,72,68,4
76,2205,Belhadj,Unknown,4,24,Algeria,178,74,117,66,65,73,82,77,75,74,70,75,4
76,2206,Le Moigne,Unknown,5,23,France,188,77,117,60,66,80,81,74,73,73,70,70,4
76,2216,Bastien,Unknown,8,30,France,180,75,117,64,66,78,80,76,75,75,68,74,4
76,2218,Ouadah,Unknown,9,31,Algeria,175,71,117,72,58,72,82,78,74,70,68,69,5
76,2225,Tosic,Unknown,4,21,Serbia and Montenegro,184,82,134,62,66,80,79,74,73,72,66,70,4
76,2236,Pichot,Unknown,4,30,France,178,75,134,67,66,72,88,78,76,70,68,75,5
76,2237,Ndaw,Unknown,5,22,Senegal,190,78,134,60,71,81,77,80,74,70,68,63,4
76,2248,Zerara,Unknown,8,20,France,178,76,134,66,45,73,79,76,77,76,65,65,4
76,2257,Dieuze,Unknown,5,27,France,186,82,102,60,71,81,81,75,72,79,70,71,4
76,2258,Fofana,Unknown,4,21,France,181,73,102,65,54,75,75,80,76,73,65,66,3
76,2264,Fabinho,Unknown,5,26,Brazil,186,72,102,62,66,81,84,76,76,76,70,74,6
76,2266,Sirieix,Unknown,7,26,France,180,72,102,69,67,78,80,79,76,72,65,71,6
76,2275,Montero,Unknown,4,34,France,177,72,106,65,63,71,83,75,74,74,80,75,5
76,2293,N'Dour,Unknown,5,24,Senegal,188,73,106,62,62,79,73,83,78,74,65,61,5
76,2297,Chelle,Unknown,3,28,France,179,80,115,55,72,78,82,77,74,68,70,72,4
76,2298,Flachez,Unknown,3,34,France,181,77,115,45,80,83,70,69,66,66,76,73,5
76,2306,Dufresne,Unknown,12,34,France,181,79,115,78,40,78,75,77,74,74,75,73,5
76,2310,Mody Traoré,Unknown,4,26,France,173,70,115,69,42,68,73,82,82,75,67,62,4
76,2314,Bezzaz,Unknown,8,25,Algeria,179,70,115,73,40,70,76,83,74,70,68,71,5
76,2316,Bourgeois,Unknown,9,29,France,178,76,115,74,43,74,81,76,75,76,69,68,4
76,2317,Hassli,Unknown,12,25,France,193,91,115,75,35,80,78,74,70,73,68,67,4
76,2323,P. Zanetti,Unknown,5,23,Italy,186,78,22,69,64,76,83,72,73,70,66,65,4
76,2327,Bjelanovic,Unknown,12,27,Croatia,188,80,22,77,40,84,77,76,70,75,68,80,6
76,2328,M. Paolucci,Unknown,12,20,Italy,180,65,22,73,37,73,80,78,77,75,65,67,4
76,2331,Cudini,Unknown,3,33,Italy,180,77,22,42,76,79,77,71,72,66,77,73,4
76,2332,Boudianski,Unknown,7,22,Ukraine,181,75,22,66,62,62,78,76,78,77,65,65,4
76,2342,Migliaccio,Unknown,5,25,Italy,178,72,114,62,72,73,86,75,76,75,73,75,5
76,2343,Ariatti,Unknown,8,27,Italy,182,73,114,67,67,74,83,76,78,72,79,80,6
76,2344,Tissone,Unknown,7,20,Argentina,182,75,114,67,54,72,80,76,77,75,67,65,4
76,2345,Defendi,Unknown,12,21,Italy,174,70,114,70,43,75,83,81,78,76,65,67,5
76,2353,Bombardini,Unknown,8,32,Italy,182,78,114,72,55,72,80,75,76,75,70,70,4
76,2356,Soncin,Unknown,12,28,Italy,174,72,114,74,38,68,78,80,80,76,68,69,4
76,2363,Budel,Unknown,5,25,Italy,183,82,126,68,66,81,77,74,70,78,68,70,5
76,2364,Conticchio,Unknown,9,32,Italy,178,72,126,75,58,77,85,76,75,75,78,78,5
76,2366,Capone,Unknown,11,25,Italy,180,76,126,71,55,75,80,79,73,83,74,67,5
76,2370,Pisano,Unknown,4,20,Italy,180,75,126,67,60,72,80,81,75,70,66,68,4
76,2374,A. D'agostino,Unknown,10,28,Italy,173,72,126,71,56,75,83,78,74,73,64,65,4
76,2381,Bianco,Unknown,3,29,Italy,177,71,126,61,78,80,80,74,67,67,66,64,4
76,2393,Lucenti,Unknown,7,31,Italy,182,78,42,67,66,75,84,74,76,74,72,74,5
76,2412,Mantovani,Unknown,3,22,Italy,182,77,87,51,74,80,78,73,72,69,66,67,5
76,2424,Alvaro Anton,Unknown,8,22,Spain,179,70,122,70,45,76,75,78,75,77,68,66,4
76,2425,Millesi,Unknown,9,25,Italy,180,70,42,71,60,75,74,80,77,80,74,67,5
76,2426,Bruno,Unknown,12,26,Italy,183,74,87,74,33,78,77,76,74,74,70,72,4
76,2429,Vanigli,Unknown,3,35,Italy,178,69,65,44,80,80,74,70,69,68,79,78,4
76,2430,Lucchini,Unknown,3,26,Italy,186,76,65,40,75,76,80,78,80,68,69,65,4
76,2432,D. Moro,Unknown,7,24,Italy,176,69,65,61,66,72,83,76,77,75,72,76,6
76,2433,Ficini,Unknown,5,33,Italy,177,70,65,65,71,73,83,73,72,75,76,78,4
76,2440,Marzoratti,Unknown,3,20,Italy,181,75,65,60,70,80,80,83,75,73,63,68,3
76,2446,Gasparetto,Unknown,12,26,Italy,188,78,65,70,40,80,77,73,72,78,68,60,4
76,2447,Matteini,Unknown,12,24,Italy,180,74,65,74,40,75,80,76,75,75,66,71,5
76,2457,Potenza,Unknown,3,22,Italy,184,76,37,60,73,78,83,79,74,71,70,70,5
76,2459,Pazienza,Unknown,7,24,Italy,178,74,37,64,67,74,86,76,76,75,69,75,5
76,2463,Riganò,Unknown,12,32,Italy,193,84,24,80,40,88,78,70,68,70,79,70,5
76,2511,E. Grosso,Unknown,0,19,Italy,185,80,81,30,72,78,56,66,68,45,68,64,4
76,2516,Balleri,Unknown,6,37,Italy,183,74,81,64,68,78,86,81,72,69,72,72,5
76,2533,Morello,Unknown,3,29,Italy,187,84,24,52,78,79,78,74,76,62,73,76,5
76,2536,Lavecchia,Unknown,7,25,Italy,176,72,24,65,60,73,80,76,74,76,66,68,4
76,2549,Ambrosini,Unknown,7,29,Italy,182,72,75,65,75,82,88,78,78,72,72,73,4
76,2566,Sirigu,Unknown,0,19,Italy,192,80,82,30,70,80,60,65,65,72,65,65,3
76,2574,G. Tedesco,Unknown,5,34,Italy,168,69,82,72,68,65,86,76,75,73,81,80,6
76,2577,Italiano,Unknown,7,29,Italy,188,77,87,78,45,79,81,80,76,75,69,70,4
76,2593,Dessena,Unknown,5,19,Italy,176,77,99,66,64,76,80,73,74,76,72,78,5
76,2595,Capparella,Unknown,8,31,Italy,170,65,128,73,44,68,82,75,76,76,71,68,4
76,2596,Cigarini,Unknown,8,20,Italy,175,72,99,69,60,71,80,76,76,75,68,70,4
76,2597,Ciaramitaro,Unknown,8,24,Italy,180,76,82,72,43,75,82,81,80,72,68,68,4
76,2602,Di Dio,Unknown,3,21,Italy,186,81,120,57,74,80,76,74,73,68,72,70,5
76,2603,Bonucci,Unknown,3,19,Italy,190,82,35,56,75,79,75,75,75,72,72,70,5
76,2618,Ricardo Esteves,Unknown,4,27,Portugal,173,68,120,63,68,70,80,80,77,74,70,72,5
76,2620,Amerini,Unknown,9,32,Italy,180,74,120,72,56,71,83,76,75,75,70,73,4
76,2639,Galasso,Unknown,12,22,Italy,182,75,79,70,30,78,74,77,76,75,67,60,4
76,2665,Gastaldello,Unknown,3,23,Italy,185,77,95,58,70,79,83,74,74,72,69,73,4
76,2669,Brevi,Unknown,5,36,Italy,181,79,95,65,68,78,83,75,75,74,73,77,6
76,2700,Ardito,Unknown,5,29,Italy,176,62,83,64,68,74,81,76,76,75,74,72,5
76,2706,De Sousa,Unknown,12,21,Italy,178,70,83,72,35,71,71,85,83,78,62,65,4
76,2730,Roman Eremenko,Unknown,9,19,Finland,180,67,95,66,42,72,75,76,80,76,64,65,4
76,2736,Loumpoutis,Unknown,4,27,Greece,179,76,59,68,66,72,80,77,75,78,69,72,4
76,2738,Bodde,Unknown,7,24,Netherlands,179,79,59,63,65,78,79,74,74,75,68,70,4
76,2747,Rijaard,Unknown,4,29,Netherlands,182,82,59,62,64,81,81,77,74,66,63,60,3
76,2763,Lindenbergh,Unknown,5,32,Netherlands,180,63,36,60,73,75,82,76,80,75,62,76,5
76,2769,Vertonghen,Unknown,3,19,Belgium,189,79,14,55,68,78,75,72,69,69,65,65,3
76,2774,Meerdink,Unknown,10,30,Netherlands,181,73,29,79,49,78,83,78,72,76,75,75,6
76,2776,Dembele,Unknown,12,19,Belgium,185,79,29,70,30,78,73,81,78,73,63,61,3
76,2778,Bulters,Unknown,0,20,Netherlands,189,85,29,30,71,83,57,62,63,47,64,63,3
76,2785,Luijckx,Unknown,3,20,Netherlands,191,86,29,45,71,84,74,72,68,65,65,66,3
76,2799,Steur,Unknown,10,22,Netherlands,187,79,11,67,29,64,80,79,75,78,63,64,4
76,2800,Braber,Unknown,9,23,Netherlands,193,76,54,68,50,75,75,76,74,77,67,65,3
76,2803,van Nieuwenhui.,Unknown,0,28,Netherlands,185,90,106,30,72,80,56,63,65,46,65,62,3
76,2809,Rothman,Unknown,10,23,Netherlands,180,71,121,70,30,69,73,80,77,76,63,60,4
76,2823,Schreuder,Unknown,5,33,Netherlands,177,78,15,64,68,77,80,69,67,78,76,73,6
76,2833,Sankoh,Unknown,3,23,Sierra Leone,186,80,135,50,74,80,76,78,75,72,63,72,4
76,2834,Kruiswijk,Unknown,3,21,Netherlands,187,72,135,45,73,83,74,70,68,69,66,69,4
76,2836,Van der Linden,Unknown,4,30,Netherlands,189,79,135,60,68,80,78,76,73,72,68,72,4
76,2840,Levchenko,Unknown,8,28,Ukraine,187,77,135,73,60,80,81,76,73,78,68,70,5
76,2848,Seedorf,Unknown,7,24,Netherlands,170,64,135,69,53,65,81,80,82,75,63,67,5
76,2857,Norregaard,Unknown,5,25,Denmark,182,75,50,67,66,78,81,75,73,76,72,74,5
76,2866,Kissi,Unknown,5,26,Morocco,181,80,12,68,64,72,82,80,74,74,70,70,4
76,2869,Hanssen,Unknown,7,25,Norway,178,75,12,70,60,72,81,75,75,78,72,70,4
76,2877,Bradley,Unknown,5,19,United States,188,81,12,64,64,82,80,76,74,74,64,69,4
76,2880,Reekers,Unknown,3,25,Netherlands,183,76,131,50,74,80,80,73,73,66,70,69,4
76,2883,Klavan,Unknown,4,20,Estonia,186,78,131,60,66,80,80,74,73,70,67,66,4
76,2887,Hofstede,Unknown,10,26,Netherlands,181,78,131,75,38,73,80,78,76,77,68,67,4
76,2891,Smit,Unknown,3,30,Netherlands,186,80,131,57,72,82,77,70,69,68,71,69,4
76,2898,Everton,Unknown,12,23,Brazil,177,74,131,72,39,73,80,77,76,73,66,69,4
76,2906,Van Gessel,Unknown,7,30,Netherlands,192,83,136,68,65,85,78,74,69,78,70,72,6
76,2925,Nalbantoglu,Unknown,4,22,Netherlands,174,73,124,64,60,70,80,80,76,74,63,64,4
76,2926,El-Akchaoui,Unknown,4,25,Netherlands,174,72,124,64,66,68,81,78,77,75,65,66,5
76,2948,Da Costa,Unknown,3,20,Portugal,187,78,120,51,70,80,80,75,73,70,63,63,4
76,2949,Ball,Unknown,4,27,England,177,70,67,73,66,72,81,79,78,75,72,75,5
76,2963,Fuchs,Unknown,7,31,Netherlands,170,67,129,67,58,69,80,70,75,77,63,64,6
76,2969,Donk,Unknown,3,20,Netherlands,192,80,29,48,69,84,77,73,69,64,65,64,3
76,2974,Berger,Unknown,9,26,Netherlands,187,80,129,71,60,80,80,77,76,74,67,68,4
76,2982,Lachambre,Unknown,4,25,Belgium,177,71,137,60,65,68,83,75,73,70,73,75,4
76,2985,Bodor,Unknown,8,24,Hungary,181,76,137,54,73,80,83,77,75,73,70,69,4
76,2992,Rudge,Unknown,3,29,Netherlands,183,81,137,56,73,79,80,73,72,67,70,69,4
76,2994,Senden,Unknown,4,35,Netherlands,184,72,137,66,70,74,83,75,72,74,76,75,5
76,2997,Di Carmine,Unknown,11,18,Italy,185,78,37,67,40,72,76,77,78,75,65,63,4
76,3005,De Roover,Unknown,4,21,Belgium,180,75,112,64,62,77,80,75,74,70,68,70,4
76,3010,D. Van Dijk,Unknown,10,27,Netherlands,180,72,112,69,65,71,82,76,75,80,70,73,4
76,3012,Kerklaan,Unknown,0,19,Netherlands,184,73,112,30,70,76,60,65,67,52,65,64,3
76,3013,Gudde,Unknown,3,24,Netherlands,186,82,112,42,70,82,76,71,68,68,64,70,5
76,3016,van Bueren,Unknown,5,26,Netherlands,179,74,112,59,67,78,84,76,75,70,71,74,5
76,3026,Heubach,Unknown,4,32,Netherlands,178,75,127,67,69,71,85,75,76,73,80,73,5
76,3034,Schuurman,Unknown,4,27,Netherlands,173,71,127,66,66,65,83,78,82,76,68,64,4
76,3035,Wellenberg,Unknown,4,24,Netherlands,179,80,127,59,65,78,80,73,72,70,69,65,4
76,3036,Ouédraogo,Unknown,3,26,Burkina Faso,180,72,127,61,73,78,84,80,75,74,60,69,4
76,3037,Vidarsson,Unknown,7,28,Iceland,177,70,127,68,66,78,81,74,73,75,72,74,5
76,3039,Gerk,Unknown,9,21,Russia,179,80,127,69,58,83,80,76,74,76,72,70,4
76,3042,Shoukov,Unknown,10,31,Russia,181,87,127,74,40,79,80,77,73,73,70,64,5
76,3058,van Buuren,Unknown,4,20,Netherlands,183,74,17,60,64,76,79,75,74,72,65,70,4
76,3059,Shew-Atjon,Unknown,4,31,Netherlands,183,66,17,60,70,67,80,82,76,72,68,75,4
76,3060,Somers,Unknown,8,28,Belgium,184,80,17,72,58,75,83,76,75,75,65,75,5
76,3061,Kruys,Unknown,9,21,Netherlands,177,72,17,70,52,72,82,80,74,76,66,68,4
76,3069,Blondelle,Unknown,4,20,Belgium,186,76,16,55,69,78,79,75,73,67,67,67,3
76,3074,Junker,Unknown,12,25,Denmark,186,72,16,75,43,77,80,76,76,74,70,73,4
76,3078,M. Jansen,Unknown,3,22,Netherlands,184,75,16,58,69,76,80,77,72,68,64,67,5
76,3084,Kaya,Unknown,9,20,Belgium,167,69,16,65,58,67,80,81,77,76,66,59,3
76,3094,Bælum,Unknown,3,28,Denmark,185,78,73,47,73,77,75,73,72,68,70,75,4
76,3098,Assou-Ekotto,Unknown,5,28,France,177,71,73,64,65,80,81,76,75,76,67,69,4
76,3099,Imschoot,Unknown,8,25,Belgium,180,68,73,72,44,72,78,80,78,74,67,67,4
76,3108,Holman,Unknown,4,20,Netherlands,176,68,73,50,68,79,78,74,74,65,64,66,4
76,3127,Sarriegi,Unknown,3,27,Spain,183,85,138,52,78,78,78,73,72,70,70,70,4
76,3150,Licht,Unknown,4,25,Argentina,174,72,93,66,63,72,80,80,78,74,66,73,4
76,3162,Fernando Vega,Unknown,4,22,Spain,177,71,67,65,62,74,80,77,76,75,70,70,4
76,3174,George Lucas,Unknown,4,22,Brazil,174,72,92,70,61,68,82,77,76,77,66,68,4
76,3176,Iriney,Unknown,5,25,Brazil,178,75,92,67,69,79,82,75,74,79,73,74,4
76,3183,Marcos Bermúdez,Unknown,0,20,Spain,182,74,92,30,69,77,61,66,67,49,65,63,3
76,3184,Yago,Unknown,3,27,Cote d'Ivoire,182,77,92,59,73,80,80,76,71,68,65,64,4
76,3199,Duscher,Unknown,5,27,Argentina,174,72,119,66,74,82,86,70,73,70,68,70,4
76,3222,David García,Unknown,4,25,Spain,177,76,105,69,67,74,80,77,78,71,73,76,4
76,3231,Lacruz,Unknown,3,28,Spain,178,73,105,60,76,77,82,72,73,71,73,76,5
76,3234,Ito,Unknown,5,31,Spain,177,72,105,64,79,80,82,74,69,75,66,80,5
76,3240,Jonathan,Unknown,12,21,Spain,180,72,105,69,33,72,72,81,78,75,66,67,5
76,3244,Casquero,Unknown,5,30,Spain,180,73,93,73,68,73,80,76,72,72,68,65,5
76,3254,Alberto Aguilar,Unknown,5,22,Spain,185,76,93,65,66,79,80,78,74,74,65,68,4
76,3257,Vivar Dorado,Unknown,9,32,Spain,182,77,93,74,54,74,75,74,70,81,69,65,5
76,3264,Mingo,Unknown,4,29,Spain,178,66,123,63,74,75,81,75,72,73,76,66,4
76,3274,David García,Unknown,3,26,Spain,182,78,123,55,77,78,78,72,71,70,68,69,4
76,3297,Edu Moyà,Unknown,4,24,Spain,175,67,130,68,66,71,80,80,75,72,68,66,4
76,3299,Viqueira,Unknown,7,32,Spain,183,82,130,72,68,79,80,73,71,76,68,72,4
76,3302,Calle,Unknown,12,28,Spain,184,79,130,77,36,77,82,72,74,73,68,67,4
76,3316,Descarga,Unknown,4,30,Spain,174,72,75,60,70,72,83,74,75,67,74,71,5
76,3317,Rubiales,Unknown,4,29,Spain,180,75,75,60,65,76,82,80,75,73,71,74,5
76,3329,Falcón,Unknown,0,21,Spain,183,76,20,30,72,76,59,66,68,49,63,63,4
76,3346,Alvaro Mejia,Unknown,3,24,Spain,182,74,54,56,77,76,80,78,72,74,76,65,4
76,3362,Gerardo,Unknown,0,19,Spain,192,97,69,35,75,80,56,56,52,40,65,60,3
76,3364,Héctor,Unknown,4,32,Spain,182,80,69,69,76,80,80,73,72,72,70,70,6
76,3366,Pereyra,Unknown,5,26,Argentina,183,75,69,71,68,76,82,75,74,73,68,65,4
76,3368,Jordi,Unknown,9,25,Spain,182,77,69,65,64,75,80,75,74,80,73,70,5
76,3370,Víctor,Unknown,12,21,Spain,180,77,69,75,47,72,80,76,78,74,68,73,5
76,3372,Cuéllar,Unknown,3,25,Spain,190,84,97,53,75,82,77,73,70,67,68,68,4
76,3396,Luis Fernandez,Unknown,4,34,Spain,173,67,139,70,72,72,78,80,72,76,63,70,5
76,3398,Matabuena,Unknown,5,27,Spain,185,79,139,62,75,82,83,72,72,70,76,74,6
76,3408,C. Álvarez,Unknown,4,28,Argentina,183,73,139,72,69,73,81,78,72,73,76,74,5
76,3431,Labaka,Unknown,3,26,Spain,182,70,51,50,75,75,78,74,74,70,66,68,5
76,3432,Dani Cifuentes,Unknown,4,26,Spain,171,70,51,67,65,65,82,80,78,74,67,73,4
76,3436,Stevanovic,Unknown,8,22,Slovenia,183,75,51,74,41,76,80,76,75,79,67,67,5
76,3453,Pablo,Unknown,3,25,Spain,186,72,47,50,74,80,78,74,70,59,66,66,5
76,3463,Raúl Albiol,Unknown,3,21,Spain,187,74,89,62,75,76,81,78,78,76,69,74,4
76,3483,Javi Venta,Unknown,4,30,Spain,180,74,100,73,69,75,79,81,76,70,70,71,5
76,3489,Juan Carlos,Unknown,0,19,Spain,180,72,100,30,73,74,58,67,64,45,63,65,3
76,3490,Peña,Unknown,3,33,Bolivia,183,75,100,55,80,80,79,73,68,67,76,75,5
76,3495,Marquitos,Unknown,8,19,Spain,174,67,100,70,43,69,75,75,78,80,67,62,3
76,3503,Zapater,Unknown,5,21,Spain,173,70,118,69,67,74,80,73,72,77,69,69,4
76,3510,César Jiménez,Unknown,3,28,Spain,184,79,118,54,76,79,76,70,68,66,67,64,4
76,3511,Pique,Unknown,3,19,Spain,188,80,118,58,70,81,80,73,72,72,62,60,3
76,3514,Aranzabal,Unknown,4,33,Spain,186,78,118,75,68,79,77,81,74,82,70,68,6
76,3533,Allagui,Unknown,12,20,Tunisia,181,76,6,70,40,73,74,78,76,75,63,63,4
76,3541,Verbauwhede,Unknown,0,21,Belgium,186,81,4,30,70,81,58,65,64,45,69,60,4
76,3551,Chavez,Unknown,12,18,Peru,175,69,4,70,38,69,79,80,82,80,63,67,4
76,3553,Vandelanniote,Unknown,3,19,Belgium,178,80,4,65,67,78,78,77,74,72,62,64,3
76,3557,Horvath,Unknown,5,28,Czech Republic,193,87,141,60,68,90,80,73,67,70,70,70,4
76,3559,Kadlec,Unknown,4,21,Czech Republic,183,73,94,53,71,74,81,75,75,65,63,63,4
76,3565,Zlamal,Unknown,0,20,Czech Republic,193,92,141,30,70,80,57,65,67,43,66,63,4
76,3568,Pospech,Unknown,4,27,Czech Republic,174,74,141,64,67,69,82,76,75,73,68,68,4
76,3576,Kona,Unknown,4,22,Slovakia,178,75,94,61,65,73,79,77,76,73,64,69,4
76,3578,Bernburg,Unknown,12,20,Denmark,188,80,50,71,40,83,75,75,71,73,67,68,4
76,3580,Villadsen,Unknown,0,22,Denmark,184,80,50,30,68,80,57,66,65,48,66,64,3
76,3583,Hutchinson,Unknown,5,23,Canada,187,70,50,56,73,80,82,75,69,69,71,67,4
76,3585,Wendt,Unknown,4,21,Sweden,180,79,50,62,65,77,80,75,74,72,66,70,4
76,3588,Bergvold,Unknown,4,22,Denmark,184,70,50,70,57,72,80,78,76,74,67,69,4
76,3605,Ntibazonkiza,Unknown,10,19,Free Nationality,170,64,124,71,40,70,78,80,75,73,65,60,7
76,3615,Pantos,Unknown,4,30,Greece,175,71,28,67,65,72,82,79,79,77,69,71,5
76,3617,Georgatos,Unknown,4,33,Greece,174,70,28,72,67,70,80,75,73,76,65,69,5
76,3624,Patsatzoglou,Unknown,3,27,Greece,182,73,28,58,75,83,75,74,70,63,74,80,5
76,3627,Hovhannisyan,Unknown,9,19,Armenia,170,62,28,65,43,60,73,75,78,77,63,60,3
76,3628,Fakinos,Unknown,9,17,Greece,175,70,28,65,35,68,75,76,79,77,64,60,4
76,3646,de Lima Freitas,Unknown,5,27,Brazil,181,81,32,60,67,80,83,78,75,72,70,69,4
76,3652,C. Zanetti,Unknown,7,29,Italy,180,75,41,62,76,79,92,72,73,71,73,82,5
76,3653,Giannichedda,Unknown,5,32,Italy,179,77,14,60,76,79,89,72,74,73,76,76,6
76,3678,Koppinen,Unknown,3,28,Finland,190,78,86,62,71,83,75,72,72,75,69,70,4
76,3683,Hyka,Unknown,9,18,Albania,168,57,86,68,46,63,75,78,77,77,66,62,4
76,3684,Jamtfall,Unknown,10,19,Norway,182,75,86,66,45,71,73,77,78,76,65,67,3
76,3740,Miguel Veloso,Unknown,5,20,Portugal,180,79,88,62,69,77,80,73,73,76,66,72,4
76,3750,Wilson,Unknown,4,22,Scotland,178,76,46,66,66,74,80,76,75,73,68,75,6
76,3751,Lennon,Unknown,5,35,Northern Ireland,175,79,46,60,76,80,88,73,70,68,85,82,6
76,3757,Sno,Unknown,7,19,Netherlands,186,75,46,68,56,83,83,82,72,75,62,65,4
76,3758,Amoah,Unknown,10,20,Sweden,184,77,57,70,30,78,70,85,75,75,62,63,5
76,3776,Bardsley,Unknown,4,21,England,180,74,9,59,66,74,78,75,74,69,63,68,4
76,3780,Cuthbert,Unknown,3,19,Scotland,188,92,46,45,71,85,73,70,67,69,70,66,3
76,3789,Concha,Unknown,4,26,Sweden,180,82,57,63,66,78,82,73,72,72,72,72,4
76,3792,Arneng,Unknown,7,27,Sweden,175,74,57,66,66,72,85,73,73,75,70,75,5
76,3798,Ottesen,Unknown,3,22,Iceland,190,82,57,45,70,86,75,70,65,62,62,65,3
76,3804,Davids,Unknown,10,21,South Africa,176,73,57,72,40,71,81,79,77,74,63,64,4
76,3810,Ibrahim Üzülmez,Unknown,4,32,Turkey,177,72,104,71,69,63,83,84,81,73,76,78,5
76,3823,Karabulut,Unknown,8,18,Turkey,178,70,104,67,46,72,79,80,78,75,65,66,4
76,3830,Can Arat,Unknown,3,22,Turkey,191,82,96,56,70,84,80,74,70,71,67,67,4
76,3857,Montervino,Unknown,7,28,Italy,181,70,128,63,68,74,87,76,74,75,74,78,4
76,3859,Aydin Yilmaz,Unknown,9,18,Turkey,176,65,30,67,40,65,72,78,80,78,66,66,5
76,3865,Topal,Unknown,5,20,Turkey,187,76,30,60,65,80,82,74,69,75,65,72,4
76,3869,Arda Turan,Unknown,8,19,Turkey,176,72,30,72,53,64,76,80,78,74,66,66,4
76,3886,Irimia,Unknown,4,25,Romania,178,68,85,63,65,68,81,80,78,74,67,70,4
76,3892,Pedro Lopez,Unknown,4,22,Spain,174,72,122,62,66,71,81,77,75,75,70,69,5
76,3908,Fabri,Unknown,0,19,Spain,180,72,119,30,71,77,56,66,68,48,67,63,5
76,3920,Alvarez,Unknown,4,26,Chile,175,74,141,62,69,68,86,75,78,72,75,74,4
76,3921,Michael Johnson,Unknown,7,18,England,183,79,44,68,62,77,78,74,73,77,69,70,3
76,3922,Higuain,Unknown,12,18,Argentina,184,75,133,73,39,76,75,77,75,82,63,63,5
76,3929,Capdevila,Unknown,8,25,Spain,180,72,122,73,50,74,78,78,73,80,70,62,6
76,3931,Miguel Torres,Unknown,4,20,Spain,183,76,54,64,75,79,80,75,74,70,72,74,5
76,3939,Zaparain,Unknown,0,22,Spain,182,71,118,30,71,76,57,64,62,47,65,67,6
76,3942,Johan Lapeyre,Unknown,0,21,France,178,77,133,30,70,76,60,70,73,50,64,60,5
76,3944,Vaiho,Unknown,0,17,Sweden,188,78,57,30,70,78,57,65,64,48,65,62,4
76,3951,Cisse,Unknown,5,30,Senegal,180,80,117,55,75,82,84,78,74,69,86,75,3
76,3980,Wright,Unknown,4,26,England,183,76,76,71,63,75,80,77,74,70,67,65,4
76,3987,David Martin,Unknown,0,20,England,188,82,44,30,72,80,55,63,63,44,65,60,4
76,3991,Trevor Carson,Unknown,0,18,Northern Ireland,183,80,76,30,74,78,65,61,62,46,70,65,4
76,3992,Nosworthy,Unknown,4,26,England,185,79,76,57,74,82,77,76,73,70,72,69,4
76,3995,Marin,Unknown,8,17,Germany,170,67,11,70,45,78,79,77,74,72,65,70,4
76,4016,Vacek,Unknown,8,18,Czech Republic,184,78,113,66,43,69,72,78,76,78,64,65,4
76,4043,Krontiris,Unknown,11,23,Germany,180,74,98,75,35,76,80,80,81,74,74,80,5
76,4054,Castro,Unknown,4,18,Germany,173,72,25,69,59,69,82,78,77,76,65,67,4
76,4064,De Wit,Unknown,9,19,Germany,172,67,25,78,70,75,81,75,73,77,69,69,5
76,4066,Papadopoulos,Unknown,12,21,Czech Republic,183,79,25,73,30,78,75,80,77,78,67,60,4
76,4082,Hünemeier,Unknown,3,20,Germany,188,79,66,58,74,75,77,75,74,70,65,70,4
76,4104,Helveg,Unknown,3,34,Denmark,180,81,11,58,78,80,83,70,66,73,75,84,6
76,4107,Kluge,Unknown,5,25,Germany,179,68,11,74,70,76,78,73,72,78,68,78,5
76,4109,Semberas,Unknown,3,27,Lithuania,187,72,32,57,75,79,78,74,74,65,70,73,4
76,4137,Chaftar,Unknown,4,20,Germany,183,71,68,60,65,72,78,78,76,72,67,65,4
76,4143,T. Rost,Unknown,5,27,Germany,181,77,140,64,69,78,80,81,76,77,68,72,4
76,4145,Ziebig,Unknown,4,23,Germany,182,77,140,72,50,69,77,84,74,76,79,72,6
76,4151,Schöckel,Unknown,4,25,Germany,181,78,140,66,61,78,78,75,73,75,67,70,5
76,4167,Leonardo,Unknown,3,20,Brazil,188,72,21,45,73,80,75,78,75,72,68,69,4
76,4169,Pagenburg,Unknown,10,19,Germany,178,74,39,67,43,72,74,79,76,74,65,65,4
76,4173,Javi Martinez,Unknown,5,18,Spain,190,82,138,68,68,76,76,73,70,81,64,73,4
76,4189,Babatz,Unknown,5,31,Germany,178,79,110,73,67,80,81,77,76,70,74,73,5
76,4198,Weigelt,Unknown,4,23,Germany,182,71,110,64,69,76,80,77,73,74,69,66,4
76,4238,Bruggink,Unknown,9,28,Netherlands,184,83,18,82,48,80,78,76,73,75,70,65,5
76,4249,Rosenthal,Unknown,9,20,Germany,185,76,18,66,43,74,74,76,75,77,65,65,3
76,4256,Roberto Sosa,Unknown,12,31,Argentina,189,86,128,80,45,85,73,70,68,74,75,82,4
76,4258,Dardai,Unknown,5,30,Hungary,179,77,23,69,74,73,84,75,72,72,66,80,6
76,4263,van Driel,Unknown,0,23,Netherlands,185,80,16,30,72,78,58,64,64,53,65,64,4
76,4278,S. Okoronkwo,Unknown,12,19,Nigeria,184,78,23,70,34,75,74,80,75,75,63,64,3
76,4284,Mandrykin,Unknown,0,24,Russia,185,80,87,30,73,77,61,63,64,50,65,68,4
76,4293,Özil,Unknown,8,18,Germany,180,70,52,72,39,70,77,82,79,72,70,64,5
76,4299,Mario Gomez,Unknown,12,21,Germany,189,86,49,72,37,78,71,78,74,77,65,68,4
76,4309,Kraft,Unknown,0,17,Germany,185,78,5,30,73,78,57,63,66,52,65,70,4
76,4314,Olejnik,Unknown,0,19,Austria,188,78,19,33,71,81,53,63,64,44,65,63,4
76,4332,Zdebel,Unknown,5,33,Poland,178,78,71,76,70,75,70,70,72,75,74,80,6
76,4335,Butscher,Unknown,3,26,Germany,189,85,71,58,78,82,78,75,73,75,75,75,5
76,4336,Lense,Unknown,4,26,Germany,190,81,71,58,72,83,81,73,68,68,69,71,5
76,4338,Imhof,Unknown,5,31,Canada,178,73,71,70,70,66,81,78,75,75,71,77,4
76,4341,Fabian,Unknown,3,19,Germany,194,89,71,53,74,78,74,72,70,70,67,67,4
76,4364,J. Llorente,Unknown,12,26,Spain,184,72,122,78,41,82,78,78,76,75,72,71,4
76,4375,Shevchuk,Unknown,4,27,Ukraine,184,82,21,68,62,71,79,79,76,73,71,70,4
76,4384,Van der Leegte,Unknown,7,29,Netherlands,179,75,7,65,67,75,82,77,74,76,75,70,5
76,4390,Stegmayer,Unknown,4,21,Germany,176,73,7,66,69,75,79,76,75,74,76,72,4
76,4396,Kucera,Unknown,3,22,Czech Republic,191,87,141,49,75,85,75,72,67,69,65,67,4
76,4397,M. Traore,Unknown,7,18,Mali,176,66,108,67,60,67,76,77,76,77,63,63,5
76,4398,Schilder,Unknown,8,20,Netherlands,178,78,131,66,60,75,75,75,72,77,66,64,4
76,4401,M'Bengue,Unknown,4,18,France,182,72,102,65,62,76,76,80,74,69,63,63,4
76,4405,T. Johansen,Unknown,4,19,Denmark,180,72,12,63,61,78,78,73,72,69,65,66,4
76,4414,Ivarov,Unknown,0,30,Russia,188,78,141,34,78,71,78,67,74,54,67,62,4
76,4438,M. Sissoko,Unknown,7,18,France,187,83,141,65,65,76,80,79,81,73,69,68,8
76,4441,E. Banega,Unknown,5,18,Argentina,174,71,141,72,66,73,80,76,79,78,65,72,7
76,4457,Bryan Ruiz,Unknown,11,21,Costa Rica,186,70,141,76,33,73,73,72,75,84,68,65,7
76,4473,N. Mati,Unknown,5,19,Serbia and Montenegro,194,78,141,67,69,80,80,75,69,80,65,69,5
76,4484,Licá,Unknown,8,19,Portugal,181,69,141,72,40,72,76,80,80,78,68,74,6
76,4535,Freddy Montero,Unknown,12,19,Colombia,173,64,141,70,40,69,79,74,79,80,66,70,5
76,4548,Dennis Irwin,Unknown,4,31,Ireland,173,68,141,64,75,78,75,73,70,73,80,71,7
76,4570,I. Perisic,Unknown,8,19,Croatia,180,75,141,68,40,77,80,76,76,78,65,68,7
76,4594,I. Rakiti,Unknown,7,19,Croatia,184,79,141,74,50,73,76,80,75,78,70,74,6
76,4611,Wilkins,Unknown,9,19,England,170,62,141,78,35,75,73,72,78,73,73,73,5
76,4612,Wood,Unknown,0,19,England,188,88,141,29,71,80,56,65,70,48,77,68,7
76,4623,Marchand,Unknown,8,24,France,175,78,141,73,35,71,64,77,78,72,74,71,7
76,4638,Kremer,Unknown,0,19,Germany,192,89,141,35,71,78,51,49,58,51,77,69,3
76,4651,Koeman,Unknown,8,18,Netherlands,170,65,141,73,45,72,74,79,85,77,76,65,7
76,4663,Pelaez,Unknown,8,19,Spain,180,75,141,76,47,75,72,79,78,76,74,68,6
76,4696,Mattsson,Unknown,3,19,Sweden,181,76,141,43,74,78,76,71,75,71,77,68,4
76,4714,Cabrera,Unknown,3,18,Argentina,171,62,141,57,73,79,77,71,72,71,68,66,4
76,4715,Juarez,Unknown,8,19,Argentina,188,87,141,73,68,64,79,76,73,76,76,63,4
76,4720,Machado,Unknown,7,18,Brazil,187,78,141,77,72,75,76,73,77,78,76,67,4
76,4730,Yamada,Unknown,9,19,Japan,168,68,89,77,60,77,76,78,81,72,83,48,5
76,4749,Feurer,Unknown,10,19,Austria,177,74,141,76,38,67,71,74,79,78,72,57,5
76,4773,Cho Jin Wha,Unknown,12,19,South Korea,171,64,141,75,13,70,75,74,74,76,81,76,5
76,32938,Ruffier,Unknown,0,20,France,188,85,31,30,68,80,57,64,66,50,63,60,4
76,32951,Dedura,Unknown,3,27,Lithuania,190,76,2,54,73,78,76,70,71,65,72,70,4
75,167,Lagerblom,Unknown,5,24,Finland,180,74,141,66,67,78,78,77,76,71,69,68,5
75,168,Heikkinen,Unknown,5,28,Finland,185,84,141,63,72,83,79,72,68,73,69,69,4
75,177,Wiss,Unknown,5,34,Finland,182,81,141,60,65,75,82,76,74,73,72,73,4
75,221,Baldanzeddu,Unknown,4,20,Italy,171,70,65,65,73,72,78,77,75,70,72,68,5
75,273,Bárányos,Unknown,11,30,Hungary,185,77,141,74,42,74,80,77,75,75,75,69,4
75,326,Isakovs,Unknown,4,33,Latvia,181,77,141,62,70,76,81,74,73,69,72,79,4
75,328,Astafjevs,Unknown,5,35,Latvia,180,78,141,71,64,70,75,73,71,78,81,83,5
75,333,Rimkus,Unknown,12,33,Latvia,180,80,141,74,47,77,80,73,75,71,70,78,4
75,337,Korablovs,Unknown,4,31,Latvia,174,72,141,59,70,79,78,72,71,68,77,77,4
75,342,Kolesnicenko,Unknown,12,26,Latvia,178,70,94,73,40,68,82,84,80,75,71,72,4
75,379,Quinn,Unknown,12,31,Northern Ireland,185,81,141,75,40,80,78,80,73,76,70,74,6
75,384,Jeff Whitley,Unknown,7,31,Northern Ireland,175,70,141,64,69,74,84,80,77,70,68,69,4
75,398,Grindheim,Unknown,7,23,Norway,179,76,141,65,66,82,84,76,77,73,70,77,5
75,414,Helstad,Unknown,12,29,Norway,187,85,141,72,55,84,80,75,69,74,70,72,4
75,433,Giza,Unknown,7,26,Poland,179,75,141,63,66,73,82,77,75,72,66,76,4
75,487,Anyukov,Unknown,4,24,Russia,178,67,141,67,65,66,82,80,73,68,69,71,4
75,510,Alexander,Unknown,4,35,Scotland,180,77,141,60,68,76,81,71,70,74,72,71,5
75,568,Hanek,Unknown,5,26,Slovakia,184,79,141,55,72,81,80,73,68,72,68,69,4
75,581,Zlogar,Unknown,5,28,Slovenia,190,89,141,72,61,87,76,72,67,72,76,66,4
75,590,Gobec,Unknown,4,26,Slovenia,175,73,141,61,60,71,80,76,74,73,72,73,4
75,591,Seslar,Unknown,5,32,Slovenia,188,76,141,65,66,76,81,73,70,73,79,72,4
75,593,Pecnik,Unknown,8,25,Slovenia,183,73,141,68,60,80,78,76,75,75,66,65,4
75,597,Lavric,Unknown,12,25,Slovenia,188,82,141,76,37,82,76,75,69,74,75,73,4
75,660,Dzemaili,Unknown,5,20,Switzerland,179,73,84,63,66,72,76,74,76,75,65,65,5
75,706,Chygrynskiy,Unknown,4,19,Ukraine,190,81,21,60,63,73,78,75,74,67,65,65,3
75,722,C. Robinson,Unknown,7,30,Wales,178,81,141,63,66,78,86,77,75,70,72,72,5
75,728,Nyatanga,Unknown,3,18,Wales,188,80,76,60,70,79,77,82,76,66,65,60,3
75,732,Ledley,Unknown,7,19,Wales,183,73,141,66,67,77,81,75,74,72,70,70,5
75,753,Marco Abreu,Unknown,4,31,Angola,178,78,141,66,64,78,75,75,72,75,68,67,4
75,812,Galloppa,Unknown,7,21,Italy,178,72,95,73,70,76,78,76,75,75,70,74,5
75,891,Atsou,Unknown,5,28,Togo,188,84,141,60,66,82,81,75,72,74,67,65,3
75,902,Jemmali,Unknown,4,31,Tunisia,187,82,111,64,69,83,80,75,70,69,67,71,5
75,912,Yahia,Unknown,3,25,Tunisia,186,81,117,67,73,78,80,75,74,77,75,60,5
75,913,Ayari,Unknown,4,24,Tunisia,179,75,116,69,71,66,81,78,75,66,66,73,4
75,916,Melliti,Unknown,8,28,Tunisia,178,80,141,68,51,72,79,78,76,72,66,60,5
75,925,Danny Fonseca,Unknown,5,26,Costa Rica,179,77,141,60,72,77,84,75,73,70,73,74,4
75,969,Lawrence,Unknown,3,32,Trinidad and Tobago,201,76,141,50,73,82,72,73,68,70,72,69,4
75,1110,Castillo,Unknown,5,24,Ecuador,178,77,141,61,67,78,82,75,75,72,68,72,5
75,1136,Riveros,Unknown,5,24,Paraguay,179,76,141,61,71,72,86,72,72,78,76,76,6
75,1190,Pouso,Unknown,5,26,Uruguay,183,75,141,58,74,81,83,73,71,70,74,74,5
75,1208,Roudbarian,Unknown,0,28,Iran,189,78,141,30,76,81,61,68,63,35,63,55,5
75,1211,Sadeghi,Unknown,3,25,Iran,191,76,141,45,77,79,73,80,76,73,73,72,5
75,1224,Komano,Unknown,4,25,Japan,171,73,141,69,66,71,85,78,76,75,70,68,4
75,1250,Khariri,Unknown,5,26,Saudi Arabia,172,65,141,59,68,79,83,78,78,68,65,72,5
75,1257,Al-Bishi,Unknown,3,19,Saudi Arabia,183,83,141,50,68,81,74,72,70,66,65,62,3
75,1258,Al-Khathran,Unknown,4,33,Saudi Arabia,171,61,141,70,66,69,79,79,75,78,72,70,5
75,1265,Al-Harthi,Unknown,12,24,Saudi Arabia,186,85,141,71,42,81,77,75,73,75,66,66,4
75,1271,Lee Ho,Unknown,5,22,South Korea,182,76,141,60,76,86,84,72,72,62,75,72,5
75,1285,Kim Do Heon,Unknown,9,24,South Korea,175,73,141,74,61,77,79,73,73,70,69,69,4
75,1317,Stiles,Unknown,5,24,England,167,68,141,58,80,71,95,78,80,68,83,70,4
75,1499,Cahill,Unknown,3,20,England,188,71,19,50,72,77,75,73,72,70,67,65,4
75,1514,Gray,Unknown,4,32,England,170,68,78,71,67,68,78,80,77,77,69,74,4
75,1518,S. Kuqi,Unknown,12,29,Finland,188,89,141,76,39,90,75,74,66,70,72,73,4
75,1519,Gallagher,Unknown,12,22,Scotland,185,70,78,75,35,79,74,72,74,78,70,70,6
75,1524,Kane,Unknown,4,19,Northern Ireland,183,76,78,58,64,72,80,76,74,68,66,69,3
75,1558,Sam,Unknown,8,22,England,173,64,48,66,43,63,73,80,76,70,66,63,5
75,1564,Youga,Unknown,4,21,France,182,76,48,60,65,72,78,77,67,70,67,68,5
75,1595,Boyle,Unknown,4,19,Scotland,178,74,90,60,65,76,77,74,74,74,66,66,4
75,1596,Trotta,Unknown,8,29,Italy,177,72,128,68,60,72,80,74,75,72,68,67,4
75,1616,Braulio,Unknown,12,21,Spain,179,78,20,74,33,76,74,80,77,68,67,62,5
75,1618,Norbert,Unknown,4,26,France,180,76,60,63,60,71,81,72,77,70,65,60,7
75,1674,Parnaby,Unknown,8,24,England,178,70,3,69,66,72,80,79,76,74,70,74,6
75,1683,Mears,Unknown,4,23,England,178,74,138,70,70,74,80,75,77,75,70,71,6
75,1687,Catermole,Unknown,7,18,England,178,76,3,62,55,78,81,75,76,75,75,69,4
75,1692,Wheater,Unknown,3,19,England,186,78,3,46,70,79,72,74,70,67,61,62,4
75,1698,Walker,Unknown,7,17,England,181,76,3,60,66,75,78,75,74,75,70,71,4
75,1716,Huntington,Unknown,3,19,England,191,80,43,55,68,82,76,73,72,67,65,66,3
75,1735,Jason Pearce,Unknown,3,18,England,180,80,26,50,69,78,78,70,70,65,67,65,4
75,1739,Shorey,Unknown,4,25,England,175,67,72,66,63,72,81,74,73,76,69,71,4
75,1743,Kitson,Unknown,12,26,England,191,79,72,77,55,84,74,72,69,69,70,70,4
75,1749,Gunnarsson,Unknown,5,31,Iceland,185,77,72,63,66,80,82,73,73,72,71,73,5
75,1767,McFadzean,Unknown,3,19,England,186,84,77,53,71,83,74,76,70,66,67,63,4
75,1778,Short,Unknown,3,38,England,185,86,77,45,81,86,70,65,60,63,70,80,5
75,1779,Leigertwood,Unknown,5,23,England,188,78,77,50,70,77,80,72,70,74,68,62,5
75,1823,Osbourne,Unknown,5,18,England,188,79,19,57,68,80,80,79,72,73,62,63,4
75,1825,Bangura,Unknown,7,18,Sierra Leone,175,73,132,60,51,74,77,80,80,72,66,69,4
75,1853,Reid,Unknown,8,18,England,178,78,129,65,45,74,76,79,72,77,66,65,5
75,1865,McMillan,Unknown,4,30,Scotland,173,76,1,58,71,74,80,73,71,69,72,70,5
75,1903,Valverde,Unknown,0,23,France,185,78,111,30,73,79,59,60,66,50,66,58,4
75,1925,Ferrand,Unknown,0,20,France,183,73,107,30,72,79,58,64,66,47,66,65,4
75,1935,De Melo,Unknown,12,21,Brazil,191,85,107,75,36,80,76,74,71,73,65,63,4
75,1936,Lucau,Unknown,12,22,DR Congo,177,74,107,76,45,64,70,88,86,77,71,66,4
75,1957,Lacourt,Unknown,7,20,France,180,71,109,66,62,72,78,77,76,74,67,65,4
75,1981,Olsson,Unknown,4,18,Sweden,178,80,78,60,62,75,78,78,73,68,63,68,4
75,1988,Marchal,Unknown,3,26,France,184,80,116,65,75,80,80,74,72,69,71,68,4
75,2010,Dansoko,Unknown,10,24,Cote d'Ivoire,177,70,116,64,55,70,78,78,77,70,67,65,4
75,2028,Zubar,Unknown,3,21,France,186,80,64,52,73,85,78,74,69,63,58,58,4
75,2045,Ba Khalifa,Unknown,3,21,France,188,72,64,54,72,78,76,72,69,68,60,63,4
75,2058,Martin,Unknown,8,18,France,178,73,31,67,43,74,78,79,77,74,65,64,3
75,2068,Chrétien,Unknown,4,22,France,179,68,133,60,67,69,82,73,72,66,67,72,4
75,2070,Berenguer,Unknown,5,25,France,178,75,133,60,66,61,79,74,77,82,63,72,5
75,2073,Zerka,Unknown,8,25,France,183,77,133,64,63,75,80,78,77,70,70,70,3
75,2080,Müller,Unknown,11,17,Germany,186,74,5,72,45,71,77,77,76,75,71,70,4
75,2085,Curbelo,Unknown,12,30,France,176,76,133,72,41,75,76,73,70,74,70,64,5
75,2089,Guerriero,Unknown,5,21,France,178,74,133,60,66,78,84,75,75,66,74,74,5
75,2099,El Mourabet,Unknown,3,19,France,184,80,60,52,69,78,78,76,75,70,65,64,4
75,2107,Payet,Unknown,12,19,France,174,70,60,71,38,69,79,75,76,80,66,68,4
75,2112,Varrault,Unknown,4,26,France,182,70,108,61,66,71,85,75,73,70,74,71,5
75,2121,Gace,Unknown,3,20,France,180,77,108,49,68,79,77,74,72,68,65,68,3
75,2127,Gray,Unknown,12,21,France,178,64,108,72,36,75,73,80,79,76,65,60,5
75,2140,Badiane,Unknown,3,23,France,182,72,117,48,77,70,77,83,73,69,67,64,4
75,2150,Baning,Unknown,5,21,Cameroon,193,80,36,60,64,81,80,80,76,72,64,64,4
75,2189,Tiene,Unknown,5,24,Cote d'Ivoire,176,72,43,70,63,78,80,78,77,74,69,69,4
75,2191,Hautcoeur,Unknown,7,24,France,177,72,43,65,65,70,81,72,70,76,67,70,4
75,2233,Afolabi,Unknown,3,26,Nigeria,183,75,134,54,71,78,75,82,76,68,66,65,4
75,2235,Potillon,Unknown,4,32,France,179,74,134,64,68,73,83,75,70,75,66,65,6
75,2251,Erding,Unknown,12,19,Turkey,180,85,134,67,35,80,73,74,73,74,64,64,4
75,2265,Taïder,Unknown,7,23,Tunisia,182,67,102,69,72,78,87,79,74,75,70,78,6
75,2283,Westberg,Unknown,0,20,United States,183,76,106,30,72,75,57,68,69,56,60,60,4
75,2287,Berkak,Unknown,4,22,France,168,63,106,55,61,67,76,82,80,65,65,65,5
75,2288,Amzine,Unknown,8,33,Morocco,178,70,106,64,67,71,82,76,75,70,74,79,5
75,2291,Ba,Unknown,12,27,France,186,87,106,74,36,81,78,76,71,73,65,65,4
75,2294,Faivre,Unknown,9,25,France,180,70,106,62,65,70,79,75,73,71,65,60,4
75,2299,Mater,Unknown,4,26,France,178,70,115,65,65,73,81,74,73,76,71,72,4
75,2300,Silvestri,Unknown,4,34,France,177,77,115,63,67,73,78,75,74,75,74,74,4
75,2301,Saez,Unknown,5,24,France,170,63,115,63,66,74,84,73,73,73,67,70,4
75,2329,Boccolini,Unknown,0,22,Italy,186,71,22,30,70,74,60,65,68,39,64,66,4
75,2335,Perrulli,Unknown,8,21,Italy,180,80,22,69,46,72,76,78,76,75,67,68,4
75,2369,Semedo,Unknown,5,21,Portugal,181,80,126,52,73,78,77,80,76,72,65,64,4
75,2372,Del Grosso,Unknown,4,23,Italy,171,63,126,65,64,70,80,75,74,76,68,69,4
75,2382,Silvestri,Unknown,4,31,Italy,182,77,42,50,77,82,80,69,68,65,75,74,4
75,2383,Biso,Unknown,7,29,Italy,177,67,42,64,66,74,83,75,74,75,73,74,4
75,2395,Perna,Unknown,8,26,Italy,177,69,99,66,42,73,82,77,75,74,63,65,4
75,2421,Rickler,Unknown,3,19,Italy,196,87,87,45,69,84,72,70,69,66,64,66,3
75,2423,Garzon,Unknown,7,24,Italy,178,71,87,66,64,72,80,78,77,75,71,68,4
75,2441,Ascoli,Unknown,4,27,Italy,185,73,65,50,75,83,76,69,68,68,66,66,4
75,2460,Gobbi,Unknown,7,25,Italy,183,79,37,67,67,81,80,72,72,76,70,73,5
75,2491,Belleri,Unknown,4,29,Italy,175,70,80,64,67,72,80,75,71,70,70,70,5
75,2492,De Silvestri,Unknown,4,18,Italy,187,79,80,63,61,72,74,79,77,73,67,66,4
75,2493,Firmani,Unknown,5,28,Italy,178,69,80,63,69,73,86,73,73,72,67,70,4
75,2512,Fanucci,Unknown,3,27,Italy,180,75,81,50,77,79,72,73,65,65,72,69,4
75,2520,Paulinho,Unknown,12,20,Brazil,176,72,81,69,33,71,82,80,81,75,63,66,5
75,2540,Straus,Unknown,8,19,Slovenia,166,68,24,70,30,66,76,77,76,76,64,65,4
75,2594,Savi,Unknown,5,19,Italy,181,76,99,65,66,72,81,74,76,75,65,68,4
75,2600,Paponi,Unknown,12,18,Italy,179,66,99,70,35,71,76,75,76,74,65,68,5
75,2616,Giosa,Unknown,5,23,Italy,184,72,120,55,70,79,77,74,74,72,65,66,4
75,2621,Zubikarai,Unknown,0,22,Spain,185,73,51,30,74,76,58,66,69,52,66,67,4
75,2632,Faty,Unknown,5,20,France,192,77,79,62,65,78,77,75,71,74,64,65,3
75,2656,Parola,Unknown,5,27,Italy,179,74,125,67,65,74,81,73,73,70,66,69,5
75,2677,Molinaro,Unknown,4,23,Italy,178,72,95,66,62,74,79,77,75,74,68,65,5
75,2698,Orfei,Unknown,4,30,Italy,182,78,83,65,60,75,82,75,70,67,68,67,5
75,2723,De Martino,Unknown,5,20,Italy,181,76,37,60,64,79,83,75,73,70,63,63,4
75,2739,Delorge,Unknown,8,27,Belgium,178,72,59,72,63,72,81,77,76,73,69,73,5
75,2745,Kum,Unknown,3,21,Netherlands,182,70,59,45,69,80,76,72,70,66,66,63,4
75,2765,Manucharyan,Unknown,11,19,Armenia,176,69,45,68,41,62,70,75,79,80,63,68,3
75,2771,Gudjonsson,Unknown,8,26,Iceland,175,74,29,68,60,80,79,73,69,80,65,63,4
75,2780,Steinsson,Unknown,4,24,Iceland,189,82,29,65,66,74,80,75,74,74,67,73,4
75,2781,De Zeeuw,Unknown,5,23,Netherlands,174,71,29,62,69,73,80,77,76,73,66,72,5
75,2789,Lens,Unknown,12,18,Netherlands,183,79,29,70,37,75,78,77,75,74,66,65,3
75,2791,Van Nieuwstadt,Unknown,2,26,Netherlands,186,80,96,50,74,80,77,72,70,64,68,68,4
75,2805,Zijm,Unknown,4,28,Netherlands,180,73,46,64,66,72,82,74,72,70,73,75,4
75,2806,Buikema,Unknown,5,30,Netherlands,184,73,113,67,60,79,82,77,77,72,76,77,5
75,2837,Matthijs,Unknown,5,30,Netherlands,176,77,135,63,69,75,81,75,73,72,76,76,5
75,2846,Florén,Unknown,4,30,Sweden,178,72,135,56,69,78,85,74,69,68,70,72,4
75,2847,Van de Laak,Unknown,7,24,Netherlands,182,73,135,72,57,72,80,80,77,69,70,65,4
75,2849,Fledderus,Unknown,8,23,Netherlands,178,71,135,72,50,74,76,78,74,75,65,63,4
75,2856,J. Drost,Unknown,4,19,Netherlands,183,78,12,61,64,71,78,75,74,73,63,64,4
75,2871,Will Johnson,Unknown,10,19,Canada,177,72,12,71,45,72,79,79,80,60,65,66,5
75,2872,Tarvajärvi,Unknown,12,23,Finland,186,88,12,69,33,83,76,75,70,74,67,68,4
75,2876,Breuer,Unknown,3,26,Netherlands,183,86,12,52,72,75,78,72,72,60,65,63,5
75,2881,Wuytens,Unknown,3,21,Belgium,189,77,131,53,71,81,79,74,76,75,66,67,4
75,2893,Looms,Unknown,4,25,Netherlands,192,73,131,60,66,76,81,74,71,69,70,74,4
75,2894,De Vries,Unknown,5,27,Netherlands,176,71,131,65,64,75,82,77,76,71,70,71,4
75,2896,Michalke,Unknown,10,30,Germany,178,72,131,76,36,73,80,76,73,73,69,71,5
75,2911,Pietersma,Unknown,0,19,Netherlands,186,86,136,30,71,76,56,66,64,45,63,57,3
75,2912,Van Engelen,Unknown,3,21,Netherlands,180,71,136,50,72,75,73,72,70,66,65,63,4
75,2920,Veenstra,Unknown,10,19,Netherlands,182,82,136,68,40,74,74,77,76,75,64,64,3
75,2933,Pothuizen,Unknown,3,34,Netherlands,183,73,124,57,73,82,72,66,69,66,76,76,4
75,2941,Jans,Unknown,12,25,Netherlands,193,78,124,74,38,82,78,74,72,73,70,71,5
75,2975,Janssen,Unknown,12,20,Netherlands,189,75,129,72,38,70,74,77,75,73,68,67,4
75,2977,Putter,Unknown,12,24,Netherlands,184,80,129,73,36,78,79,75,70,72,68,65,4
75,2983,Meeuwis,Unknown,7,25,Netherlands,173,73,137,66,63,67,81,77,75,70,66,74,5
75,2984,Augustien,Unknown,8,20,Netherlands,181,75,137,68,66,79,76,76,73,76,69,65,5
75,2993,Leemans,Unknown,5,23,Belgium,187,74,137,65,68,80,80,74,74,72,70,72,4
75,3006,Polak,Unknown,4,30,Netherlands,180,74,112,68,56,68,79,74,76,73,68,68,4
75,3008,Medunjanin,Unknown,9,21,Netherlands,187,78,112,65,60,74,79,77,76,74,65,65,4
75,3017,Vlug,Unknown,9,20,Netherlands,178,67,112,66,45,68,72,74,76,76,65,66,3
75,3043,Gerritsen,Unknown,10,19,Netherlands,181,72,127,67,40,74,75,76,77,74,63,60,3
75,3050,De Jong,Unknown,7,36,Netherlands,175,68,32,60,74,74,83,69,71,78,80,80,6
75,3064,Rossini,Unknown,12,20,Italy,190,77,17,69,32,84,70,73,70,72,65,65,3
75,3076,Velthuizen,Unknown,0,19,Netherlands,189,88,16,30,70,78,56,63,65,46,67,65,3
75,3079,Verhaegh,Unknown,4,23,Netherlands,178,75,16,62,65,67,79,80,76,73,69,64,4
75,3080,Suart,Unknown,4,20,Netherlands,173,71,16,67,65,69,77,79,78,68,65,69,3
75,3091,Meulens,Unknown,10,18,Netherlands,183,74,16,69,35,73,78,76,78,74,67,66,4
75,3100,Keenan,Unknown,8,24,England,172,68,73,68,57,71,75,76,75,75,65,68,4
75,3109,Nardini,Unknown,7,20,Netherlands,177,74,120,68,52,69,73,75,76,78,63,66,4
75,3113,Wilmet,Unknown,10,20,Belgium,182,74,73,70,40,73,74,80,75,73,65,66,4
75,3116,Ustaritz,Unknown,3,23,Spain,182,69,138,56,70,79,80,73,70,69,70,68,3
75,3144,Peña,Unknown,4,23,Spain,181,77,66,52,70,73,76,76,73,70,67,67,4
75,3145,Jordi Gómez,Unknown,7,21,Spain,178,74,36,65,58,73,80,73,72,72,72,69,3
75,3148,Paco Montañés,Unknown,8,20,Spain,172,70,20,66,59,64,82,75,76,73,68,70,3
75,3161,Nano,Unknown,3,26,Spain,185,79,67,58,78,77,83,75,77,68,70,73,5
75,3170,Maldonado,Unknown,12,25,Spain,179,73,67,71,34,72,78,77,79,75,67,62,4
75,3177,Borja Oubiña,Unknown,5,28,Spain,182,74,92,64,66,75,82,75,74,76,68,73,5
75,3205,Rodri,Unknown,3,22,Spain,185,78,119,50,70,79,78,76,72,69,68,65,5
75,3211,Taborda,Unknown,12,25,Uruguay,189,84,119,74,34,85,74,73,71,73,70,70,4
75,3214,Alcántara,Unknown,4,21,Spain,178,73,119,64,67,66,78,80,75,69,65,66,3
75,3219,Moisés,Unknown,5,25,Spain,185,85,105,60,68,81,81,73,72,74,65,75,4
75,3235,Corominas,Unknown,8,23,Spain,170,63,105,68,45,68,71,80,77,76,66,60,5
75,3241,Belenguer,Unknown,3,33,Spain,180,74,93,58,79,75,77,76,68,68,76,69,5
75,3247,Redondo,Unknown,8,24,Spain,183,70,93,70,46,73,76,77,72,77,70,68,4
75,3263,Ruz,Unknown,4,20,Spain,180,70,123,61,64,72,77,76,74,69,65,70,3
75,3280,Calros Merino,Unknown,9,26,Spain,173,71,123,71,54,70,77,80,74,73,69,68,4
75,3281,Ismael,Unknown,12,31,Spain,174,72,123,73,40,71,80,81,76,75,69,64,4
75,3291,Aitor,Unknown,8,30,Spain,175,70,130,72,50,75,81,76,72,73,71,70,5
75,3294,José Ramón,Unknown,0,19,Spain,186,72,130,40,74,77,52,66,67,44,65,56,3
75,3295,Giubilato,Unknown,3,30,Italy,190,81,128,54,72,75,77,73,72,68,71,71,4
75,3306,Ze Maria,Unknown,4,33,Brazil,175,73,75,75,68,71,85,75,76,81,72,86,6
75,3320,S. N'Diaye,Unknown,5,30,Senegal,178,68,75,65,68,79,88,76,77,67,67,58,5
75,3328,Roberto,Unknown,0,19,Spain,193,86,20,30,70,77,57,64,66,44,63,60,3
75,3330,de las Cuevas,Unknown,8,20,Spain,167,65,20,70,49,66,73,73,75,77,65,63,4
75,3335,Jurado,Unknown,9,20,Spain,173,73,20,70,45,63,73,72,75,81,67,60,3
75,3365,Dorado,Unknown,4,28,Spain,181,77,69,69,65,74,79,80,74,73,68,67,4
75,3367,Tuni,Unknown,8,24,Spain,181,72,69,75,58,76,77,73,75,71,68,69,4
75,3393,Oriol,Unknown,3,25,Spain,183,70,139,57,73,75,80,74,73,72,69,69,5
75,3395,Pinillos,Unknown,4,32,Spain,173,71,139,63,62,72,80,75,74,71,74,72,5
75,3406,Regragui,Unknown,4,31,Morocco,178,66,139,69,67,71,83,78,76,74,70,74,5
75,3407,Neru,Unknown,4,32,Spain,182,76,139,56,74,82,77,72,68,70,68,65,4
75,3416,Vitolo,Unknown,5,23,Spain,168,68,139,62,66,63,83,80,75,74,67,73,4
75,3424,Jabier Garrido,Unknown,4,21,Spain,178,75,51,73,63,66,78,81,71,79,70,61,5
75,3430,Ansotegui,Unknown,3,24,Spain,188,86,51,53,72,83,75,73,68,67,66,66,3
75,3434,Diego Rivas,Unknown,5,26,Spain,180,80,51,67,71,75,83,75,74,73,68,67,5
75,3456,Martí,Unknown,5,31,Spain,180,74,47,63,74,72,82,77,73,73,77,73,5
75,3474,Gavilán,Unknown,8,21,Spain,178,71,65,70,48,70,76,76,73,80,68,60,4
75,3479,Cerra,Unknown,4,23,Spain,177,69,44,65,63,71,80,78,74,73,68,70,4
75,3494,Josico,Unknown,5,31,Spain,177,73,100,71,68,76,81,73,72,72,72,74,5
75,3500,Sergio,Unknown,3,29,Spain,191,81,118,57,76,88,75,73,65,71,60,63,4
75,3526,Odjidja Ofoe,Unknown,3,17,Belgium,183,80,6,55,70,80,80,76,75,73,65,68,3
75,3527,Chelk Tiote,Unknown,3,20,Cote d'Ivoire,180,79,6,55,73,80,73,75,71,69,66,67,4
75,3528,De Man,Unknown,5,23,Belgium,180,75,6,58,71,80,82,76,75,68,70,72,4
75,3529,Lamah,Unknown,8,18,Belgium,180,71,6,67,42,71,70,83,74,75,63,60,3
75,3544,Vermeulen,Unknown,5,19,Belgium,185,75,4,60,64,78,80,73,70,72,68,72,4
75,3560,Sivok,Unknown,5,23,Czech Republic,185,71,141,62,70,74,82,75,78,72,70,74,5
75,3572,Libor Dosek,Unknown,12,28,Czech Republic,199,93,141,73,28,84,80,74,72,73,70,68,5
75,3584,Nikolaj Hansen,Unknown,3,19,Denmark,186,77,50,53,69,80,78,73,70,70,68,69,4
75,3586,Kvist,Unknown,7,21,Denmark,184,78,50,60,65,78,78,77,74,74,68,66,4
75,3587,Brandrup,Unknown,8,21,Denmark,184,78,50,66,60,75,77,78,76,75,66,68,4
75,3589,Bertolt,Unknown,9,22,Denmark,184,74,50,67,49,73,76,75,74,76,66,66,4
75,3601,Fürstner,Unknown,5,19,Germany,180,80,5,66,65,74,80,74,72,70,64,69,4
75,3623,Panagopoulos,Unknown,0,19,Greece,180,80,28,30,70,82,59,65,67,45,61,64,3
75,3625,Taralidis,Unknown,9,25,Greece,192,85,28,70,57,83,77,73,71,76,68,64,4
75,3645,Leontiou,Unknown,5,22,Greece,182,70,32,73,60,65,78,79,77,83,65,82,4
75,3663,Cavenaghi,Unknown,12,26,Argentina,172,79,111,84,46,76,73,74,64,77,70,77,5
75,3665,G. Bartolucci,Unknown,4,22,Italy,183,74,95,57,68,75,76,75,73,71,66,67,3
75,3675,Skjelbred,Unknown,7,19,Norway,175,62,86,65,64,65,80,80,76,72,64,69,5
75,3679,Nordvik,Unknown,3,19,Norway,184,82,86,60,64,80,80,74,73,68,65,69,4
75,3680,Stensaas,Unknown,4,35,Norway,179,77,86,66,66,69,82,75,70,73,75,78,5
75,3681,Tettey,Unknown,7,20,Ghana,180,68,86,60,65,72,80,80,76,72,67,68,4
75,3701,Tiago Gomes,Unknown,4,20,Portugal,175,70,70,63,58,70,76,78,80,72,60,62,4
75,3704,João Coimbra,Unknown,9,20,Portugal,183,82,70,67,40,76,78,76,75,76,64,65,4
75,3741,Miguel Garcia,Unknown,4,23,Portugal,179,74,88,65,69,72,82,78,76,74,58,66,5
75,3749,Telfer,Unknown,4,35,Scotland,175,72,46,68,60,75,83,75,69,74,69,74,4
75,3755,Lawson,Unknown,5,22,Scotland,175,74,117,62,66,77,80,75,74,73,72,70,4
75,3769,Steven Smith,Unknown,4,21,Scotland,178,69,9,64,64,67,79,76,75,72,64,68,3
75,3772,Fung A Wing,Unknown,4,23,Netherlands,180,78,129,56,70,75,78,76,75,70,67,71,6
75,3775,Ponroy,Unknown,3,20,France,185,75,9,50,69,79,78,73,72,68,66,68,4
75,3777,G. Rae,Unknown,7,28,Scotland,180,65,9,64,69,78,86,75,74,72,76,79,5
75,3781,Danny Simpson,Unknown,4,19,England,175,70,5,64,64,75,78,75,74,70,65,63,4
75,3786,Javier Baraja,Unknown,4,26,Spain,179,79,122,65,68,78,76,77,70,67,68,75,7
75,3790,Stoltz,Unknown,4,30,Sweden,177,74,57,61,66,73,80,74,74,70,66,73,4
75,3800,Boskailo,Unknown,5,18,Sweden,186,83,57,63,66,82,78,73,72,70,64,69,3
75,3808,Gökhan Zan,Unknown,3,25,Turkey,192,85,104,53,76,81,70,71,76,65,65,72,4
75,3812,Yilmaz,Unknown,12,21,Turkey,188,80,104,72,50,82,78,74,67,77,65,71,4
75,3829,Emre Ozkan,Unknown,4,17,Turkey,182,76,104,61,62,73,80,74,74,73,63,67,3
75,3839,Adin,Unknown,8,21,Turkey,173,66,96,67,43,66,76,75,77,75,65,63,4
75,3866,Ferhat Öztorun,Unknown,4,19,Turkey,174,66,30,60,59,67,77,78,75,70,65,66,4
75,3870,Ozgurcan Ozcan,Unknown,12,18,Turkey,184,83,30,69,27,71,69,79,78,75,68,63,4
75,3883,Martsvaladze,Unknown,12,22,Georgia,176,64,85,72,40,69,80,76,79,78,65,66,4
75,3888,Dedechko,Unknown,5,19,Ukraine,186,73,85,58,70,79,80,75,73,74,66,70,4
75,3890,Borja,Unknown,5,25,Spain,185,73,122,68,73,77,80,75,74,74,71,74,5
75,3895,Grau,Unknown,0,26,France,185,77,106,30,71,75,56,67,67,55,60,65,6
75,3904,Juanfran,Unknown,8,21,Spain,181,72,97,71,53,72,74,77,75,71,68,65,8
75,3905,Dame Traore,Unknown,3,20,France,184,73,115,48,72,79,77,73,70,65,66,60,6
75,3912,Pieters,Unknown,4,18,Netherlands,183,78,17,51,66,82,74,77,69,65,64,63,6
75,3919,Marcos,Unknown,4,32,Spain,173,76,122,63,71,68,81,74,72,72,63,76,4
75,3923,Javi Varas,Unknown,0,23,Spain,182,73,47,30,72,77,58,63,66,50,67,68,5
75,3936,A. Ferrari,Unknown,0,20,Italy,194,78,114,30,70,77,56,64,65,45,66,63,4
75,3937,Passarini,Unknown,0,25,Italy,188,80,87,30,72,75,56,65,66,41,65,66,5
75,3947,Denilson,Unknown,5,18,Brazil,178,70,56,63,67,75,78,76,76,78,61,67,4
75,3959,Danns,Unknown,7,23,England,175,70,58,68,62,73,78,75,76,72,69,68,4
75,3967,Taranov,Unknown,3,20,Russia,185,77,105,56,72,79,76,74,72,67,65,64,4
75,3969,Painter,Unknown,4,19,England,183,78,58,62,68,76,75,74,76,65,65,64,4
75,3972,Levels,Unknown,4,19,Germany,185,81,11,65,58,73,77,77,73,71,65,65,4
75,3976,Jonny Evans,Unknown,3,18,Northern Ireland,189,80,120,53,72,78,77,72,71,66,67,68,4
75,3984,Leadbitter,Unknown,7,20,England,175,65,76,72,53,73,75,75,73,77,63,66,4
75,3989,Pirson,Unknown,0,20,Germany,193,80,66,30,74,77,55,63,64,47,68,65,4
75,3997,Brown,Unknown,12,21,England,193,86,76,76,33,82,75,76,75,73,70,72,4
75,3999,Lawrence,Unknown,8,24,England,180,72,76,69,54,77,81,76,77,74,67,72,4
75,4024,Sichone,Unknown,3,29,Zambia,187,78,98,67,74,81,85,84,80,70,70,70,4
75,4038,Stehle,Unknown,3,25,Germany,180,74,98,63,73,75,75,76,72,76,69,71,5
75,4044,Stadel,Unknown,3,19,Germany,188,74,113,53,70,77,75,73,72,69,66,62,6
75,4045,Heidrich,Unknown,5,28,Germany,186,78,98,65,70,80,82,72,76,72,73,70,5
75,4070,Tadic,Unknown,12,18,Croatia,186,74,25,72,38,68,75,76,78,76,63,60,3
75,4074,Heitmeier,Unknown,3,21,Germany,185,77,66,50,70,78,75,73,73,67,68,68,4
75,4091,Tyrala,Unknown,12,18,Germany,171,70,66,67,33,72,72,78,75,76,65,63,4
75,4098,El Fakiri,Unknown,4,29,Norway,180,71,11,69,70,75,80,78,77,82,70,70,5
75,4101,Stroh-Engel,Unknown,12,20,Germany,197,87,68,68,35,90,74,73,67,73,66,68,4
75,4117,Russ,Unknown,3,20,Germany,190,75,68,47,70,81,75,74,73,67,65,65,4
75,4122,Meier,Unknown,9,23,Germany,196,84,68,75,48,85,75,76,68,78,66,72,4
75,4131,Fink,Unknown,5,24,Germany,183,76,68,57,70,75,80,75,75,68,77,78,4
75,4136,Gabulov,Unknown,0,22,Russia,190,80,82,30,72,76,60,63,65,50,65,67,4
75,4139,V. da Silva,Unknown,3,32,Brazil,186,76,140,55,78,75,75,72,78,66,75,70,4
75,4148,Radu,Unknown,11,28,Romania,182,74,140,75,48,76,75,84,82,75,73,80,4
75,4150,Sidney,Unknown,4,27,Brazil,178,76,140,65,60,76,70,75,75,80,74,75,5
75,4154,Bandrowski,Unknown,9,21,Poland,177,75,140,74,45,68,78,79,78,74,77,75,5
75,4155,Schuppan,Unknown,8,20,Germany,187,81,140,75,34,72,74,80,80,74,70,70,4
75,4157,Jungnickel,Unknown,12,24,Germany,179,71,140,70,45,76,76,76,76,72,71,71,5
75,4158,Kioyo,Unknown,12,26,Cameroon,190,85,140,80,35,75,76,74,74,78,70,70,5
75,4197,Demirtas,Unknown,4,21,Germany,174,67,110,66,63,66,81,79,77,72,66,71,4
75,4199,Grigorjev,Unknown,3,21,Russia,188,80,91,55,73,81,75,72,70,65,64,64,4
75,4202,Pekovic,Unknown,9,28,Serbia and Montenegro,189,84,110,73,54,85,76,74,70,77,68,69,4
75,4209,Gai,Unknown,7,23,Ukraine,181,73,21,62,67,77,86,74,78,73,67,76,4
75,4212,Subotic,Unknown,3,17,Serbia and Montenegro,193,88,110,50,74,80,73,74,70,67,67,66,4
75,4223,Klingbeil,Unknown,4,24,Germany,179,76,13,61,69,74,80,75,74,73,68,73,5
75,4225,Feilhaber,Unknown,9,20,United States,175,68,13,70,62,83,75,74,72,86,74,73,6
75,4226,Karl,Unknown,5,19,Germany,191,87,13,56,66,87,76,73,68,68,68,66,4
75,4228,Laas,Unknown,8,21,Germany,175,73,13,65,55,71,77,80,75,74,66,67,4
75,4235,Lala,Unknown,5,30,Albania,172,64,18,67,71,72,85,75,77,76,77,73,5
75,4239,Boffin,Unknown,0,18,Belgium,196,86,8,30,72,74,57,63,67,55,64,65,4
75,4240,Morten Jensen,Unknown,0,18,Germany,188,90,18,30,70,79,56,62,64,50,65,62,4
75,4245,Halfar,Unknown,4,19,Germany,174,72,18,62,62,70,78,77,76,73,66,63,4
75,4248,Nagy,Unknown,8,23,Germany,176,66,18,69,65,72,76,75,73,76,72,75,4
75,4250,Hahne,Unknown,12,20,Germany,173,65,18,69,36,72,76,77,79,73,66,63,4
75,4257,Jendrisek,Unknown,12,20,Slovakia,176,64,18,71,43,70,78,81,83,72,66,70,4
75,4269,Chahed,Unknown,5,23,Germany,178,73,23,55,76,84,77,73,75,71,70,74,4
75,4297,Gentner,Unknown,5,21,Germany,189,73,49,66,65,76,80,76,73,74,65,67,4
75,4305,Hille,Unknown,8,26,Germany,180,70,71,70,35,70,74,78,77,73,72,73,4
75,4321,Sodje,Unknown,3,27,Nigeria,186,76,72,48,70,80,73,77,75,69,70,65,4
75,4327,Dabrowski,Unknown,5,27,Germany,195,82,71,65,72,84,76,75,71,68,70,70,5
75,4329,Trojan,Unknown,8,23,Czech Republic,172,69,71,75,57,75,76,78,80,79,71,70,4
75,4357,Andreasen,Unknown,5,23,Denmark,189,84,27,54,75,86,81,75,71,69,68,71,5
75,4361,Hutchinson,Unknown,4,17,England,182,78,35,56,70,76,76,74,73,67,66,68,4
75,4372,Mancienne,Unknown,3,18,England,184,80,35,52,72,76,75,74,72,68,66,66,4
75,4374,Fischer,Unknown,5,22,Germany,186,78,7,65,67,80,76,76,75,73,65,69,4
75,4391,ter Wielen,Unknown,0,18,Netherlands,195,90,135,30,72,78,58,65,64,46,65,64,5
75,4402,Kampjes,Unknown,0,19,Netherlands,190,82,131,30,70,78,56,63,65,50,64,55,4
75,4406,Nieuwendaal,Unknown,7,20,Netherlands,179,76,73,68,52,69,73,75,76,78,63,66,4
75,4407,Brivio,Unknown,4,18,Italy,185,72,37,63,60,75,77,75,72,71,67,72,4
75,4411,van der Wiel,Unknown,4,18,Netherlands,181,69,54,53,69,74,81,75,74,68,65,68,4
75,4413,Sinclair,Unknown,10,17,England,177,73,35,74,50,70,77,80,79,69,65,70,4
75,4420,Espimas,Unknown,8,33,France,180,75,141,61,60,70,85,79,72,61,65,64,4
75,4458,D. Blind,Unknown,4,18,Netherlands,180,72,141,64,72,77,77,76,72,78,77,80,7
75,4470,O. Giroud,Unknown,12,20,France,192,84,141,80,32,80,75,73,74,78,71,65,3
75,4476,Éder,Unknown,12,19,Portugal,188,81,141,74,34,81,72,83,69,68,64,64,4
75,4477,J. Henderson,Unknown,7,19,England,182,67,141,69,55,73,77,77,75,76,76,68,7
75,4601,Gibson,Unknown,12,19,England,183,80,141,73,38,77,76,74,76,65,76,68,7
75,4602,Jackson,Unknown,3,19,England,184,78,141,44,72,76,73,73,73,71,77,63,5
75,4617,Dupont,Unknown,0,18,France,183,77,141,25,72,74,49,61,71,41,81,76,3
75,4619,Fernandez,Unknown,3,19,France,187,77,141,33,79,85,68,70,69,60,78,73,5
75,4620,Guegan,Unknown,4,19,France,182,73,141,47,71,76,76,73,73,51,81,79,3
75,4625,Perrin,Unknown,3,19,France,183,80,141,53,69,81,76,70,70,61,84,73,6
75,4648,Doesburg,Unknown,4,19,Netherlands,174,72,141,61,73,73,77,79,76,71,76,61,7
75,4649,Hoekstra,Unknown,8,19,Netherlands,180,77,141,71,45,76,71,76,76,76,72,65,6
75,4656,Camacho,Unknown,7,19,Spain,174,70,141,73,61,73,72,76,76,75,76,75,6
75,4664,Prieto,Unknown,5,19,Spain,178,72,141,60,71,81,77,76,75,68,79,71,5
75,4690,Zakharov,Unknown,12,19,Russia,182,72,141,76,35,77,76,69,72,71,62,57,6
75,4697,Ahmet,Unknown,0,19,Turkey,176,72,141,48,71,77,63,67,75,53,81,63,4
75,4698,Cem,Unknown,8,19,Turkey,179,73,141,71,74,77,78,76,70,72,81,71,4
75,4703,Abdel Salam,Unknown,12,19,Egypt,184,79,141,75,41,78,73,74,76,73,78,72,6
75,4705,Shittu,Unknown,0,19,Nigeria,178,86,141,38,73,73,59,60,67,52,76,63,5
75,4709,Samuels,Unknown,4,19,Jamaica,168,58,141,64,66,74,76,74,75,76,70,63,6
75,4713,Bustos,Unknown,4,19,Argentina,186,83,141,68,65,74,74,76,77,76,76,71,4
75,4721,Nascimento,Unknown,9,19,Brazil,182,74,141,76,43,76,71,74,76,78,83,58,4
75,4727,Prandini,Unknown,12,19,Uruguay,175,67,141,79,45,76,74,74,78,77,72,78,4
75,4729,Noushevar,Unknown,8,19,Iran,193,83,141,71,63,77,68,74,76,75,76,51,4
75,4731,Kim Cyun Hi,Unknown,12,19,South Korea,179,74,141,72,39,77,74,83,69,76,83,63,4
75,4732,Sahafi,Unknown,12,19,Saudi Arabia,181,74,141,71,36,65,77,72,73,75,76,76,4
75,4736,Spencer,Unknown,4,19,England,178,68,141,55,54,72,79,77,81,61,76,68,5
75,4739,Wiart,Unknown,9,18,France,182,70,141,83,59,75,74,67,64,84,85,75,5
75,4744,Nijkamp,Unknown,9,19,Netherlands,173,64,141,79,55,73,71,76,79,76,76,75,5
75,4745,Van Dijk,Unknown,4,19,Netherlands,174,63,141,61,60,70,75,76,78,68,80,76,5
75,4765,Kim U Don,Unknown,0,19,South Korea,188,79,141,24,73,78,63,73,77,67,83,58,5
75,4777,Kelsen,Unknown,0,17,Austria,187,82,141,32,84,75,57,64,64,41,70,70,4
75,32925,Torrejon,Unknown,3,20,Spain,187,87,105,52,73,84,75,70,68,67,65,65,4
75,32942,Zuev,Unknown,0,24,Russia,194,83,2,30,73,76,60,62,63,50,65,66,4
74,38,Leonard,Unknown,4,32,Belgium,185,79,15,59,70,75,80,68,70,68,77,70,5
74,68,Domovchiski,Unknown,11,20,Bulgaria,178,74,141,71,44,73,78,75,74,75,60,66,4
74,345,Kalnins,Unknown,12,25,Latvia,193,90,141,72,35,88,75,71,67,70,68,70,4
74,387,Mulryne,Unknown,8,28,Northern Ireland,175,71,141,71,40,71,80,75,72,78,68,72,6
74,421,Radomski,Unknown,5,29,Poland,180,81,141,60,70,79,81,71,72,76,81,66,7
74,430,Gancarczyk,Unknown,4,24,Poland,181,70,141,55,71,83,76,68,66,65,66,65,5
74,536,Nadj,Unknown,5,31,Serbia and Montenegro,174,69,141,58,70,71,83,74,78,73,72,72,5
74,580,Filekovic,Unknown,6,28,Slovenia,190,81,141,68,57,85,84,73,68,76,70,67,4
74,719,Carl Fletcher,Unknown,7,26,Wales,178,73,141,58,72,78,82,76,74,71,78,77,4
74,726,Danny Collins,Unknown,3,26,Wales,188,76,76,60,72,78,77,75,72,72,69,67,4
74,844,Kaita,Unknown,7,20,Nigeria,169,76,112,60,65,76,80,80,76,74,64,60,4
74,1051,Barillà,Unknown,7,18,Italy,180,74,120,70,60,73,78,78,77,73,66,74,5
74,1060,Rojas,Unknown,3,32,Chile,178,70,141,56,72,71,80,73,74,72,76,75,5
74,1156,Reiner Torres,Unknown,5,26,Peru,169,66,141,60,68,70,86,71,76,72,70,75,5
74,1233,Moniwa,Unknown,3,25,Japan,181,77,141,52,76,78,70,82,72,68,70,70,4
74,1241,Tognozzi,Unknown,5,29,Italy,184,74,120,66,39,78,75,73,72,72,73,70,5
74,1242,Maki,Unknown,12,26,Japan,184,77,141,74,45,80,84,73,70,67,70,74,4
74,1249,Al-Ghamdi,Unknown,5,27,Saudi Arabia,177,68,141,57,68,70,84,81,77,67,69,70,4
74,1256,Al-Qadi,Unknown,3,27,Saudi Arabia,178,67,141,55,71,78,77,74,73,65,63,70,4
74,1477,Song Bilong,Unknown,3,19,Cameroon,182,76,118,57,73,76,76,84,72,80,59,70,4
74,1501,Craig Gardner,Unknown,7,19,England,178,71,19,64,61,73,78,76,74,70,69,70,4
74,1563,Sankofa,Unknown,3,21,England,183,78,48,49,69,77,74,76,73,65,68,68,4
74,1589,Carsley,Unknown,7,32,Ireland,178,75,90,67,70,82,85,70,70,70,83,74,6
74,1635,Sturridge,Unknown,12,17,England,188,76,106,67,33,74,74,77,73,79,63,63,4
74,1649,Onuoha,Unknown,3,18,England,188,78,114,64,72,74,80,93,82,70,63,64,4
74,1671,Giuseppe Rossi,Unknown,12,19,Italy,175,71,33,69,26,70,70,75,76,80,60,62,3
74,1686,Vitale,Unknown,4,19,Italy,180,71,128,62,67,75,75,74,76,66,66,67,6
74,1694,Andrew Taylor,Unknown,4,20,England,178,69,3,58,66,69,80,75,69,75,68,67,4
74,1699,Craddock,Unknown,12,20,England,180,75,3,67,40,70,75,75,77,76,67,65,4
74,1717,Pattison,Unknown,7,19,South Africa,173,78,70,64,64,80,81,74,72,73,66,66,3
74,1746,Aaron Brown,Unknown,3,23,England,178,80,72,52,71,75,78,73,72,68,70,70,4
74,1747,Halls,Unknown,5,24,England,183,70,72,66,60,70,76,79,77,75,67,62,4
74,1755,Long,Unknown,12,19,Ireland,178,71,72,70,38,72,76,76,74,73,68,60,3
74,1804,O'Hara,Unknown,7,20,England,180,78,53,65,60,74,79,73,72,74,67,64,3
74,1830,Grant,Unknown,10,19,England,183,70,132,69,32,68,75,80,77,73,64,65,4
74,1833,Diagouraga,Unknown,7,19,France,188,72,132,65,65,80,78,74,73,74,66,70,4
74,1854,Ephraim,Unknown,8,18,England,175,70,115,70,35,73,72,77,77,74,66,63,4
74,1891,Lejeune,Unknown,12,21,France,181,81,10,70,35,78,73,75,73,73,67,73,3
74,1906,Baysse,Unknown,3,18,France,184,82,111,47,69,77,75,73,73,67,63,65,3
74,1908,Ted Lavie,Unknown,5,20,France,178,73,111,50,68,73,81,76,75,72,65,67,3
74,1918,Olivier Thomas,Unknown,4,32,France,183,82,107,66,63,68,75,70,69,74,72,79,6
74,1931,Douillard,Unknown,8,21,France,173,68,107,61,35,65,70,72,75,65,62,65,5
74,1938,Calvé,Unknown,3,22,France,182,73,107,45,70,75,76,75,73,68,67,68,4
74,1953,Diame,Unknown,5,19,France,180,71,109,55,71,73,77,77,75,70,65,65,3
74,1955,Marco Ramos,Unknown,4,23,France,172,66,109,65,60,73,70,75,72,78,71,73,4
74,1977,Fauvergue,Unknown,12,22,France,193,86,103,70,35,79,75,74,71,72,66,63,4
74,1982,Lepostollec,Unknown,5,22,France,183,73,103,63,61,74,78,73,71,73,66,68,4
74,2007,Bourhani,Unknown,12,25,France,180,70,116,73,36,73,77,75,70,72,68,65,4
74,2023,Hima,Unknown,5,22,France,179,75,78,55,69,72,80,76,74,71,63,64,4
74,2036,Cantareil,Unknown,4,23,France,178,70,64,58,66,71,80,72,72,72,73,70,4
74,2046,Hassoun Camara,Unknown,3,22,France,188,76,64,50,68,80,73,73,70,67,65,66,3
74,2047,Bocaly,Unknown,5,18,France,180,74,64,57,66,79,78,74,73,70,66,70,3
74,2064,Nimani,Unknown,12,18,France,190,85,31,70,38,83,74,74,69,75,65,65,3
74,2072,Duchemin,Unknown,8,27,France,177,76,133,66,60,80,77,71,70,75,69,66,4
74,2081,B. Gavanon,Unknown,5,26,France,180,75,133,66,58,69,78,70,74,76,68,66,4
74,2103,Dimitrijevic,Unknown,9,22,Serbia and Montenegro,180,72,60,68,60,70,81,75,75,76,62,65,5
74,2111,Fanni,Unknown,5,24,France,186,78,108,58,74,78,78,73,72,68,69,67,5
74,2147,Djadjedje,Unknown,12,20,France,176,70,36,70,45,65,69,83,80,77,71,66,4
74,2167,Mvuemba,Unknown,7,21,France,175,67,101,67,60,73,80,79,78,72,66,61,3
74,2168,Didot,Unknown,7,23,France,175,68,101,68,66,69,80,72,70,76,68,71,5
74,2170,Danze,Unknown,7,20,France,184,71,101,65,60,76,80,74,73,73,65,66,3
74,2171,Papakouli Diop,Unknown,7,20,Senegal,178,73,101,56,65,75,80,78,76,76,68,65,3
74,2172,N'Guema,Unknown,10,21,Gabon,170,69,101,71,40,69,74,80,74,77,67,65,4
74,2173,Ekoko,Unknown,12,18,DR Congo,178,75,101,69,38,70,72,79,78,73,67,62,4
74,2214,Abdou,Unknown,4,22,France,179,68,117,63,60,70,77,75,75,73,65,63,4
74,2215,Amalfitano,Unknown,8,21,France,176,68,117,64,63,73,80,77,75,72,67,69,4
74,2226,Pitau,Unknown,7,29,France,178,70,134,67,68,80,86,77,74,71,71,73,5
74,2247,Séne,Unknown,5,21,France,190,77,134,60,62,81,76,74,68,72,65,65,3
74,2262,Alseni Camara,Unknown,3,19,Guinea,185,78,102,50,70,78,79,75,72,70,66,63,3
74,2269,Robic,Unknown,8,20,France,181,73,102,68,50,72,75,74,73,76,66,65,4
74,2271,Pentecôte,Unknown,12,20,France,180,75,102,67,36,74,74,76,74,74,66,67,3
74,2312,Kharroubi,Unknown,5,22,France,181,73,115,63,63,75,81,75,74,73,70,68,4
74,2333,Guberti,Unknown,7,21,Italy,180,80,22,64,63,72,82,75,73,72,69,66,4
74,2334,Alvaro Rubio,Unknown,5,27,Spain,178,70,122,70,67,75,81,74,71,72,70,75,4
74,2349,Capelli,Unknown,3,20,Italy,184,78,114,48,70,75,77,72,71,67,65,68,5
74,2354,Manzoni,Unknown,8,19,Italy,177,65,114,65,42,67,75,77,79,72,62,63,4
74,2360,Canini,Unknown,3,21,Italy,178,72,126,50,75,72,75,74,70,68,73,68,4
74,2396,Jimenez,Unknown,8,25,Italy,184,80,80,68,45,74,78,77,71,73,66,64,4
74,2398,Morimoto,Unknown,12,18,Japan,183,75,42,70,36,70,71,78,77,74,63,60,4
74,2442,Buzzegoli,Unknown,7,23,Italy,179,72,65,63,65,68,79,74,76,71,65,67,5
74,2443,Marianini,Unknown,7,27,Italy,184,75,65,67,65,76,83,75,74,71,70,66,5
74,2472,Andreolli,Unknown,3,20,Italy,187,81,139,48,70,78,73,74,72,67,66,66,4
74,2522,Abejon,Unknown,7,32,Uruguay,185,76,114,70,67,81,82,76,74,60,74,78,4
74,2527,Pelagotti,Unknown,0,17,Italy,188,82,65,30,70,75,57,65,67,40,66,66,4
74,2537,De Vezze,Unknown,7,26,Italy,173,70,24,65,65,69,83,75,76,72,70,73,4
74,2571,Dellafiore,Unknown,4,21,Argentina,186,74,82,60,66,70,80,74,73,70,72,70,4
74,2657,Soddimo,Unknown,8,19,Italy,175,75,125,66,52,66,75,76,74,72,63,64,4
74,2686,Brevi,Unknown,3,38,Italy,182,80,83,48,77,78,72,69,67,68,82,80,5
74,2719,Rinaldi,Unknown,3,19,Italy,184,77,39,51,67,76,76,73,73,69,64,66,5
74,2721,A. Dossena,Unknown,3,25,Italy,180,74,112,58,68,73,82,75,72,70,68,70,5
74,2722,Izco,Unknown,9,23,Argentina,177,71,42,75,60,76,83,75,78,71,70,66,5
74,2740,Tininho,Unknown,8,29,Brazil,182,77,59,74,58,82,74,75,70,80,68,74,4
74,2746,El Moussaoui,Unknown,3,20,Netherlands,178,74,59,48,68,80,75,74,72,64,65,60,3
74,2749,Riedewald,Unknown,4,19,Netherlands,183,79,59,60,62,70,77,76,73,70,65,65,4
74,2750,Rankovic,Unknown,7,28,Serbia and Montenegro,173,75,59,68,68,80,85,73,77,73,74,72,6
74,2751,Schwiebbe,Unknown,7,20,Netherlands,180,72,59,62,60,72,77,74,74,72,65,66,3
74,2752,Verhoek,Unknown,10,20,Netherlands,188,80,59,69,37,80,75,76,70,76,59,67,3
74,2773,Schaars,Unknown,8,22,Netherlands,177,72,29,60,68,74,81,75,74,74,70,68,5
74,2786,Molhoek,Unknown,8,25,Netherlands,186,81,29,66,62,82,80,75,74,72,68,65,6
74,2793,Jansen,Unknown,3,27,Netherlands,180,75,4,55,70,74,80,74,73,76,68,67,4
74,2796,Guijo Velasco,Unknown,7,22,Belgium,178,71,60,67,44,74,80,77,76,75,66,61,4
74,2810,Dijkhuizen,Unknown,12,34,Netherlands,198,93,13,75,31,82,73,69,68,72,75,67,5
74,2811,Voskamp,Unknown,12,22,Netherlands,185,79,20,68,38,74,74,74,73,74,65,60,3
74,2852,Nijland,Unknown,12,18,Netherlands,187,77,135,66,35,77,76,74,73,74,63,63,5
74,2867,Türk,Unknown,7,20,Netherlands,174,73,12,65,55,67,75,75,78,72,69,60,5
74,2873,Larsen,Unknown,12,19,Denmark,182,80,12,71,37,77,72,75,73,73,64,71,4
74,2874,Friend,Unknown,12,25,Canada,193,95,131,72,34,90,72,70,65,68,70,70,4
74,2878,Storm,Unknown,7,19,Denmark,171,63,12,65,60,64,81,77,75,74,65,66,4
74,2884,Maas,Unknown,5,36,Netherlands,178,76,131,56,73,75,82,73,70,73,77,79,6
74,2916,Van Bremen,Unknown,8,19,Netherlands,180,68,136,64,58,69,77,75,75,73,65,65,3
74,2942,Holman,Unknown,9,22,Australia,177,69,124,73,36,78,75,75,73,76,66,69,4
74,2960,Van Diemen,Unknown,5,34,Netherlands,185,83,129,60,72,78,83,70,68,69,69,75,5
74,2971,Van Mosselveld,Unknown,3,22,Netherlands,184,72,129,56,71,79,80,77,73,67,63,60,5
74,2986,Vandamme,Unknown,10,21,Belgium,183,79,137,68,33,77,76,76,72,73,66,65,4
74,2991,Rompelberg,Unknown,3,19,Netherlands,184,83,137,48,69,78,74,73,73,65,63,60,3
74,2998,De Jong,Unknown,8,20,Canada,183,73,137,67,35,73,72,78,76,72,61,60,4
74,3000,Van Tornhout,Unknown,12,21,Belgium,190,86,137,73,34,82,73,73,69,73,65,65,4
74,3018,Rose,Unknown,9,27,Netherlands,188,85,112,73,50,87,80,73,70,75,74,60,5
74,3041,Kleizen,Unknown,10,20,Netherlands,188,77,127,69,40,78,75,77,77,73,63,63,3
74,3044,Afonso,Unknown,12,20,Switzerland,186,79,127,70,39,79,77,72,70,81,67,65,3
74,3051,Van Dijk,Unknown,7,24,Netherlands,179,78,17,64,67,74,83,76,74,68,78,75,5
74,3090,Prijor,Unknown,9,21,Netherlands,183,78,16,70,40,75,73,78,72,78,66,65,4
74,3097,Messoudi,Unknown,7,22,Belgium,178,63,73,60,66,70,83,75,74,70,66,69,4
74,3105,Swinkels,Unknown,3,22,Netherlands,184,75,73,52,68,78,75,72,70,66,65,68,4
74,3106,Van der Struijk,Unknown,3,21,Netherlands,183,70,73,55,69,75,79,75,74,72,63,60,5
74,3126,Murillo,Unknown,3,23,Spain,182,76,138,53,76,75,77,71,70,69,70,67,4
74,3147,Andrea Orlandi,Unknown,8,22,Spain,182,77,125,67,55,71,75,77,75,74,66,58,4
74,3200,Juan Rodríguez,Unknown,9,24,Spain,185,72,119,72,55,80,78,74,70,76,68,67,4
74,3213,Cristian,Unknown,12,23,Spain,170,66,119,68,35,63,78,75,77,72,65,69,3
74,3215,Antonio Tomás,Unknown,5,21,Spain,178,62,119,60,65,80,80,74,74,68,71,70,4
74,3232,Sergio Sánchez,Unknown,3,20,Spain,184,77,105,58,68,76,79,76,74,74,68,68,3
74,3260,Manu Del Moral,Unknown,12,22,Spain,185,84,93,70,28,77,72,78,76,69,66,60,4
74,3266,Fletcher,Unknown,5,31,Spain,178,76,123,68,73,75,80,73,72,73,71,75,5
74,3279,David Cuéllar,Unknown,8,26,Spain,170,63,123,70,48,74,78,75,74,73,68,69,5
74,3282,Pinilla,Unknown,12,35,Spain,176,70,123,77,33,75,74,72,70,72,72,72,5
74,3287,Dani Bautista,Unknown,4,25,Spain,177,70,130,66,69,76,78,76,72,68,67,67,4
74,3288,Juvenal,Unknown,7,27,Spain,178,73,130,70,48,72,76,77,80,72,65,61,4
74,3289,Barber,Unknown,7,26,Spain,183,77,130,68,57,77,82,75,76,71,67,67,4
74,3290,Cheli,Unknown,8,27,Spain,175,70,130,70,46,75,76,74,73,77,66,64,4
74,3318,Nagore,Unknown,5,32,Spain,184,75,75,70,69,80,77,70,69,70,73,70,5
74,3319,Diego Camacho,Unknown,5,30,Spain,187,82,75,68,69,81,80,71,70,70,69,69,5
74,3333,Juan Valera,Unknown,4,21,Spain,184,70,20,74,53,68,76,81,74,70,63,68,4
74,3338,Alcalde,Unknown,0,21,Spain,186,80,138,30,71,76,55,62,64,47,65,63,4
74,3374,Javier Flaño,Unknown,4,22,Spain,177,68,97,68,66,73,78,74,72,70,69,70,5
74,3375,Corrales,Unknown,4,24,Spain,175,70,97,70,67,73,78,78,73,71,69,69,5
74,3380,De Ruiter,Unknown,0,20,Netherlands,192,78,17,30,72,77,55,62,64,50,64,63,5
74,3387,Font,Unknown,8,22,Spain,170,66,97,70,52,66,76,74,70,74,69,66,3
74,3388,Iñaki Muñoz,Unknown,8,28,Spain,180,79,97,72,58,77,78,73,72,74,70,70,5
74,3419,Raúl Martín,Unknown,12,24,Spain,180,74,139,72,34,72,71,75,78,74,67,62,4
74,3440,Díaz de Cerio,Unknown,12,22,Spain,177,69,51,70,35,67,79,76,78,74,63,64,3
74,3460,Kepa,Unknown,12,22,Spain,185,83,47,68,30,78,73,74,73,73,67,68,3
74,3512,Chus Herrero,Unknown,3,22,Spain,183,75,118,49,72,75,75,69,68,65,64,60,3
74,3537,Clement,Unknown,5,32,Belgium,191,85,4,64,76,84,83,69,64,68,78,77,6
74,3555,Diallo,Unknown,5,20,Senegal,188,78,4,62,65,80,79,73,69,68,65,65,4
74,3556,Casas,Unknown,4,24,Spain,180,85,138,51,74,80,75,70,69,68,68,67,5
74,3561,Sylvestre,Unknown,7,22,France,180,66,141,64,63,70,81,76,75,70,67,67,4
74,3570,Rezek,Unknown,12,25,Czech Republic,179,73,141,73,48,78,80,77,76,75,67,70,5
74,3633,Bovio,Unknown,5,24,Brazil,178,76,32,68,60,75,81,75,76,74,72,73,4
74,3644,Tziolis,Unknown,9,21,Greece,189,84,32,72,45,82,76,75,68,75,67,65,4
74,3727,Bruno Moraes,Unknown,12,22,Brazil,180,72,91,73,35,72,76,75,70,81,68,65,4
74,3747,Djaló,Unknown,12,20,Portugal,171,64,88,68,36,66,74,77,80,76,65,64,3
74,3763,Minetti,Unknown,9,28,Italy,175,72,24,66,30,68,75,78,82,71,64,65,4
74,3771,Clement,Unknown,5,22,France,174,61,9,58,68,77,80,76,74,70,67,70,4
74,3799,Rasck,Unknown,4,37,Sweden,178,74,57,61,64,73,80,73,74,68,66,67,4
74,3844,Zengin,Unknown,4,21,Turkey,177,78,96,63,54,70,78,75,76,72,66,65,4
74,3853,Renato,Unknown,3,19,Portugal,183,76,88,50,68,77,74,72,73,68,65,68,4
74,3868,Inamoto,Unknown,7,27,Japan,181,75,30,72,66,77,79,71,69,77,70,73,5
74,3893,Oscar Sanchez,Unknown,4,26,Spain,180,72,122,68,65,73,77,77,79,75,68,65,3
74,3897,Toche,Unknown,12,22,Spain,186,77,122,76,42,74,75,76,74,74,67,66,5
74,3902,Jong-A-Pin,Unknown,3,19,Netherlands,183,78,12,48,70,74,76,70,70,58,65,65,6
74,3907,Carrico,Unknown,3,18,Portugal,180,75,88,54,70,78,75,73,74,68,65,64,5
74,3909,Gonzalo Vicente,Unknown,4,27,Uruguay,179,72,122,67,64,73,76,75,74,67,68,67,6
74,3916,Sergio Asenjo,Unknown,0,17,Spain,182,85,122,30,72,76,62,68,65,47,66,65,5
74,3935,Ivan Hernandez,Unknown,5,26,Spain,185,80,122,62,72,75,77,73,70,70,68,71,3
74,3941,Galan,Unknown,0,21,Spain,187,80,93,30,71,75,56,65,66,40,64,66,5
74,3945,Lorello,Unknown,0,18,Italy,186,75,42,30,70,74,56,65,67,39,65,66,4
74,3952,Virgili,Unknown,0,20,Italy,186,81,99,30,71,74,56,65,67,40,63,67,5
74,3953,Metaj,Unknown,4,18,Netherlands,180,72,135,60,63,73,77,75,72,68,65,70,4
74,3975,van den Bergh,Unknown,4,19,Germany,183,77,11,63,58,73,76,76,72,70,65,65,4
74,3985,Artmann,Unknown,9,20,Germany,179,75,27,67,45,71,77,75,78,70,60,65,6
74,4005,Kauf,Unknown,5,31,Germany,172,65,113,64,67,66,84,80,77,70,73,72,5
74,4015,Schuler,Unknown,4,28,Germany,184,78,113,65,67,72,80,75,70,77,71,70,4
74,4022,Danneberg,Unknown,5,20,Germany,185,73,113,59,65,74,78,74,73,75,66,66,3
74,4041,Balaban,Unknown,9,24,Germany,181,71,98,65,69,76,78,80,75,73,75,70,6
74,4050,Gillis,Unknown,3,17,Belgium,190,77,6,52,70,75,74,67,68,62,64,63,4
74,4078,J. Promes,Unknown,4,22,Netherlands,185,81,29,54,66,78,76,72,70,67,65,66,4
74,4090,Cimen,Unknown,3,21,Germany,176,72,68,57,68,78,81,75,73,74,65,60,4
74,4105,Compper,Unknown,3,20,Germany,186,70,11,61,74,72,80,80,74,73,65,65,4
74,4108,Svard,Unknown,7,23,Denmark,185,77,11,54,76,76,78,74,74,74,76,84,7
74,4119,Trytko,Unknown,12,19,Poland,190,80,140,70,36,75,75,73,71,72,66,65,4
74,4141,Mitreski,Unknown,3,27,Macedonia,180,78,140,50,78,70,77,72,64,70,76,69,4
74,4153,Gunkel,Unknown,5,26,Germany,183,82,140,60,72,70,70,78,75,75,70,80,4
74,4159,Baumgart,Unknown,12,34,Germany,178,77,140,74,47,84,80,74,72,72,71,71,4
74,4160,Rivic,Unknown,9,21,Croatia,181,78,140,78,48,75,70,80,70,78,80,80,6
74,4181,Roberto Lago,Unknown,4,21,Spain,178,78,92,63,62,72,76,74,71,69,66,65,4
74,4200,Vrancic,Unknown,7,20,Bosnia and Herzegovina,184,74,110,64,66,76,78,74,73,76,64,63,5
74,4211,Sinclair,Unknown,4,19,England,178,76,56,68,55,72,74,75,74,76,65,66,4
74,4246,Dietwald,Unknown,5,21,Germany,177,71,18,61,63,73,80,76,75,70,67,63,3
74,4254,Marheineke,Unknown,3,21,Germany,186,79,18,48,70,77,72,74,73,66,65,68,3
74,4274,Dejagah,Unknown,8,20,Germany,181,74,23,69,41,76,71,77,75,76,63,59,3
74,4313,Kochubey,Unknown,9,20,Russia,182,75,72,68,48,68,73,78,77,73,62,63,4
74,4343,Rathgeber,Unknown,12,21,Germany,190,85,71,75,34,72,74,75,72,74,70,70,4
74,4346,Omozusi,Unknown,4,18,England,179,77,45,60,65,74,76,73,74,70,64,64,4
74,4386,Lamprecht,Unknown,4,21,Germany,180,72,7,65,62,73,79,68,74,67,65,64,5
74,4395,Adeleye,Unknown,3,17,Nigeria,183,80,112,55,67,79,75,75,71,68,65,66,4
74,4399,Hiariej,Unknown,4,18,Netherlands,178,75,135,56,65,72,76,74,73,72,66,66,6
74,4400,Das Neves,Unknown,4,20,France,183,75,60,56,66,72,78,74,72,70,65,65,5
74,4403,Skverer,Unknown,0,18,Netherlands,179,78,124,30,70,76,58,65,66,52,65,64,3
74,4424,Castolo,Unknown,12,31,Brazil,173,66,141,77,37,67,68,83,84,75,69,60,4
74,4466,D. Lovren,Unknown,3,18,Croatia,188,83,141,53,69,80,74,77,75,67,66,72,6
74,4508,Adu,Unknown,12,17,United States,177,68,84,69,27,57,69,80,84,82,58,55,3
74,4564,Carboni,Unknown,4,41,Italy,180,73,141,65,84,77,76,75,71,74,91,97,6
74,4569,M. Fellaini,Unknown,7,19,Belgium,194,85,141,72,52,86,80,75,68,76,63,68,6
74,4599,Carter,Unknown,12,19,England,180,69,141,73,38,76,67,65,77,78,73,67,6
74,4600,Cooper,Unknown,0,19,England,182,72,141,41,74,69,63,56,66,45,67,73,6
74,4603,Mitchell,Unknown,4,19,England,180,70,141,65,66,75,76,78,73,75,78,71,6
74,4615,Bouquet,Unknown,3,19,France,186,83,141,35,74,80,71,68,70,51,77,68,3
74,4621,Jean,Unknown,2,19,France,199,95,141,24,84,71,59,67,81,69,91,77,7
74,4622,Leclerc,Unknown,7,19,France,178,76,141,71,51,75,71,74,77,76,77,70,4
74,4627,Riou,Unknown,0,19,France,193,83,141,28,70,79,55,61,63,51,80,69,6
74,4628,Traore,Unknown,8,19,France,176,70,141,75,46,76,71,77,69,68,76,67,4
74,4634,Fischer,Unknown,4,19,Germany,183,82,141,69,58,75,74,74,76,58,80,75,7
74,4636,Holzer,Unknown,4,19,Germany,188,87,141,61,75,74,71,70,73,56,79,74,7
74,4640,Lorenz,Unknown,3,19,Germany,186,80,141,34,73,81,69,70,70,56,80,61,3
74,4650,Jacobs,Unknown,0,19,Netherlands,188,83,141,25,71,76,47,65,70,46,81,69,6
74,4653,Postma,Unknown,4,19,Netherlands,178,68,141,75,73,74,71,76,77,73,79,66,6
74,4658,Gutierrez,Unknown,12,19,Spain,188,70,141,71,38,72,77,71,77,66,72,75,4
74,4661,Merino,Unknown,7,19,Spain,182,83,141,73,54,78,75,76,69,75,77,71,4
74,4665,Rubio,Unknown,4,19,Spain,187,79,141,48,77,83,71,71,69,70,68,68,4
74,4672,Thijs,Unknown,12,19,Belgium,179,78,141,76,38,76,67,66,74,77,68,75,6
74,4678,Aaltonen,Unknown,5,19,Finland,176,69,141,67,75,72,80,60,67,66,81,78,4
74,4688,Buga,Unknown,12,18,Romania,184,76,141,77,35,77,65,76,74,66,88,76,4
74,4694,Jovancevic,Unknown,9,19,Serbia and Montenegro,183,79,141,73,64,77,77,72,73,67,80,68,6
74,4699,Engin,Unknown,12,19,Turkey,189,86,141,75,38,70,67,74,73,73,76,48,5
74,4702,Komol,Unknown,12,19,Cameroon,171,75,141,76,45,74,71,73,69,78,76,57,5
74,4707,Mokrani,Unknown,12,19,Tunisia,180,82,141,76,40,66,78,73,77,70,70,69,4
74,4711,Buchanan,Unknown,0,42,United States,184,75,141,40,73,75,61,62,69,54,78,63,4
74,4712,Acosta,Unknown,0,19,Argentina,180,76,141,33,77,73,51,62,63,43,81,58,4
74,4726,Fatecha,Unknown,0,19,Paraguay,183,80,141,38,70,76,56,67,70,48,77,63,4
74,4754,Hugo,Unknown,8,19,Portugal,186,80,141,74,46,63,67,69,71,86,69,52,5
74,4757,Shubin,Unknown,8,19,Ukraine,181,70,141,78,49,77,85,70,75,70,91,75,5
74,4760,Kobayashi,Unknown,4,19,Japan,177,72,141,47,75,69,65,76,75,60,90,78,5
74,4764,Takahashi,Unknown,12,19,Japan,187,76,141,72,24,76,77,73,70,58,83,79,5
74,4768,I Gyon Fun,Unknown,12,19,South Korea,191,84,141,79,13,78,77,62,63,67,82,76,5
74,4772,Hong Yon Nam,Unknown,0,18,South Korea,180,78,141,21,71,80,55,56,68,42,91,74,5
74,32926,C. Clarke,Unknown,4,26,Ireland,180,75,76,63,60,75,75,74,75,65,65,64,4
74,32927,Dzyuba,Unknown,12,18,Russia,194,88,2,68,35,80,74,74,72,72,65,69,4
74,32930,Kudryashov,Unknown,4,19,Russia,181,77,2,61,66,74,76,74,74,67,63,63,4
74,32935,D'Ambrosio,Unknown,4,18,Italy,180,75,37,64,58,74,77,77,75,70,67,67,4
74,32949,Bazhenov,Unknown,12,21,Russia,179,72,2,74,36,72,75,76,75,72,67,63,4
73,66,Y. Todorov,Unknown,8,25,Bulgaria,172,70,141,69,56,72,80,79,70,75,70,68,5
73,226,Pesce,Unknown,7,24,Italy,173,64,22,73,62,73,78,76,75,70,66,70,5
73,497,Zyryanov,Unknown,3,29,Russia,176,72,141,66,67,72,83,80,76,77,67,70,5
73,560,Hlinka,Unknown,7,27,Slovakia,188,82,141,62,71,84,81,72,71,69,70,76,5
73,884,K. Cisse,Unknown,12,18,Guinea,180,76,114,74,40,74,77,82,80,70,66,66,5
73,893,Agboh,Unknown,5,28,Togo,177,72,141,57,68,80,79,74,71,66,65,60,3
73,984,Wolfe,Unknown,7,22,Trinidad and Tobago,180,72,141,66,50,75,73,84,83,75,56,56,3
73,1221,Tsuboi,Unknown,3,27,Japan,179,67,141,57,74,74,72,86,83,67,70,70,4
73,1248,Aziz,Unknown,5,25,Saudi Arabia,172,71,141,60,65,70,83,80,77,70,70,72,4
73,1260,Massad,Unknown,8,23,Saudi Arabia,174,62,141,60,67,77,80,75,74,69,63,70,3
73,1327,Ince,Unknown,7,39,England,178,77,141,67,80,80,81,67,72,72,83,75,6
73,1522,Andy Taylor,Unknown,3,20,England,180,73,78,51,69,75,69,75,75,66,66,67,3
73,1537,Marino,Unknown,0,18,Italy,195,85,128,30,68,78,61,63,65,64,60,59,3
73,1566,Gíslason,Unknown,8,18,Iceland,176,67,48,66,42,71,75,76,74,72,63,60,4
73,1567,James Walker,Unknown,12,18,England,180,76,48,69,35,71,73,80,85,73,68,57,3
73,1619,Matty Collins,Unknown,7,20,Wales,176,74,45,64,60,75,79,73,72,71,65,65,4
73,1629,Guthrie,Unknown,7,19,England,175,73,44,61,64,73,76,76,75,66,65,70,4
73,1763,Armstrong,Unknown,8,24,England,175,70,77,62,63,79,79,77,74,74,67,69,4
73,1813,Mahon,Unknown,7,29,England,185,84,132,59,70,84,88,66,70,71,80,78,5
73,1821,Mariappa,Unknown,3,20,England,180,77,132,51,68,76,71,75,74,66,66,67,4
73,1848,Sheringham,Unknown,11,40,England,183,78,122,86,50,86,70,71,74,82,75,83,7
73,1885,Yebda,Unknown,5,22,France,187,77,10,62,64,78,75,70,70,69,65,64,4
73,1905,Cid,Unknown,3,23,France,188,78,111,60,70,78,74,83,79,65,68,58,4
73,1910,Ducasse,Unknown,7,19,France,179,73,111,66,58,72,75,76,73,75,65,65,4
73,1929,Fischer,Unknown,4,31,France,181,75,107,55,70,82,78,69,67,70,70,72,4
73,1930,Baal,Unknown,7,20,France,178,72,107,62,59,70,79,74,72,72,65,72,3
73,1956,Sidi Yaya Keita,Unknown,5,21,Mali,177,73,109,62,54,74,74,73,75,76,60,73,4
73,2086,Rudolf,Unknown,12,21,Hungary,177,76,133,70,30,71,76,75,70,74,66,55,4
73,2090,Hamdani,Unknown,5,21,France,176,66,133,61,65,79,75,72,69,72,65,55,4
73,2130,Veigneau,Unknown,4,21,France,174,76,108,60,66,64,80,74,74,66,63,62,4
73,2148,Nicolas Cousin,Unknown,0,21,France,184,84,36,30,73,77,58,70,60,50,60,60,4
73,2190,Perrin,Unknown,3,21,France,180,76,43,67,59,72,80,79,76,78,68,72,5
73,2213,Ismael Traore,Unknown,3,20,Cote d'Ivoire,184,89,117,50,68,74,73,73,69,68,64,63,3
73,2243,Quercia,Unknown,12,20,France,169,68,134,69,39,65,76,77,76,76,63,62,3
73,2263,Congre,Unknown,3,21,France,185,81,102,60,72,73,76,85,80,73,61,68,4
73,2375,L. Colucci,Unknown,7,34,Italy,175,70,126,72,68,75,80,75,76,70,71,78,4
73,2389,Polito,Unknown,0,27,Italy,184,78,42,33,70,76,62,63,66,46,65,65,4
73,2614,Ungaro,Unknown,3,19,Italy,180,80,120,55,68,77,74,73,72,68,65,67,3
73,2617,Castiglia,Unknown,7,18,Italy,186,80,41,63,60,77,77,74,70,73,65,65,3
73,2731,Ceravolo,Unknown,12,19,Italy,180,73,120,73,33,75,72,74,74,73,67,66,2
73,2737,Kolk,Unknown,7,25,Netherlands,180,72,59,69,36,75,80,77,76,72,69,59,4
73,2822,Derijck,Unknown,3,19,Belgium,185,80,15,51,73,71,70,77,73,70,63,72,5
73,2830,Abubakari,Unknown,7,20,Ghana,175,69,15,60,63,69,82,77,75,69,64,64,4
73,2845,Holla,Unknown,3,18,Netherlands,178,74,135,48,69,75,74,74,73,65,65,69,3
73,2851,Sutton,Unknown,12,33,England,190,86,19,79,60,74,70,69,71,70,72,80,3
73,2868,Prager,Unknown,7,21,Austria,174,75,12,66,43,70,77,74,76,73,72,58,4
73,2909,Tamerus,Unknown,12,26,Netherlands,191,86,136,72,37,80,74,71,67,72,70,69,4
73,2915,v. d. Broek,Unknown,7,19,Netherlands,184,84,136,62,60,79,79,74,70,73,65,65,3
73,2918,Kousemaker,Unknown,8,21,Netherlands,184,78,136,63,54,72,72,78,76,72,64,58,3
73,2927,Otten,Unknown,5,21,Netherlands,180,76,124,54,72,80,80,75,73,70,67,66,4
73,2934,Bakker,Unknown,3,21,Netherlands,179,65,124,50,72,73,73,73,73,67,66,70,3
73,2936,Kivuvu,Unknown,5,19,Netherlands,187,87,124,48,68,82,75,74,69,69,63,64,4
73,2937,Bruno Soriano,Unknown,5,22,Spain,179,77,100,67,64,73,76,78,72,71,66,66,4
73,2940,Worm,Unknown,12,20,Netherlands,180,70,124,69,35,72,75,77,74,74,68,60,4
73,2962,Vicelich,Unknown,7,30,New Zealand,193,85,129,59,67,85,80,74,67,70,69,71,5
73,3020,Emnes,Unknown,12,18,Netherlands,180,66,112,68,42,69,72,76,76,75,66,66,4
73,3029,Brama,Unknown,7,20,Netherlands,177,68,127,64,61,68,77,75,74,70,64,65,3
73,3089,De Meersman,Unknown,7,21,Belgium,180,73,16,65,56,75,72,76,69,74,64,61,4
73,3110,Van Lieshout,Unknown,7,21,Belgium,183,71,73,63,60,73,77,75,73,73,64,64,3
73,3128,Expósito,Unknown,4,26,Spain,175,70,138,69,67,73,77,75,72,70,68,65,4
73,3209,Joan Verdú,Unknown,7,23,Spain,176,72,119,62,62,77,78,74,73,70,65,70,4
73,3216,Jesus Muñoz,Unknown,5,30,Spain,179,74,119,62,66,72,81,74,73,70,71,66,4
73,3242,Alexis,Unknown,3,21,Spain,182,75,93,66,70,75,77,75,72,70,68,67,4
73,3275,Marco,Unknown,4,30,Spain,176,73,123,67,69,75,80,70,72,70,69,62,4
73,3277,Abel Buades,Unknown,5,29,Spain,182,81,123,69,65,80,78,71,70,71,72,73,5
73,3284,César Arzo,Unknown,3,20,Spain,186,72,130,59,75,76,73,72,70,67,70,65,4
73,3339,Mario Suárez,Unknown,5,19,Spain,186,80,122,59,65,70,81,75,73,70,65,70,4
73,3349,Miñambres,Unknown,4,25,Spain,175,70,54,72,66,71,76,77,75,78,70,68,4
73,3384,Flaño,Unknown,3,22,Spain,177,72,97,59,70,72,79,75,74,70,67,68,4
73,3496,David Fuster,Unknown,8,24,Spain,178,72,100,69,54,65,74,75,72,70,64,60,3
73,3513,Cuartero,Unknown,4,31,Spain,184,80,118,65,70,77,75,76,68,73,73,73,5
73,3516,Lafita,Unknown,9,22,Spain,186,70,118,70,55,81,77,72,70,71,66,66,3
73,3573,Kolar,Unknown,8,20,Czech Republic,181,76,141,70,35,78,74,75,75,72,66,66,4
73,3778,Adam,Unknown,7,20,Scotland,185,83,9,63,60,77,79,76,73,78,65,67,4
73,3785,Augustyn,Unknown,3,18,Poland,191,89,56,51,71,76,73,70,71,65,64,66,6
73,3802,Árnason,Unknown,8,24,Sweden,190,79,57,64,64,78,78,70,70,72,66,68,5
73,3856,Mehmet Güven,Unknown,5,19,Turkey,183,75,30,54,66,73,76,73,71,71,66,66,4
73,3924,Chino Losado,Unknown,12,29,Spain,179,75,122,75,40,75,77,75,73,70,65,66,4
73,3928,Rafa ,Unknown,3,21,Spain,179,65,122,55,70,72,78,76,75,75,67,65,4
73,4072,Salugin,Unknown,12,18,Russia,188,78,6,74,36,77,74,74,70,72,66,63,4
73,4147,Shao,Unknown,9,26,China,188,80,140,75,55,74,70,75,75,75,75,75,4
73,4176,Fojut,Unknown,3,18,Poland,188,83,56,53,69,76,71,70,68,65,65,66,5
73,4382,B. Etxebarria,Unknown,7,19,Spain,177,74,138,68,63,71,76,76,74,69,65,67,4
73,4393,Toet,Unknown,3,19,Netherlands,183,78,112,52,68,75,75,73,71,70,65,64,5
73,4404,Adrien Silva,Unknown,7,17,Portugal,175,75,88,62,64,73,78,74,73,73,66,68,4
73,4421,Ximelez,Unknown,8,30,Spain,174,73,141,68,63,70,68,74,78,63,66,64,4
73,4422,Minanda,Unknown,9,35,Portugal,179,74,141,68,50,74,66,70,75,82,69,68,4
73,4432,Macco,Unknown,8,26,Wales,174,67,141,66,56,61,77,80,73,65,67,61,4
73,4571,Jordi Alba,Unknown,4,19,Spain,170,68,141,73,40,67,75,78,83,74,63,65,5
73,4593,Bas Dost,Unknown,12,19,Netherlands,196,78,141,75,41,81,77,65,66,76,70,73,5
73,4597,Andrews,Unknown,0,19,England,188,86,141,33,73,67,56,67,65,48,80,72,6
73,4598,Baker,Unknown,8,19,England,171,68,141,73,55,71,85,70,72,78,80,78,4
73,4604,Murray,Unknown,10,19,England,178,72,141,76,35,73,70,78,79,72,69,65,4
73,4605,Newman,Unknown,7,19,England,173,52,141,73,58,72,68,72,73,75,66,67,4
73,4614,Andre,Unknown,10,19,France,184,73,141,67,24,68,66,75,76,66,78,75,5
73,4629,Barth,Unknown,3,19,Germany,179,74,141,61,73,78,75,74,76,55,83,71,3
73,4641,Schmidt,Unknown,2,19,Germany,187,83,141,31,77,82,56,68,77,65,86,76,6
73,4646,Arts,Unknown,0,28,Netherlands,185,83,141,32,73,71,51,62,63,42,74,66,7
73,4660,Menendez,Unknown,0,18,Spain,190,90,141,25,70,80,59,63,66,44,78,71,4
73,4662,Navarro,Unknown,0,19,Spain,193,80,141,33,71,79,58,57,65,48,80,76,4
73,4667,Serrano,Unknown,3,19,Spain,183,75,141,36,74,75,67,70,71,67,78,70,6
73,4670,Cuypers,Unknown,0,19,Belgium,201,85,141,33,79,66,71,49,63,53,72,63,5
73,4691,Graham,Unknown,4,19,Scotland,199,95,141,55,68,78,78,69,75,71,68,78,6
73,4692,McKenzie,Unknown,5,18,Scotland,175,78,141,63,68,78,79,71,75,65,80,58,4
73,4695,Nikolic,Unknown,12,18,Serbia and Montenegro,176,66,94,75,38,80,63,72,71,75,77,58,4
73,4700,Stoyanov,Unknown,10,19,Ukraine,182,72,141,76,48,76,77,67,71,75,81,71,4
73,4704,El Moubarki,Unknown,4,19,Morocco,188,78,141,73,66,76,76,66,70,72,74,78,5
73,4716,Rivero,Unknown,9,18,Argentina,184,74,141,73,57,68,77,64,74,76,69,58,4
73,4717,Zarate,Unknown,12,19,Argentina,178,72,141,71,39,65,77,73,75,73,70,58,4
73,4722,Ribeiro,Unknown,12,19,Brazil,199,95,141,76,41,76,77,73,67,68,78,73,4
73,4725,Rolong,Unknown,0,18,Colombia,180,76,141,38,73,73,58,60,69,54,78,58,5
73,4734,Bradley,Unknown,7,19,England,176,68,141,53,81,79,68,74,76,69,80,78,4
73,4738,Moulin,Unknown,9,18,France,175,66,141,77,41,70,63,75,66,81,51,53,4
73,4761,Matsumoto,Unknown,8,19,Japan,172,61,141,71,44,57,65,81,85,63,80,78,5
73,4762,Sasaki,Unknown,5,19,Japan,185,72,141,51,69,71,79,69,68,76,84,76,5
73,4766,Kim Jon Yoru,Unknown,3,19,South Korea,178,68,141,36,72,70,80,72,77,75,81,62,5
73,4769,I Chol Yon,Unknown,3,19,South Korea,182,80,141,28,72,78,77,75,73,71,92,71,5
73,4770,Park Jyun Hi,Unknown,12,19,South Korea,178,72,141,76,18,71,79,67,79,65,94,63,5
73,4779,Edingson,Unknown,4,17,Scotland,169,72,141,67,58,68,85,73,81,63,66,61,4
73,32933,Muratori,Unknown,3,19,France,178,65,31,57,70,74,76,76,72,69,64,69,4
73,32936,Marcellis,Unknown,3,18,Netherlands,180,80,32,48,68,75,77,76,75,67,70,69,4
73,32947,Shishkin,Unknown,4,18,Russia,177,67,2,63,62,65,79,77,71,66,67,66,4
73,32948,Pavlenko,Unknown,9,21,Russia,175,70,2,66,55,70,75,74,74,70,67,65,6
72,1074,Jara,Unknown,3,21,Chile,170,70,141,62,65,73,82,79,79,76,70,72,5
72,1207,Daei,Unknown,12,37,Iran,192,80,141,81,31,76,69,63,57,71,63,73,6
72,1481,Diaby,Unknown,7,20,France,188,78,29,65,58,81,74,79,70,70,58,60,4
72,1613,Timlin,Unknown,7,21,Ireland,176,73,45,62,65,76,78,75,72,72,66,65,4
72,1614,Chevalier,Unknown,12,19,France,179,78,115,71,34,72,73,74,70,72,65,64,5
72,1637,Amodio,Unknown,5,23,Uruguay,180,74,128,62,66,70,78,72,73,70,66,65,5
72,1780,Law,Unknown,7,18,England,178,73,77,63,63,75,78,74,72,70,65,65,3
72,1783,Montgomery,Unknown,7,24,Scotland,175,74,77,56,70,79,83,72,70,70,72,72,5
72,1927,Louvion,Unknown,3,19,France,185,77,107,60,63,74,78,74,74,73,65,66,4
72,1970,Franquart,Unknown,3,21,France,182,79,103,44,70,75,72,72,65,52,69,65,4
72,1972,Zywiecki,Unknown,3,22,France,183,74,103,57,67,76,75,73,72,70,66,70,4
72,2003,Yesso,Unknown,5,21,France,169,63,116,60,64,67,81,76,78,68,67,70,3
72,2187,F. Diawara,Unknown,3,26,Mali,183,71,43,55,68,75,76,78,76,76,63,62,4
72,2660,Bastrini,Unknown,3,19,Italy,186,78,125,50,69,77,76,74,73,66,64,64,4
72,2782,Vormer,Unknown,5,18,Netherlands,175,59,29,59,63,65,77,75,75,73,60,59,3
72,2801,van Dijk,Unknown,0,19,Netherlands,189,77,30,30,70,80,57,65,65,52,65,65,4
72,2808,Hofman,Unknown,10,20,Netherlands,180,66,36,67,35,75,72,74,72,72,65,59,3
72,2864,H. Drost,Unknown,3,19,Netherlands,183,78,4,55,68,75,76,70,72,70,63,64,4
72,2889,Hirayama,Unknown,12,21,Japan,190,87,131,74,38,81,75,67,63,74,70,71,5
72,2976,Remacle,Unknown,12,19,Belgium,174,65,129,70,40,63,72,75,76,74,63,61,4
72,2995,Bejas,Unknown,5,19,Netherlands,186,73,137,60,64,74,79,73,73,70,62,66,4
72,3014,Moreno Freire,Unknown,5,21,Netherlands,178,69,112,52,69,77,75,73,72,66,66,65,3
72,3265,Generelo,Unknown,5,24,Spain,182,80,123,67,68,77,77,74,71,71,70,67,5
72,3278,Serrano,Unknown,5,33,Spain,179,73,123,66,71,78,76,69,68,70,72,70,4
72,3293,Pablo,Unknown,12,19,Spain,179,71,130,71,32,72,73,73,70,72,60,56,3
72,3296,Merino,Unknown,3,36,Spain,176,74,130,54,78,73,69,68,66,73,78,76,5
72,3410,Rubén García,Unknown,5,24,Spain,173,71,139,61,64,67,83,74,73,67,68,74,4
72,3498,Jonathan,Unknown,12,19,Spain,178,75,100,69,30,66,74,75,73,71,65,62,3
72,3575,Jungr,Unknown,7,19,Czech Republic,177,73,141,63,61,76,76,74,72,68,65,64,4
72,3764,Vainqueur,Unknown,5,18,France,180,74,60,61,62,75,76,72,70,70,66,64,3
72,3783,Steven Lennon,Unknown,12,18,Scotland,170,67,9,70,33,70,72,77,76,70,66,65,5
72,4037,Casper,Unknown,4,23,Germany,181,79,98,53,71,76,70,76,69,73,72,74,4
72,4095,Kilkenny,Unknown,7,20,Australia,173,67,58,65,60,70,71,73,70,70,63,65,4
72,4387,Penalba,Unknown,7,22,Argentina,193,85,126,62,62,74,75,74,70,70,66,68,5
72,4409,Rutjes,Unknown,5,22,Netherlands,183,70,112,60,60,74,76,75,73,70,65,65,5
72,4410,H. Mulder,Unknown,5,19,Netherlands,180,76,129,64,62,75,77,73,71,70,65,66,4
72,4415,Valeny,Unknown,3,32,France,180,77,141,62,62,75,76,82,65,54,69,63,4
72,4423,Ordaz,Unknown,12,21,Spain,182,72,141,77,48,74,73,70,71,68,54,67,4
72,4429,Ruskin,Unknown,4,20,Scotland,170,64,141,67,58,60,85,80,78,62,58,59,4
72,4626,Renard,Unknown,7,19,France,176,69,141,71,56,65,69,70,71,76,83,81,4
72,4652,Kooistra,Unknown,5,19,Netherlands,173,68,141,55,68,77,75,69,74,66,78,63,4
72,4655,Van der Meer,Unknown,12,19,Netherlands,168,64,141,72,36,71,61,79,79,67,76,57,5
72,4659,Herrero,Unknown,7,19,Spain,178,75,141,61,69,68,84,66,69,71,84,75,6
72,4666,Sanz,Unknown,5,18,Spain,181,73,141,65,61,78,73,72,74,69,71,67,4
72,4683,O'Sullivan,Unknown,12,19,Ireland,188,89,141,78,38,76,71,64,70,75,72,66,6
72,4689,Alexeev,Unknown,8,18,Russia,176,72,141,67,56,61,78,76,80,58,83,57,4
72,4693,Franovic,Unknown,0,19,Serbia and Montenegro,180,77,141,33,73,70,51,62,63,51,83,76,4
72,4706,Khumalo,Unknown,12,19,South Africa,173,64,141,77,49,76,78,73,75,68,78,68,5
72,4728,Wang Mingwei,Unknown,0,18,China,176,70,141,33,72,71,58,65,72,48,80,56,5
72,4735,Oliver,Unknown,5,19,England,178,70,141,58,74,74,73,64,72,71,76,71,5
72,4767,Kim Myon U,Unknown,3,19,South Korea,180,73,141,31,78,76,77,61,60,56,87,71,5
72,4775,Celnili,Unknown,5,17,Italy,178,76,141,58,69,73,81,71,65,67,71,71,4
72,32932,Burmistrov,Unknown,12,17,Russia,184,78,28,67,42,72,75,75,74,72,64,65,4
71,895,Erassa,Unknown,9,23,Togo,190,75,141,62,66,81,78,72,70,66,66,66,4
71,1697,Longas,Unknown,9,22,Spain,175,63,118,66,55,75,74,72,70,67,66,66,4
71,1750,Cox,Unknown,12,19,England,178,69,72,69,47,72,78,74,73,74,64,69,3
71,2386,Politti,Unknown,3,19,Italy,180,74,116,60,70,68,75,74,74,65,68,69,4
71,2417,Musacci,Unknown,9,19,Italy,182,75,65,65,62,68,70,75,72,72,70,69,4
71,2630,Marsili,Unknown,5,19,Italy,180,80,79,58,63,70,77,74,73,70,60,60,3
71,2729,Claudio Vargas,Unknown,7,21,Paraguay,186,76,127,64,54,72,73,77,70,68,66,65,4
71,2795,van Dieren,Unknown,5,25,Netherlands,179,85,83,60,66,79,78,74,76,65,73,69,4
71,2913,Demir,Unknown,3,18,Turkey,180,67,136,64,60,73,78,75,75,73,64,66,3
71,3204,A. Barragan,Unknown,3,19,Spain,183,76,119,45,72,77,78,74,73,46,65,65,4
71,4377,Basham,Unknown,5,18,England,190,82,56,61,69,75,76,72,73,67,65,65,4
71,4392,Scholten,Unknown,7,18,Netherlands,185,76,124,63,62,75,78,75,71,70,64,62,4
71,4408,Stehling,Unknown,0,19,Germany,188,78,137,30,70,78,56,65,66,45,64,64,4
71,4616,Clement,Unknown,12,19,France,174,78,141,75,25,76,77,74,71,58,76,67,7
71,4633,Eckstein,Unknown,12,19,Germany,180,76,141,75,27,76,68,71,72,56,76,67,5
71,4639,Lindner,Unknown,0,19,Germany,188,88,141,34,71,70,43,67,67,51,75,69,4
71,4669,Weber,Unknown,8,19,Austria,177,72,141,70,55,67,73,70,68,71,62,71,4
71,4671,Mertens,Unknown,7,19,Belgium,182,73,141,67,58,70,72,64,73,73,66,63,4
71,4677,Jacobsen,Unknown,3,18,Denmark,180,82,141,38,78,79,74,71,71,72,82,82,4
71,4685,Jasinski,Unknown,3,19,Poland,173,71,141,36,71,78,75,65,71,70,70,64,4
71,4710,Cervantes,Unknown,7,19,Mexico,175,71,141,77,58,64,65,73,74,67,74,57,5
71,4723,Soares,Unknown,12,19,Brazil,178,76,141,71,40,63,64,83,81,72,71,59,4
71,4724,Cocio,Unknown,9,19,Chile,176,79,141,74,46,69,63,75,76,67,81,68,5
71,4747,Oscar,Unknown,9,19,Spain,187,88,141,71,67,77,67,71,67,79,78,78,5
71,4751,Gottwald,Unknown,8,19,Czech Republic,178,70,141,76,51,67,72,72,70,75,89,47,5
71,4753,Duffy,Unknown,5,19,Ireland,169,62,141,63,76,67,84,78,83,61,88,58,5
71,4778,Vornander,Unknown,3,17,Germany,190,83,141,52,85,86,58,64,71,61,72,73,4
70,570,Krajvcik,Unknown,7,28,Slovakia,183,81,141,64,59,64,73,75,70,73,61,66,3
70,1099,Aguilar,Unknown,5,21,Colombia,185,82,141,62,61,60,73,74,75,73,65,65,4
70,1237,Munari,Unknown,7,22,Italy,185,84,82,70,69,69,79,67,70,72,75,72,4
70,1647,Matthew Mills,Unknown,3,20,England,191,82,44,55,73,79,80,75,73,76,72,66,4
70,3971,Muamba,Unknown,7,18,England,188,80,58,62,62,73,70,72,68,70,65,65,4
70,4166,Gorelov,Unknown,5,21,Russia,184,78,123,58,62,73,74,73,72,67,65,60,4
70,4219,Özgen,Unknown,12,19,Turkey,186,77,98,70,35,70,70,71,70,70,66,65,4
70,4296,A. Beck,Unknown,3,19,Germany,180,70,49,59,61,69,80,80,70,71,70,79,5
70,4418,Dodo,Unknown,5,21,Italy,176,68,141,55,66,69,80,64,65,71,61,70,4
70,4434,Burchet,Unknown,10,29,Australia,178,69,141,78,36,66,58,90,74,58,67,66,4
70,4436,Huylens,Unknown,12,35,Netherlands,178,68,141,71,39,68,73,76,74,57,70,68,4
70,4606,Reeves,Unknown,5,18,England,180,82,141,67,71,66,75,65,68,73,76,71,4
70,4618,Ettori,Unknown,9,18,France,176,70,141,71,63,72,66,73,72,67,67,67,4
70,4624,Martel,Unknown,8,19,France,178,76,141,64,56,82,75,70,65,65,80,75,5
70,4673,Nikolov,Unknown,4,19,Bulgaria,174,75,141,50,64,72,74,67,72,72,67,64,4
70,4708,Chacon,Unknown,8,18,Costa Rica,176,68,141,75,68,76,63,64,77,77,76,41,4
70,4733,Boffa,Unknown,7,19,Australia,183,71,141,67,57,72,72,63,72,72,67,64,4
70,4755,Yegorov,Unknown,7,19,Russia,187,78,141,67,56,70,74,63,75,71,67,51,5
70,4776,Barota,Unknown,12,17,Spain,185,80,141,74,42,78,73,71,70,68,67,63,4
70,4783,Njorgo,Unknown,12,17,Norway,186,80,141,78,40,80,66,71,62,75,68,67,4
70,32921,Azcarate,Unknown,3,22,Argentina,190,80,20,63,68,67,73,75,73,70,68,68,4
69,2973,Van der Velden,Unknown,8,21,Netherlands,189,80,129,64,55,78,77,69,66,72,68,65,5
69,3983,Junglas,Unknown,7,17,Germany,187,80,98,56,63,77,73,70,69,67,65,64,4
69,4417,Stremer,Unknown,3,28,Sweden,185,77,141,48,73,77,70,70,70,59,66,61,4
69,4425,Lothar,Unknown,0,22,Austria,181,84,141,28,74,71,60,60,62,40,58,64,4
69,4426,Zamenhof,Unknown,0,32,Poland,185,78,141,33,76,77,65,45,50,38,60,57,4
69,4433,Fouque,Unknown,9,23,Germany,180,72,141,64,40,64,63,66,64,70,57,65,4
69,4435,Hamsun,Unknown,12,21,Norway,188,84,141,76,49,83,66,69,62,75,54,72,4
69,4613,Adam,Unknown,7,19,France,179,80,141,68,53,77,67,71,76,67,75,68,3
69,4630,Baumann,Unknown,3,19,Germany,183,84,141,52,69,77,56,71,66,50,67,64,4
69,4632,Dietrich,Unknown,5,19,Germany,185,78,141,65,60,79,70,67,73,57,60,66,7
69,4674,Bilic,Unknown,4,19,Croatia,184,78,141,68,73,71,75,63,71,71,67,66,4
69,4676,Siegl,Unknown,7,19,Czech Republic,176,72,141,66,57,72,76,66,72,71,68,80,4
69,4679,Delios,Unknown,3,19,Greece,168,60,141,31,81,78,67,61,69,71,82,77,4
69,4686,Andre,Unknown,4,19,Portugal,176,72,141,67,71,66,77,64,71,71,70,72,4
69,4687,Sousa,Unknown,7,19,Portugal,174,78,141,67,58,75,74,63,73,77,83,86,4
69,4750,Matic,Unknown,12,19,Croatia,203,90,141,73,34,87,75,63,61,53,69,68,5
69,4774,Dulic,Unknown,3,17,Serbia and Montenegro,179,74,141,32,80,73,59,69,62,65,66,68,4
69,4782,Ostwaut,Unknown,9,17,Germany,180,72,141,71,48,68,67,70,63,68,68,65,4
68,4609,Simpson,Unknown,5,19,England,175,70,141,59,71,77,68,65,72,60,68,63,4
68,4654,Van den Berg,Unknown,7,19,Netherlands,181,73,141,63,51,76,61,68,71,74,69,72,6
68,4737,Benon,Unknown,4,19,France,180,72,141,64,53,64,70,83,83,65,78,78,4
67,4416,Jaric,Unknown,3,20,Serbia and Montenegro,178,71,141,48,73,69,70,66,62,67,64,62,4
67,4428,Libermann,Unknown,3,24,Germany,194,87,141,37,74,80,58,60,59,59,69,60,4
67,4430,Giersen,Unknown,4,21,Denmark,178,68,141,55,70,68,67,70,71,80,61,72,4
67,4675,Bosnjak,Unknown,12,19,Croatia,188,85,141,68,26,76,60,59,63,65,61,60,4
67,4680,Ioannidis,Unknown,5,18,Greece,175,71,141,50,67,76,62,62,77,78,90,47,4
67,4752,Frederiksen,Unknown,4,19,Denmark,173,65,141,64,66,61,72,73,76,61,75,60,5
67,4771,Che Hyon Hon,Unknown,5,19,South Korea,180,82,141,41,65,76,78,68,73,62,76,67,5
66,4419,Iouga,Unknown,5,33,Romania,181,75,141,63,75,75,67,63,70,64,66,65,4
66,4427,Ceciu,Unknown,3,32,England,185,77,141,43,69,75,68,74,69,59,65,58,4
66,4431,Stein,Unknown,5,25,Ireland,168,64,141,55,72,77,80,64,70,58,89,60,4
66,4681,Szalai,Unknown,3,19,Hungary,182,74,141,45,75,72,66,63,71,62,67,70,6
66,4780,Nachdecal,Unknown,4,17,Denmark,176,73,141,57,69,68,57,69,71,75,65,64,4
66,4781,Harty,Unknown,5,17,Ireland,179,76,141,56,72,75,79,68,63,59,67,62,4
65,4682,Conwey,Unknown,3,18,Ireland,186,84,141,37,77,73,60,51,56,61,77,75,5
65,4684,Clarke,Unknown,5,19,Northern Ireland,179,80,141,52,63,70,71,62,67,86,60,86,6
64,2708,Quadri,Unknown,7,23,Italy,180,72,80,60,60,60,60,79,76,60,60,60,4
50,32770,<Edited 2>,Unknown,12,17,Free Nationality,175,70,141,50,50,50,50,50,50,50,50,50,4
50,32771,<Edited 3>,Unknown,12,17,Free Nationality,175,70,141,50,50,50,50,50,50,50,50,50,4
50,32772,<Edited 4>,Unknown,12,17,Free Nationality,175,70,141,50,50,50,50,50,50,50,50,50,4
50,32773,<Edited 5>,Unknown,12,17,Free Nationality,175,70,141,50,50,50,50,50,50,50,50,50,4
50,32774,<Edited 6>,Unknown,12,17,Free Nationality,175,70,141,50,50,50,50,50,50,50,50,50,4
50,32775,<Edited 7>,Unknown,12,17,Free Nationality,175,70,141,50,50,50,50,50,50,50,50,50,4
50,32776,<Edited 8>,Unknown,12,17,Free Nationality,175,70,141,50,50,50,50,50,50,50,50,50,4
50,32777,<Edited 9>,Unknown,12,17,Free Nationality,175,70,141,50,50,50,50,50,50,50,50,50,4
50,32778,<Edited 10>,Unknown,12,17,Free Nationality,175,70,141,50,50,50,50,50,50,50,50,50,4
50,32779,<Edited 11>,Unknown,12,17,Free Nationality,175,70,141,50,50,50,50,50,50,50,50,50,4
50,32780,<Edited 12>,Unknown,12,17,Free Nationality,175,70,141,50,50,50,50,50,50,50,50,50,4
50,32781,<Edited 13>,Unknown,12,17,Free Nationality,175,70,141,50,50,50,50,50,50,50,50,50,4
50,32782,<Edited 14>,Unknown,12,17,Free Nationality,175,70,141,50,50,50,50,50,50,50,50,50,4
50,32783,<Edited 15>,Unknown,12,17,Free Nationality,175,70,141,50,50,50,50,50,50,50,50,50,4
50,32784,<Edited 16>,Unknown,12,17,Free Nationality,175,70,141,50,50,50,50,50,50,50,50,50,4
50,32785,<Edited 17>,Unknown,12,17,Free Nationality,175,70,141,50,50,50,50,50,50,50,50,50,4
50,32786,<Edited 18>,Unknown,12,17,Free Nationality,175,70,141,50,50,50,50,50,50,50,50,50,4
50,32787,<Edited 19>,Unknown,12,17,Free Nationality,175,70,141,50,50,50,50,50,50,50,50,50,4
50,32788,<Edited 20>,Unknown,12,17,Free Nationality,175,70,141,50,50,50,50,50,50,50,50,50,4
50,32789,<Edited 21>,Unknown,12,17,Free Nationality,175,70,141,50,50,50,50,50,50,50,50,50,4
50,32790,<Edited 22>,Unknown,12,17,Free Nationality,175,70,141,50,50,50,50,50,50,50,50,50,4
50,32791,<Edited 23>,Unknown,12,17,Free Nationality,175,70,141,50,50,50,50,50,50,50,50,50,4
50,32792,<Edited 24>,Unknown,12,17,Free Nationality,175,70,141,50,50,50,50,50,50,50,50,50,4
50,32793,<Edited 25>,Unknown,12,17,Free Nationality,175,70,141,50,50,50,50,50,50,50,50,50,4
50,32794,<Edited 26>,Unknown,12,17,Free Nationality,175,70,141,50,50,50,50,50,50,50,50,50,4
50,32795,<Edited 27>,Unknown,12,17,Free Nationality,175,70,141,50,50,50,50,50,50,50,50,50,4
50,32796,<Edited 28>,Unknown,12,17,Free Nationality,175,70,141,50,50,50,50,50,50,50,50,50,4
50,32797,<Edited 29>,Unknown,12,17,Free Nationality,175,70,141,50,50,50,50,50,50,50,50,50,4
50,32798,<Edited 30>,Unknown,12,17,Free Nationality,175,70,141,50,50,50,50,50,50,50,50,50,4
50,32799,<Edited 31>,Unknown,12,17,Free Nationality,175,70,141,50,50,50,50,50,50,50,50,50,4
50,32800,<Edited 32>,Unknown,12,17,Free Nationality,175,70,141,50,50,50,50,50,50,50,50,50,4
50,32801,<Edited 33>,Unknown,12,17,Free Nationality,175,70,141,50,50,50,50,50,50,50,50,50,4
50,32802,<Edited 34>,Unknown,12,17,Free Nationality,175,70,141,50,50,50,50,50,50,50,50,50,4
50,32803,<Edited 35>,Unknown,12,17,Free Nationality,175,70,141,50,50,50,50,50,50,50,50,50,4
50,32804,<Edited 36>,Unknown,12,17,Free Nationality,175,70,141,50,50,50,50,50,50,50,50,50,4
50,32805,<Edited 37>,Unknown,12,17,Free Nationality,175,70,141,50,50,50,50,50,50,50,50,50,4
50,32806,<Edited 38>,Unknown,12,17,Free Nationality,175,70,141,50,50,50,50,50,50,50,50,50,4
50,32807,<Edited 39>,Unknown,12,17,Free Nationality,175,70,141,50,50,50,50,50,50,50,50,50,4
50,32808,<Edited 40>,Unknown,12,17,Free Nationality,175,70,141,50,50,50,50,50,50,50,50,50,4
50,32809,<Edited 41>,Unknown,12,17,Free Nationality,175,70,141,50,50,50,50,50,50,50,50,50,4
50,32810,<Edited 42>,Unknown,12,17,Free Nationality,175,70,141,50,50,50,50,50,50,50,50,50,4
50,32811,<Edited 43>,Unknown,12,17,Free Nationality,175,70,141,50,50,50,50,50,50,50,50,50,4
50,32812,<Edited 44>,Unknown,12,17,Free Nationality,175,70,141,50,50,50,50,50,50,50,50,50,4
50,32813,<Edited 45>,Unknown,12,17,Free Nationality,175,70,141,50,50,50,50,50,50,50,50,50,4
50,32814,<Edited 46>,Unknown,12,17,Free Nationality,175,70,141,50,50,50,50,50,50,50,50,50,4
50,32815,<Edited 47>,Unknown,12,17,Free Nationality,175,70,141,50,50,50,50,50,50,50,50,50,4
50,32816,<Edited 48>,Unknown,12,17,Free Nationality,175,70,141,50,50,50,50,50,50,50,50,50,4
50,32817,<Edited 49>,Unknown,12,17,Free Nationality,175,70,141,50,50,50,50,50,50,50,50,50,4
50,32818,<Edited 50>,Unknown,12,17,Free Nationality,175,70,141,50,50,50,50,50,50,50,50,50,4
50,32819,<Edited 51>,Unknown,12,17,Free Nationality,175,70,141,50,50,50,50,50,50,50,50,50,4
50,32820,<Edited 52>,Unknown,12,17,Free Nationality,175,70,141,50,50,50,50,50,50,50,50,50,4
50,32821,<Edited 53>,Unknown,12,17,Free Nationality,175,70,141,50,50,50,50,50,50,50,50,50,4
50,32822,<Edited 54>,Unknown,12,17,Free Nationality,175,70,141,50,50,50,50,50,50,50,50,50,4
50,32823,<Edited 55>,Unknown,12,17,Free Nationality,175,70,141,50,50,50,50,50,50,50,50,50,4
50,32824,<Edited 56>,Unknown,12,17,Free Nationality,175,70,141,50,50,50,50,50,50,50,50,50,4
50,32825,<Edited 57>,Unknown,12,17,Free Nationality,175,70,141,50,50,50,50,50,50,50,50,50,4
50,32826,<Edited 58>,Unknown,12,17,Free Nationality,175,70,141,50,50,50,50,50,50,50,50,50,4
50,32827,<Edited 59>,Unknown,12,17,Free Nationality,175,70,141,50,50,50,50,50,50,50,50,50,4
50,32828,<Edited 60>,Unknown,12,17,Free Nationality,175,70,141,50,50,50,50,50,50,50,50,50,4
50,32829,<Edited 61>,Unknown,12,17,Free Nationality,175,70,141,50,50,50,50,50,50,50,50,50,4
50,32830,<Edited 62>,Unknown,12,17,Free Nationality,175,70,141,50,50,50,50,50,50,50,50,50,4
50,32831,<Edited 63>,Unknown,12,17,Free Nationality,175,70,141,50,50,50,50,50,50,50,50,50,4
50,32832,<Edited 64>,Unknown,12,17,Free Nationality,175,70,141,50,50,50,50,50,50,50,50,50,4
50,32833,<Edited 65>,Unknown,12,17,Free Nationality,175,70,141,50,50,50,50,50,50,50,50,50,4
50,32834,<Edited 66>,Unknown,12,17,Free Nationality,175,70,141,50,50,50,50,50,50,50,50,50,4
50,32835,<Edited 67>,Unknown,12,17,Free Nationality,175,70,141,50,50,50,50,50,50,50,50,50,4
50,32836,<Edited 68>,Unknown,12,17,Free Nationality,175,70,141,50,50,50,50,50,50,50,50,50,4
50,32837,<Edited 69>,Unknown,12,17,Free Nationality,175,70,141,50,50,50,50,50,50,50,50,50,4
50,32838,<Edited 70>,Unknown,12,17,Free Nationality,175,70,141,50,50,50,50,50,50,50,50,50,4
50,32839,<Edited 71>,Unknown,12,17,Free Nationality,175,70,141,50,50,50,50,50,50,50,50,50,4
50,32840,<Edited 72>,Unknown,12,17,Free Nationality,175,70,141,50,50,50,50,50,50,50,50,50,4
50,32841,<Edited 73>,Unknown,12,17,Free Nationality,175,70,141,50,50,50,50,50,50,50,50,50,4
50,32842,<Edited 74>,Unknown,12,17,Free Nationality,175,70,141,50,50,50,50,50,50,50,50,50,4
50,32843,<Edited 75>,Unknown,12,17,Free Nationality,175,70,141,50,50,50,50,50,50,50,50,50,4
50,32844,<Edited 76>,Unknown,12,17,Free Nationality,175,70,141,50,50,50,50,50,50,50,50,50,4
50,32845,<Edited 77>,Unknown,12,17,Free Nationality,175,70,141,50,50,50,50,50,50,50,50,50,4
50,32846,<Edited 78>,Unknown,12,17,Free Nationality,175,70,141,50,50,50,50,50,50,50,50,50,4
50,32847,<Edited 79>,Unknown,12,17,Free Nationality,175,70,141,50,50,50,50,50,50,50,50,50,4
50,32848,<Edited 80>,Unknown,12,17,Free Nationality,175,70,141,50,50,50,50,50,50,50,50,50,4
50,32849,<Edited 81>,Unknown,12,17,Free Nationality,175,70,141,50,50,50,50,50,50,50,50,50,4
50,32850,<Edited 82>,Unknown,12,17,Free Nationality,175,70,141,50,50,50,50,50,50,50,50,50,4
50,32851,<Edited 83>,Unknown,12,17,Free Nationality,175,70,141,50,50,50,50,50,50,50,50,50,4
50,32852,<Edited 84>,Unknown,12,17,Free Nationality,175,70,141,50,50,50,50,50,50,50,50,50,4
50,32853,<Edited 85>,Unknown,12,17,Free Nationality,175,70,141,50,50,50,50,50,50,50,50,50,4
50,32854,<Edited 86>,Unknown,12,17,Free Nationality,175,70,141,50,50,50,50,50,50,50,50,50,4
50,32855,<Edited 87>,Unknown,12,17,Free Nationality,175,70,141,50,50,50,50,50,50,50,50,50,4
50,32856,<Edited 88>,Unknown,12,17,Free Nationality,175,70,141,50,50,50,50,50,50,50,50,50,4
50,32857,<Edited 89>,Unknown,12,17,Free Nationality,175,70,141,50,50,50,50,50,50,50,50,50,4
50,32858,<Edited 90>,Unknown,12,17,Free Nationality,175,70,141,50,50,50,50,50,50,50,50,50,4
50,32859,<Edited 91>,Unknown,12,17,Free Nationality,175,70,141,50,50,50,50,50,50,50,50,50,4
50,32860,<Edited 92>,Unknown,12,17,Free Nationality,175,70,141,50,50,50,50,50,50,50,50,50,4
50,32861,<Edited 93>,Unknown,12,17,Free Nationality,175,70,141,50,50,50,50,50,50,50,50,50,4
50,32862,<Edited 94>,Unknown,12,17,Free Nationality,175,70,141,50,50,50,50,50,50,50,50,50,4
50,32863,<Edited 95>,Unknown,12,17,Free Nationality,175,70,141,50,50,50,50,50,50,50,50,50,4
50,32864,<Edited 96>,Unknown,12,17,Free Nationality,175,70,141,50,50,50,50,50,50,50,50,50,4
50,32865,<Edited 97>,Unknown,12,17,Free Nationality,175,70,141,50,50,50,50,50,50,50,50,50,4
50,32866,<Edited 98>,Unknown,12,17,Free Nationality,175,70,141,50,50,50,50,50,50,50,50,50,4
50,32867,<Edited 99>,Unknown,12,17,Free Nationality,175,70,141,50,50,50,50,50,50,50,50,50,4
50,32868,<Edited 100>,Unknown,12,17,Free Nationality,175,70,141,50,50,50,50,50,50,50,50,50,4
50,32869,<Edited 101>,Unknown,12,17,Free Nationality,175,70,141,50,50,50,50,50,50,50,50,50,4
50,32870,<Edited 102>,Unknown,12,17,Free Nationality,175,70,141,50,50,50,50,50,50,50,50,50,4
50,32871,<Edited 103>,Unknown,12,17,Free Nationality,175,70,141,50,50,50,50,50,50,50,50,50,4
50,32872,<Edited 104>,Unknown,12,17,Free Nationality,175,70,141,50,50,50,50,50,50,50,50,50,4
50,32873,<Edited 105>,Unknown,12,17,Free Nationality,175,70,141,50,50,50,50,50,50,50,50,50,4
50,32874,<Edited 106>,Unknown,12,17,Free Nationality,175,70,141,50,50,50,50,50,50,50,50,50,4
50,32875,<Edited 107>,Unknown,12,17,Free Nationality,175,70,141,50,50,50,50,50,50,50,50,50,4
50,32876,<Edited 108>,Unknown,12,17,Free Nationality,175,70,141,50,50,50,50,50,50,50,50,50,4
50,32877,<Edited 109>,Unknown,12,17,Free Nationality,175,70,141,50,50,50,50,50,50,50,50,50,4
50,32878,<Edited 110>,Unknown,12,17,Free Nationality,175,70,141,50,50,50,50,50,50,50,50,50,4
50,32879,<Edited 111>,Unknown,12,17,Free Nationality,175,70,141,50,50,50,50,50,50,50,50,50,4
50,32880,<Edited 112>,Unknown,12,17,Free Nationality,175,70,141,50,50,50,50,50,50,50,50,50,4
50,32881,<Edited 113>,Unknown,12,17,Free Nationality,175,70,141,50,50,50,50,50,50,50,50,50,4
50,32882,<Edited 114>,Unknown,12,17,Free Nationality,175,70,141,50,50,50,50,50,50,50,50,50,4
50,32883,<Edited 115>,Unknown,12,17,Free Nationality,175,70,141,50,50,50,50,50,50,50,50,50,4
50,32884,<Edited 116>,Unknown,12,17,Free Nationality,175,70,141,50,50,50,50,50,50,50,50,50,4
50,32885,<Edited 117>,Unknown,12,17,Free Nationality,175,70,141,50,50,50,50,50,50,50,50,50,4
50,32886,<Edited 118>,Unknown,12,17,Free Nationality,175,70,141,50,50,50,50,50,50,50,50,50,4
50,32887,<Edited 119>,Unknown,12,17,Free Nationality,175,70,141,50,50,50,50,50,50,50,50,50,4
50,32888,<Edited 120>,Unknown,12,17,Free Nationality,175,70,141,50,50,50,50,50,50,50,50,50,4
50,32889,<Edited 121>,Unknown,12,17,Free Nationality,175,70,141,50,50,50,50,50,50,50,50,50,4
50,32890,<Edited 122>,Unknown,12,17,Free Nationality,175,70,141,50,50,50,50,50,50,50,50,50,4
50,32891,<Edited 123>,Unknown,12,17,Free Nationality,175,70,141,50,50,50,50,50,50,50,50,50,4
50,32892,<Edited 124>,Unknown,12,17,Free Nationality,175,70,141,50,50,50,50,50,50,50,50,50,4
50,32893,<Edited 125>,Unknown,12,17,Free Nationality,175,70,141,50,50,50,50,50,50,50,50,50,4
50,32894,<Edited 126>,Unknown,12,17,Free Nationality,175,70,141,50,50,50,50,50,50,50,50,50,4
50,32895,<Edited 127>,Unknown,12,17,Free Nationality,175,70,141,50,50,50,50,50,50,50,50,50,4
50,32896,<Edited 128>,Unknown,12,17,Free Nationality,175,70,141,50,50,50,50,50,50,50,50,50,4
50,32897,<Edited 129>,Unknown,12,17,Free Nationality,175,70,141,50,50,50,50,50,50,50,50,50,4
50,32898,<Edited 130>,Unknown,12,17,Free Nationality,175,70,141,50,50,50,50,50,50,50,50,50,4
50,32899,<Edited 131>,Unknown,12,17,Free Nationality,175,70,141,50,50,50,50,50,50,50,50,50,4
50,32900,<Edited 132>,Unknown,12,17,Free Nationality,175,70,141,50,50,50,50,50,50,50,50,50,4
50,32901,<Edited 133>,Unknown,12,17,Free Nationality,175,70,141,50,50,50,50,50,50,50,50,50,4
50,32902,<Edited 134>,Unknown,12,17,Free Nationality,175,70,141,50,50,50,50,50,50,50,50,50,4
50,32903,<Edited 135>,Unknown,12,17,Free Nationality,175,70,141,50,50,50,50,50,50,50,50,50,4
50,32904,<Edited 136>,Unknown,12,17,Free Nationality,175,70,141,50,50,50,50,50,50,50,50,50,4
50,32905,<Edited 137>,Unknown,12,17,Free Nationality,175,70,141,50,50,50,50,50,50,50,50,50,4
50,32906,<Edited 138>,Unknown,12,17,Free Nationality,175,70,141,50,50,50,50,50,50,50,50,50,4
50,32907,<Edited 139>,Unknown,12,17,Free Nationality,175,70,141,50,50,50,50,50,50,50,50,50,4
50,32908,<Edited 140>,Unknown,12,17,Free Nationality,175,70,141,50,50,50,50,50,50,50,50,50,4
50,32909,<Edited 141>,Unknown,12,17,Free Nationality,175,70,141,50,50,50,50,50,50,50,50,50,4
50,32910,<Edited 142>,Unknown,12,17,Free Nationality,175,70,141,50,50,50,50,50,50,50,50,50,4
50,32911,<Edited 143>,Unknown,12,17,Free Nationality,175,70,141,50,50,50,50,50,50,50,50,50,4
50,32912,<Edited 144>,Unknown,12,17,Free Nationality,175,70,141,50,50,50,50,50,50,50,50,50,4
50,32913,<Edited 145>,Unknown,12,17,Free Nationality,175,70,141,50,50,50,50,50,50,50,50,50,4
50,32914,<Edited 146>,Unknown,12,17,Free Nationality,175,70,141,50,50,50,50,50,50,50,50,50,4
50,32915,<Edited 147>,Unknown,12,17,Free Nationality,175,70,141,50,50,50,50,50,50,50,50,50,4
50,32916,<Edited 148>,Unknown,12,17,Free Nationality,175,70,141,50,50,50,50,50,50,50,50,50,4
50,32917,<Edited 149>,Unknown,12,17,Free Nationality,175,70,141,50,50,50,50,50,50,50,50,50,4
50,32918,<Edited 150>,Unknown,12,17,Free Nationality,175,70,141,50,50,50,50,50,50,50,50,50,4
50,32919,<Edited 151>,Unknown,12,17,Free Nationality,175,70,141,50,50,50,50,50,50,50,50,50,4
19,32768,<Edited 0>,Unknown,13,17,Free Nationality,175,70,141,50,50,50,50,50,50,50,50,50,4
19,32769,<Edited 1>,Unknown,13,17,Free Nationality,175,70,141,50,50,50,50,50,50,50,50,50,4
0,4784,<Unused 4784>,Unknown,0,15,Austria,148,0,141,0,0,0,0,0,0,0,0,0,1
0,4785,<Unused 4785>,Unknown,0,15,Austria,148,0,141,0,0,0,0,0,0,0,0,0,1
0,4786,<Unused 4786>,Unknown,0,15,Austria,148,0,141,0,0,0,0,0,0,0,0,0,1
0,4787,<Unused 4787>,Unknown,0,15,Austria,148,0,141,0,0,0,0,0,0,0,0,0,1
0,4788,<Unused 4788>,Unknown,0,15,Austria,148,0,141,0,0,0,0,0,0,0,0,0,1
0,4789,<Unused 4789>,Unknown,0,15,Austria,148,0,141,0,0,0,0,0,0,0,0,0,1
0,4790,<Unused 4790>,Unknown,0,15,Austria,148,0,141,0,0,0,0,0,0,0,0,0,1
0,4791,<Unused 4791>,Unknown,0,15,Austria,148,0,141,0,0,0,0,0,0,0,0,0,1
0,4792,<Unused 4792>,Unknown,0,15,Austria,148,0,141,0,0,0,0,0,0,0,0,0,1
0,4793,<Unused 4793>,Unknown,0,15,Austria,148,0,141,0,0,0,0,0,0,0,0,0,1
0,4794,<Unused 4794>,Unknown,0,15,Austria,148,0,141,0,0,0,0,0,0,0,0,0,1
0,4795,<Unused 4795>,Unknown,0,15,Austria,148,0,141,0,0,0,0,0,0,0,0,0,1
0,4796,<Unused 4796>,Unknown,0,15,Austria,148,0,141,0,0,0,0,0,0,0,0,0,1
0,4797,<Unused 4797>,Unknown,0,15,Austria,148,0,141,0,0,0,0,0,0,0,0,0,1
0,4798,<Unused 4798>,Unknown,0,15,Austria,148,0,141,0,0,0,0,0,0,0,0,0,1
0,4799,<Unused 4799>,Unknown,0,15,Austria,148,0,141,0,0,0,0,0,0,0,0,0,1
0,4800,<Unused 4800>,Unknown,0,15,Austria,148,0,141,0,0,0,0,0,0,0,0,0,1
0,4801,<Unused 4801>,Unknown,0,15,Austria,148,0,141,0,0,0,0,0,0,0,0,0,1
0,4802,<Unused 4802>,Unknown,0,15,Austria,148,0,141,0,0,0,0,0,0,0,0,0,1
0,4803,<Unused 4803>,Unknown,0,15,Austria,148,0,141,0,0,0,0,0,0,0,0,0,1
0,4804,<Unused 4804>,Unknown,0,15,Austria,148,0,141,0,0,0,0,0,0,0,0,0,1
0,4805,<Unused 4805>,Unknown,0,15,Austria,148,0,141,0,0,0,0,0,0,0,0,0,1
0,4806,<Unused 4806>,Unknown,0,15,Austria,148,0,141,0,0,0,0,0,0,0,0,0,1
0,4807,<Unused 4807>,Unknown,0,15,Austria,148,0,141,0,0,0,0,0,0,0,0,0,1
0,4808,<Unused 4808>,Unknown,0,15,Austria,148,0,141,0,0,0,0,0,0,0,0,0,1
0,4809,<Unused 4809>,Unknown,0,15,Austria,148,0,141,0,0,0,0,0,0,0,0,0,1
0,4810,<Unused 4810>,Unknown,0,15,Austria,148,0,141,0,0,0,0,0,0,0,0,0,1
0,4811,<Unused 4811>,Unknown,0,15,Austria,148,0,141,0,0,0,0,0,0,0,0,0,1
0,4812,<Unused 4812>,Unknown,0,15,Austria,148,0,141,0,0,0,0,0,0,0,0,0,1
0,4813,<Unused 4813>,Unknown,0,15,Austria,148,0,141,0,0,0,0,0,0,0,0,0,1
0,4814,<Unused 4814>,Unknown,0,15,Austria,148,0,141,0,0,0,0,0,0,0,0,0,1
0,4815,<Unused 4815>,Unknown,0,15,Austria,148,0,141,0,0,0,0,0,0,0,0,0,1
0,4816,<Unused 4816>,Unknown,0,15,Austria,148,0,141,0,0,0,0,0,0,0,0,0,1
0,4817,<Unused 4817>,Unknown,0,15,Austria,148,0,141,0,0,0,0,0,0,0,0,0,1
0,4818,<Unused 4818>,Unknown,0,15,Austria,148,0,141,0,0,0,0,0,0,0,0,0,1
0,4819,<Unused 4819>,Unknown,0,15,Austria,148,0,141,0,0,0,0,0,0,0,0,0,1
0,4820,<Unused 4820>,Unknown,0,15,Austria,148,0,141,0,0,0,0,0,0,0,0,0,1
0,4821,<Unused 4821>,Unknown,0,15,Austria,148,0,141,0,0,0,0,0,0,0,0,0,1
0,4822,<Unused 4822>,Unknown,0,15,Austria,148,0,141,0,0,0,0,0,0,0,0,0,1
0,4823,<Unused 4823>,Unknown,0,15,Austria,148,0,141,0,0,0,0,0,0,0,0,0,1
0,4824,<Unused 4824>,Unknown,0,15,Austria,148,0,141,0,0,0,0,0,0,0,0,0,1
0,4825,<Unused 4825>,Unknown,0,15,Austria,148,0,141,0,0,0,0,0,0,0,0,0,1
0,4826,<Unused 4826>,Unknown,0,15,Austria,148,0,141,0,0,0,0,0,0,0,0,0,1
0,4827,<Unused 4827>,Unknown,0,15,Austria,148,0,141,0,0,0,0,0,0,0,0,0,1
0,4828,<Unused 4828>,Unknown,0,15,Austria,148,0,141,0,0,0,0,0,0,0,0,0,1
0,4829,<Unused 4829>,Unknown,0,15,Austria,148,0,141,0,0,0,0,0,0,0,0,0,1
0,4830,<Unused 4830>,Unknown,0,15,Austria,148,0,141,0,0,0,0,0,0,0,0,0,1
0,4831,<Unused 4831>,Unknown,0,15,Austria,148,0,141,0,0,0,0,0,0,0,0,0,1
0,4832,<Unused 4832>,Unknown,0,15,Austria,148,0,141,0,0,0,0,0,0,0,0,0,1
0,4833,<Unused 4833>,Unknown,0,15,Austria,148,0,141,0,0,0,0,0,0,0,0,0,1
0,4834,<Unused 4834>,Unknown,0,15,Austria,148,0,141,0,0,0,0,0,0,0,0,0,1
0,4835,<Unused 4835>,Unknown,0,15,Austria,148,0,141,0,0,0,0,0,0,0,0,0,1
0,4836,<Unused 4836>,Unknown,0,15,Austria,148,0,141,0,0,0,0,0,0,0,0,0,1
0,4837,<Unused 4837>,Unknown,0,15,Austria,148,0,141,0,0,0,0,0,0,0,0,0,1
0,4838,<Unused 4838>,Unknown,0,15,Austria,148,0,141,0,0,0,0,0,0,0,0,0,1
0,4839,<Unused 4839>,Unknown,0,15,Austria,148,0,141,0,0,0,0,0,0,0,0,0,1
0,4840,<Unused 4840>,Unknown,0,15,Austria,148,0,141,0,0,0,0,0,0,0,0,0,1
0,4841,<Unused 4841>,Unknown,0,15,Austria,148,0,141,0,0,0,0,0,0,0,0,0,1
0,4842,<Unused 4842>,Unknown,0,15,Austria,148,0,141,0,0,0,0,0,0,0,0,0,1
0,4843,<Unused 4843>,Unknown,0,15,Austria,148,0,141,0,0,0,0,0,0,0,0,0,1
0,4844,<Unused 4844>,Unknown,0,15,Austria,148,0,141,0,0,0,0,0,0,0,0,0,1
0,4845,<Unused 4845>,Unknown,0,15,Austria,148,0,141,0,0,0,0,0,0,0,0,0,1
0,4846,<Unused 4846>,Unknown,0,15,Austria,148,0,141,0,0,0,0,0,0,0,0,0,1
0,4847,<Unused 4847>,Unknown,0,15,Austria,148,0,141,0,0,0,0,0,0,0,0,0,1
0,4848,<Unused 4848>,Unknown,0,15,Austria,148,0,141,0,0,0,0,0,0,0,0,0,1
0,4849,<Unused 4849>,Unknown,0,15,Austria,148,0,141,0,0,0,0,0,0,0,0,0,1
0,4850,<Unused 4850>,Unknown,0,15,Austria,148,0,141,0,0,0,0,0,0,0,0,0,1
0,4851,<Unused 4851>,Unknown,0,15,Austria,148,0,141,0,0,0,0,0,0,0,0,0,1
0,4852,<Unused 4852>,Unknown,0,15,Austria,148,0,141,0,0,0,0,0,0,0,0,0,1
0,4853,<Unused 4853>,Unknown,0,15,Austria,148,0,141,0,0,0,0,0,0,0,0,0,1
0,4854,<Unused 4854>,Unknown,0,15,Austria,148,0,141,0,0,0,0,0,0,0,0,0,1
0,4855,<Unused 4855>,Unknown,0,15,Austria,148,0,141,0,0,0,0,0,0,0,0,0,1
0,4856,<Unused 4856>,Unknown,0,15,Austria,148,0,141,0,0,0,0,0,0,0,0,0,1
0,4857,<Unused 4857>,Unknown,0,15,Austria,148,0,141,0,0,0,0,0,0,0,0,0,1
0,4858,<Unused 4858>,Unknown,0,15,Austria,148,0,141,0,0,0,0,0,0,0,0,0,1
0,4859,<Unused 4859>,Unknown,0,15,Austria,148,0,141,0,0,0,0,0,0,0,0,0,1
0,4860,<Unused 4860>,Unknown,0,15,Austria,148,0,141,0,0,0,0,0,0,0,0,0,1
0,4861,<Unused 4861>,Unknown,0,15,Austria,148,0,141,0,0,0,0,0,0,0,0,0,1
0,4862,<Unused 4862>,Unknown,0,15,Austria,148,0,141,0,0,0,0,0,0,0,0,0,1
0,4863,<Unused 4863>,Unknown,0,15,Austria,148,0,141,0,0,0,0,0,0,0,0,0,1
0,4864,<Unused 4864>,Unknown,0,15,Austria,148,0,141,0,0,0,0,0,0,0,0,0,1
0,4865,<Unused 4865>,Unknown,0,15,Austria,148,0,141,0,0,0,0,0,0,0,0,0,1
0,4866,<Unused 4866>,Unknown,0,15,Austria,148,0,141,0,0,0,0,0,0,0,0,0,1
0,4867,<Unused 4867>,Unknown,0,15,Austria,148,0,141,0,0,0,0,0,0,0,0,0,1
0,4868,<Unused 4868>,Unknown,0,15,Austria,148,0,141,0,0,0,0,0,0,0,0,0,1
0,4869,<Unused 4869>,Unknown,0,15,Austria,148,0,141,0,0,0,0,0,0,0,0,0,1
0,4870,<Unused 4870>,Unknown,0,15,Austria,148,0,141,0,0,0,0,0,0,0,0,0,1
0,4871,<Unused 4871>,Unknown,0,15,Austria,148,0,141,0,0,0,0,0,0,0,0,0,1
0,4872,<Unused 4872>,Unknown,0,15,Austria,148,0,141,0,0,0,0,0,0,0,0,0,1
0,4873,<Unused 4873>,Unknown,0,15,Austria,148,0,141,0,0,0,0,0,0,0,0,0,1
0,4874,<Unused 4874>,Unknown,0,15,Austria,148,0,141,0,0,0,0,0,0,0,0,0,1
0,4875,<Unused 4875>,Unknown,0,15,Austria,148,0,141,0,0,0,0,0,0,0,0,0,1
0,4876,<Unused 4876>,Unknown,0,15,Austria,148,0,141,0,0,0,0,0,0,0,0,0,1
0,4877,<Unused 4877>,Unknown,0,15,Austria,148,0,141,0,0,0,0,0,0,0,0,0,1
0,4878,<Unused 4878>,Unknown,0,15,Austria,148,0,141,0,0,0,0,0,0,0,0,0,1
0,4879,<Unused 4879>,Unknown,0,15,Austria,148,0,141,0,0,0,0,0,0,0,0,0,1
0,4880,<Unused 4880>,Unknown,0,15,Austria,148,0,141,0,0,0,0,0,0,0,0,0,1
0,4881,<Unused 4881>,Unknown,0,15,Austria,148,0,141,0,0,0,0,0,0,0,0,0,1
0,4882,<Unused 4882>,Unknown,0,15,Austria,148,0,141,0,0,0,0,0,0,0,0,0,1
0,4883,<Unused 4883>,Unknown,0,15,Austria,148,0,141,0,0,0,0,0,0,0,0,0,1
0,4884,<Unused 4884>,Unknown,0,15,Austria,148,0,141,0,0,0,0,0,0,0,0,0,1
0,4885,<Unused 4885>,Unknown,0,15,Austria,148,0,141,0,0,0,0,0,0,0,0,0,1
0,4886,<Unused 4886>,Unknown,0,15,Austria,148,0,141,0,0,0,0,0,0,0,0,0,1
0,4887,<Unused 4887>,Unknown,0,15,Austria,148,0,141,0,0,0,0,0,0,0,0,0,1
0,4888,<Unused 4888>,Unknown,0,15,Austria,148,0,141,0,0,0,0,0,0,0,0,0,1
0,4889,<Unused 4889>,Unknown,0,15,Austria,148,0,141,0,0,0,0,0,0,0,0,0,1
0,4890,<Unused 4890>,Unknown,0,15,Austria,148,0,141,0,0,0,0,0,0,0,0,0,1
0,4891,<Unused 4891>,Unknown,0,15,Austria,148,0,141,0,0,0,0,0,0,0,0,0,1
0,4892,<Unused 4892>,Unknown,0,15,Austria,148,0,141,0,0,0,0,0,0,0,0,0,1
0,4893,<Unused 4893>,Unknown,0,15,Austria,148,0,141,0,0,0,0,0,0,0,0,0,1
0,4894,<Unused 4894>,Unknown,0,15,Austria,148,0,141,0,0,0,0,0,0,0,0,0,1
0,4895,<Unused 4895>,Unknown,0,15,Austria,148,0,141,0,0,0,0,0,0,0,0,0,1
0,4896,<Unused 4896>,Unknown,0,15,Austria,148,0,141,0,0,0,0,0,0,0,0,0,1
0,4897,<Unused 4897>,Unknown,0,15,Austria,148,0,141,0,0,0,0,0,0,0,0,0,1
0,4898,<Unused 4898>,Unknown,0,15,Austria,148,0,141,0,0,0,0,0,0,0,0,0,1
0,4899,<Unused 4899>,Unknown,0,15,Austria,148,0,141,0,0,0,0,0,0,0,0,0,1
0,4900,<Unused 4900>,Unknown,0,15,Austria,148,0,141,0,0,0,0,0,0,0,0,0,1
0,4901,<Unused 4901>,Unknown,0,15,Austria,148,0,141,0,0,0,0,0,0,0,0,0,1
0,4902,<Unused 4902>,Unknown,0,15,Austria,148,0,141,0,0,0,0,0,0,0,0,0,1
0,4903,<Unused 4903>,Unknown,0,15,Austria,148,0,141,0,0,0,0,0,0,0,0,0,1
0,4904,<Unused 4904>,Unknown,0,15,Austria,148,0,141,0,0,0,0,0,0,0,0,0,1
0,4905,<Unused 4905>,Unknown,0,15,Austria,148,0,141,0,0,0,0,0,0,0,0,0,1
0,4906,<Unused 4906>,Unknown,0,15,Austria,148,0,141,0,0,0,0,0,0,0,0,0,1
0,4907,<Unused 4907>,Unknown,0,15,Austria,148,0,141,0,0,0,0,0,0,0,0,0,1
0,4908,<Unused 4908>,Unknown,0,15,Austria,148,0,141,0,0,0,0,0,0,0,0,0,1
0,4909,<Unused 4909>,Unknown,0,15,Austria,148,0,141,0,0,0,0,0,0,0,0,0,1
0,4910,<Unused 4910>,Unknown,0,15,Austria,148,0,141,0,0,0,0,0,0,0,0,0,1
0,4911,<Unused 4911>,Unknown,0,15,Austria,148,0,141,0,0,0,0,0,0,0,0,0,1
0,4912,<Unused 4912>,Unknown,0,15,Austria,148,0,141,0,0,0,0,0,0,0,0,0,1
0,4913,<Unused 4913>,Unknown,0,15,Austria,148,0,141,0,0,0,0,0,0,0,0,0,1
0,4914,<Unused 4914>,Unknown,0,15,Austria,148,0,141,0,0,0,0,0,0,0,0,0,1
0,4915,<Unused 4915>,Unknown,0,15,Austria,148,0,141,0,0,0,0,0,0,0,0,0,1
0,4916,<Unused 4916>,Unknown,0,15,Austria,148,0,141,0,0,0,0,0,0,0,0,0,1
0,4917,<Unused 4917>,Unknown,0,15,Austria,148,0,141,0,0,0,0,0,0,0,0,0,1
0,4918,<Unused 4918>,Unknown,0,15,Austria,148,0,141,0,0,0,0,0,0,0,0,0,1
0,4919,<Unused 4919>,Unknown,0,15,Austria,148,0,141,0,0,0,0,0,0,0,0,0,1
0,4920,<Unused 4920>,Unknown,0,15,Austria,148,0,141,0,0,0,0,0,0,0,0,0,1
0,4921,<Unused 4921>,Unknown,0,15,Austria,148,0,141,0,0,0,0,0,0,0,0,0,1
0,4922,<Unused 4922>,Unknown,0,15,Austria,148,0,141,0,0,0,0,0,0,0,0,0,1
0,4923,<Unused 4923>,Unknown,0,15,Austria,148,0,141,0,0,0,0,0,0,0,0,0,1
0,4924,<Unused 4924>,Unknown,0,15,Austria,148,0,141,0,0,0,0,0,0,0,0,0,1
0,4925,<Unused 4925>,Unknown,0,15,Austria,148,0,141,0,0,0,0,0,0,0,0,0,1
0,4926,<Unused 4926>,Unknown,0,15,Austria,148,0,141,0,0,0,0,0,0,0,0,0,1
0,4927,<Unused 4927>,Unknown,0,15,Austria,148,0,141,0,0,0,0,0,0,0,0,0,1
0,4928,<Unused 4928>,Unknown,0,15,Austria,148,0,141,0,0,0,0,0,0,0,0,0,1
0,4929,<Unused 4929>,Unknown,0,15,Austria,148,0,141,0,0,0,0,0,0,0,0,0,1
0,4930,<Unused 4930>,Unknown,0,15,Austria,148,0,141,0,0,0,0,0,0,0,0,0,1
0,4931,<Unused 4931>,Unknown,0,15,Austria,148,0,141,0,0,0,0,0,0,0,0,0,1
0,4932,<Unused 4932>,Unknown,0,15,Austria,148,0,141,0,0,0,0,0,0,0,0,0,1
0,4933,<Unused 4933>,Unknown,0,15,Austria,148,0,141,0,0,0,0,0,0,0,0,0,1
0,4934,<Unused 4934>,Unknown,0,15,Austria,148,0,141,0,0,0,0,0,0,0,0,0,1
0,4935,<Unused 4935>,Unknown,0,15,Austria,148,0,141,0,0,0,0,0,0,0,0,0,1
0,4936,<Unused 4936>,Unknown,0,15,Austria,148,0,141,0,0,0,0,0,0,0,0,0,1
0,4937,<Unused 4937>,Unknown,0,15,Austria,148,0,141,0,0,0,0,0,0,0,0,0,1
0,4938,<Unused 4938>,Unknown,0,15,Austria,148,0,141,0,0,0,0,0,0,0,0,0,1
0,4939,<Unused 4939>,Unknown,0,15,Austria,148,0,141,0,0,0,0,0,0,0,0,0,1
0,4940,<Unused 4940>,Unknown,0,15,Austria,148,0,141,0,0,0,0,0,0,0,0,0,1
0,4941,<Unused 4941>,Unknown,0,15,Austria,148,0,141,0,0,0,0,0,0,0,0,0,1
0,4942,<Unused 4942>,Unknown,0,15,Austria,148,0,141,0,0,0,0,0,0,0,0,0,1
0,4943,<Unused 4943>,Unknown,0,15,Austria,148,0,141,0,0,0,0,0,0,0,0,0,1
0,4944,<Unused 4944>,Unknown,0,15,Austria,148,0,141,0,0,0,0,0,0,0,0,0,1
0,4945,<Unused 4945>,Unknown,0,15,Austria,148,0,141,0,0,0,0,0,0,0,0,0,1
0,4946,<Unused 4946>,Unknown,0,15,Austria,148,0,141,0,0,0,0,0,0,0,0,0,1
0,4947,<Unused 4947>,Unknown,0,15,Austria,148,0,141,0,0,0,0,0,0,0,0,0,1
0,4948,<Unused 4948>,Unknown,0,15,Austria,148,0,141,0,0,0,0,0,0,0,0,0,1
0,4949,<Unused 4949>,Unknown,0,15,Austria,148,0,141,0,0,0,0,0,0,0,0,0,1
0,4950,<Unused 4950>,Unknown,0,15,Austria,148,0,141,0,0,0,0,0,0,0,0,0,1
0,4951,<Unused 4951>,Unknown,0,15,Austria,148,0,141,0,0,0,0,0,0,0,0,0,1
0,4952,<Unused 4952>,Unknown,0,15,Austria,148,0,141,0,0,0,0,0,0,0,0,0,1
0,4953,<Unused 4953>,Unknown,0,15,Austria,148,0,141,0,0,0,0,0,0,0,0,0,1
0,4954,<Unused 4954>,Unknown,0,15,Austria,148,0,141,0,0,0,0,0,0,0,0,0,1
0,4955,<Unused 4955>,Unknown,0,15,Austria,148,0,141,0,0,0,0,0,0,0,0,0,1
0,4956,<Unused 4956>,Unknown,0,15,Austria,148,0,141,0,0,0,0,0,0,0,0,0,1
0,4957,<Unused 4957>,Unknown,0,15,Austria,148,0,141,0,0,0,0,0,0,0,0,0,1
0,4958,<Unused 4958>,Unknown,0,15,Austria,148,0,141,0,0,0,0,0,0,0,0,0,1
0,4959,<Unused 4959>,Unknown,0,15,Austria,148,0,141,0,0,0,0,0,0,0,0,0,1
0,4960,<Unused 4960>,Unknown,0,15,Austria,148,0,141,0,0,0,0,0,0,0,0,0,1
0,4961,<Unused 4961>,Unknown,0,15,Austria,148,0,141,0,0,0,0,0,0,0,0,0,1
0,4962,<Unused 4962>,Unknown,0,15,Austria,148,0,141,0,0,0,0,0,0,0,0,0,1
0,4963,<Unused 4963>,Unknown,0,15,Austria,148,0,141,0,0,0,0,0,0,0,0,0,1
0,4964,<Unused 4964>,Unknown,0,15,Austria,148,0,141,0,0,0,0,0,0,0,0,0,1
0,4965,<Unused 4965>,Unknown,0,15,Austria,148,0,141,0,0,0,0,0,0,0,0,0,1
0,4966,<Unused 4966>,Unknown,0,15,Austria,148,0,141,0,0,0,0,0,0,0,0,0,1
0,4967,<Unused 4967>,Unknown,0,15,Austria,148,0,141,0,0,0,0,0,0,0,0,0,1
0,4968,<Unused 4968>,Unknown,0,15,Austria,148,0,141,0,0,0,0,0,0,0,0,0,1
0,4969,<Unused 4969>,Unknown,0,15,Austria,148,0,141,0,0,0,0,0,0,0,0,0,1
0,4970,<Unused 4970>,Unknown,0,15,Austria,148,0,141,0,0,0,0,0,0,0,0,0,1
0,4971,<Unused 4971>,Unknown,0,15,Austria,148,0,141,0,0,0,0,0,0,0,0,0,1
0,4972,<Unused 4972>,Unknown,0,15,Austria,148,0,141,0,0,0,0,0,0,0,0,0,1
0,4973,<Unused 4973>,Unknown,0,15,Austria,148,0,141,0,0,0,0,0,0,0,0,0,1
0,4974,<Unused 4974>,Unknown,0,15,Austria,148,0,141,0,0,0,0,0,0,0,0,0,1
0,4975,<Unused 4975>,Unknown,0,15,Austria,148,0,141,0,0,0,0,0,0,0,0,0,1
0,4976,<Unused 4976>,Unknown,0,15,Austria,148,0,141,0,0,0,0,0,0,0,0,0,1
0,4977,<Unused 4977>,Unknown,0,15,Austria,148,0,141,0,0,0,0,0,0,0,0,0,1
0,4978,<Unused 4978>,Unknown,0,15,Austria,148,0,141,0,0,0,0,0,0,0,0,0,1
0,4979,<Unused 4979>,Unknown,0,15,Austria,148,0,141,0,0,0,0,0,0,0,0,0,1
0,4980,<Unused 4980>,Unknown,0,15,Austria,148,0,141,0,0,0,0,0,0,0,0,0,1
0,4981,<Unused 4981>,Unknown,0,15,Austria,148,0,141,0,0,0,0,0,0,0,0,0,1
0,4982,<Unused 4982>,Unknown,0,15,Austria,148,0,141,0,0,0,0,0,0,0,0,0,1
0,4983,<Unused 4983>,Unknown,0,15,Austria,148,0,141,0,0,0,0,0,0,0,0,0,1
0,4984,<Unused 4984>,Unknown,0,15,Austria,148,0,141,0,0,0,0,0,0,0,0,0,1
0,4985,<Unused 4985>,Unknown,0,15,Austria,148,0,141,0,0,0,0,0,0,0,0,0,1
0,4986,<Unused 4986>,Unknown,0,15,Austria,148,0,141,0,0,0,0,0,0,0,0,0,1
0,4987,<Unused 4987>,Unknown,0,15,Austria,148,0,141,0,0,0,0,0,0,0,0,0,1
0,4988,<Unused 4988>,Unknown,0,15,Austria,148,0,141,0,0,0,0,0,0,0,0,0,1
0,4989,<Unused 4989>,Unknown,0,15,Austria,148,0,141,0,0,0,0,0,0,0,0,0,1
0,4990,<Unused 4990>,Unknown,0,15,Austria,148,0,141,0,0,0,0,0,0,0,0,0,1
0,4991,<Unused 4991>,Unknown,0,15,Austria,148,0,141,0,0,0,0,0,0,0,0,0,1
0,4992,<Unused 4992>,Unknown,0,15,Austria,148,0,141,0,0,0,0,0,0,0,0,0,1
0,4993,<Unused 4993>,Unknown,0,15,Austria,148,0,141,0,0,0,0,0,0,0,0,0,1
0,4994,<Unused 4994>,Unknown,0,15,Austria,148,0,141,0,0,0,0,0,0,0,0,0,1
0,4995,<Unused 4995>,Unknown,0,15,Austria,148,0,141,0,0,0,0,0,0,0,0,0,1
0,4996,<Unused 4996>,Unknown,0,15,Austria,148,0,141,0,0,0,0,0,0,0,0,0,1
0,4997,<Unused 4997>,Unknown,0,15,Austria,148,0,141,0,0,0,0,0,0,0,0,0,1
0,4998,<Unused 4998>,Unknown,0,15,Austria,148,0,141,0,0,0,0,0,0,0,0,0,1
0,4999,<Unused 4999>,Unknown,0,15,Austria,148,0,141,0,0,0,0,0,0,0,0,0,1
