scenario,run_id,seed_player_id,season,age,games,goals,assists,weighted_overall,avg_skill,total_skill_change,final_multiplier,profile_name,trait_name,skill_attack,skill_defense,skill_balance,skill_stamina,skill_top_speed,skill_acceleration,skill_response,skill_agility,skill_dribble_accuracy,skill_dribble_speed,skill_short_pass_accuracy,skill_short_pass_speed,skill_long_pass_accuracy,skill_long_pass_speed,skill_shot_accuracy,skill_shot_power,skill_shot_technique,skill_free_kick_accuracy,skill_swerve,skill_heading,skill_jump,skill_technique,skill_aggression,skill_mentality,skill_goal_keeping,skill_team_work
zero,1,3226,19,19,0,0,0,68.087,66.885,25,1.9683,unknown,regular,69,28,56,62,64,62,58,65,79,64,87,75,88,78,72,67,62,78,82,56,59,86,69,58,41,74
low,2,3226,19,19,12,1,1,63.087,61.885,25,0.6829,unknown,regular,64,23,51,57,59,57,53,60,74,59,82,70,83,73,67,62,57,73,77,51,54,81,64,53,36,69
medium,3,3226,19,19,26,6,5,63.753,62.462,66,3.9552,unknown,regular,64,23,52,58,60,58,54,61,75,60,83,71,84,74,67,63,57,73,77,51,55,82,64,53,35,70
great,4,3226,17,17,35,15,15,64.629,63.346,63,4.1302,unknown,regular,65,24,52,59,61,59,54,62,76,61,84,71,85,75,68,64,58,74,78,52,56,83,65,55,36,70
starter,5,3226,17,17,34,2,4,66.087,64.885,25,1.5826,unknown,regular,67,26,54,60,62,60,56,63,77,62,85,73,86,76,70,65,60,76,80,54,57,84,67,56,39,72
bench,6,3226,19,19,8,0,0,65.259,64.038,29,2.3817,unknown,regular,66,25,54,60,61,59,55,62,76,61,84,72,85,75,69,65,59,75,79,53,57,83,66,55,38,71
zero,7,3226,17,17,0,0,0,63.868,62.615,44,2.3943,unknown,regular,64,23,52,58,60,58,54,61,75,60,83,71,84,74,67,63,57,73,77,52,55,82,65,54,36,70
low,8,3226,18,18,12,1,1,68.016,66.769,48,3.4976,unknown,regular,69,27,56,62,64,62,58,65,79,64,87,75,88,78,72,67,62,77,82,56,59,86,69,58,40,74
medium,9,3226,19,19,26,6,5,69.132,67.923,26,3.3412,unknown,regular,70,29,57,64,65,63,59,66,80,65,88,76,89,79,73,68,63,79,83,57,60,87,70,59,42,75
great,10,3226,17,17,35,15,15,68.26,67.0,54,5.2774,unknown,regular,69,28,56,63,64,63,58,65,79,64,87,75,88,78,72,68,62,78,82,56,59,87,69,58,40,74
starter,11,3226,19,19,34,2,4,64.32,63.115,31,2.0004,unknown,sharpie,65,24,52,58,60,58,54,61,75,60,83,71,84,74,69,65,60,75,78,52,55,82,65,54,37,70
bench,12,3226,19,19,8,0,0,63.259,62.0,54,3.5981,unknown,regular,64,23,52,58,59,57,53,60,74,59,82,70,83,73,67,63,57,73,77,51,54,82,64,53,35,69
zero,13,3226,17,17,0,0,0,66.087,64.885,25,0.5672,unknown,regular,67,26,54,60,62,60,56,63,77,62,85,73,86,76,70,65,60,76,80,54,57,84,67,56,39,72
low,14,3226,18,18,12,1,1,66.218,65.0,28,2.4858,unknown,regular,67,26,54,61,63,60,56,63,77,62,85,73,86,76,70,66,60,76,80,54,57,84,67,56,39,72
medium,15,3226,18,18,26,6,5,67.087,65.885,25,0.9152,unknown,regular,68,27,55,61,63,61,57,64,78,63,86,74,87,77,71,66,61,77,81,55,58,85,68,57,40,73
great,16,3226,17,17,35,15,15,63.552,62.308,36,2.0843,unknown,regular,64,23,52,58,60,58,53,61,75,59,83,70,84,73,67,63,57,73,77,51,55,82,64,53,36,69
starter,17,3226,18,18,34,2,4,67.114,65.885,51,3.6413,unknown,sharpie,68,27,54,60,62,60,57,64,78,63,86,74,87,77,72,69,62,78,81,55,57,85,68,57,39,73
bench,18,3226,17,17,8,0,0,66.363,65.154,32,2.4929,unknown,sharpie,67,26,54,60,62,60,56,63,77,62,85,73,86,76,72,68,61,77,80,54,57,84,67,56,39,72
zero,19,3226,17,17,0,0,0,67.087,65.885,25,0.9333,unknown,regular,68,27,55,61,63,61,57,64,78,63,86,74,87,77,71,66,61,77,81,55,58,85,68,57,40,73
low,20,3226,18,18,12,1,1,69.468,68.231,34,3.6541,unknown,regular,70,29,58,64,66,63,59,67,80,65,89,76,90,79,73,69,63,79,83,57,61,88,70,59,42,75
medium,21,3226,17,17,26,6,5,70.979,69.692,72,7.9878,unknown,regular,72,30,59,65,67,65,61,68,82,67,90,78,91,81,74,70,65,80,85,59,62,89,72,61,42,77
great,22,3226,19,19,35,15,15,69.174,67.923,52,5.733,unknown,regular,70,29,57,64,65,63,59,66,80,65,88,76,89,79,73,68,63,79,83,57,60,88,70,59,41,75
starter,23,3226,17,17,34,2,4,66.83,65.538,68,5.1369,unknown,regular,67,26,55,61,63,61,57,64,78,63,86,74,87,77,70,66,60,76,80,54,58,85,68,57,38,73
bench,24,3226,18,18,8,0,0,68.087,66.885,25,1.3123,regular,regular,69,28,56,62,64,62,58,65,79,64,87,75,88,78,72,67,62,78,82,56,59,86,69,58,41,74
zero,25,3226,18,18,0,0,0,64.302,63.038,55,3.8483,unknown,regular,65,24,52,59,61,59,54,61,75,60,83,71,84,74,68,64,58,74,78,52,55,83,65,54,36,70
low,26,3226,19,19,12,1,1,65.087,63.846,50,3.4417,unknown,regular,66,25,53,59,61,59,55,62,76,61,84,72,85,75,69,64,59,75,79,53,56,83,66,55,37,71
medium,27,3226,18,18,26,6,5,69.301,68.0,80,8.0552,unknown,regular,70,29,58,64,66,63,59,66,80,65,89,76,89,79,73,69,63,79,83,57,60,87,70,59,40,75
great,28,3226,19,19,35,15,15,68.016,66.769,48,3.5302,unknown,regular,69,27,56,62,64,62,58,65,79,64,87,75,88,78,72,67,62,77,82,56,59,86,69,58,40,74
starter,29,3226,17,17,34,2,4,64.672,63.346,89,5.7459,unknown,regular,65,24,53,59,61,59,54,62,76,60,84,72,85,75,68,64,58,74,78,52,56,83,65,54,35,71
bench,30,3226,18,18,8,0,0,67.087,65.846,50,3.865,unknown,regular,68,27,55,61,63,61,57,64,78,63,86,74,87,77,71,66,61,77,81,55,58,85,68,57,39,73
zero,31,3226,17,17,0,0,0,62.087,60.885,25,0.789,unknown,regular,63,22,50,56,58,56,52,59,73,58,81,69,82,72,66,61,56,72,76,50,53,80,63,52,35,68
low,32,3226,18,18,12,1,1,64.087,62.885,25,1.0468,unknown,regular,65,24,52,58,60,58,54,61,75,60,83,71,84,74,68,63,58,74,78,52,55,82,65,54,37,70
medium,33,3226,18,18,26,6,5,66.743,65.423,117,7.7118,unknown,sharpie,67,26,53,59,61,59,56,64,77,62,85,73,87,76,74,73,64,80,80,54,56,84,67,56,36,72
great,34,3226,18,18,35,15,15,68.016,66.731,73,6.0329,unknown,regular,69,27,56,62,64,62,58,65,79,64,87,75,88,78,72,67,62,77,82,56,59,86,69,58,39,74
starter,35,3226,19,19,34,2,4,65.176,63.885,77,5.4467,unknown,regular,66,25,53,60,61,59,55,62,76,61,84,72,85,75,69,65,59,75,79,53,56,83,66,55,36,71
bench,36,3226,18,18,8,0,0,66.087,64.885,25,0.8385,unknown,regular,67,26,54,60,62,60,56,63,77,62,85,73,86,76,70,65,60,76,80,54,57,84,67,56,39,72
zero,37,3226,17,17,0,0,0,62.087,60.885,25,1.3276,unknown,regular,63,22,50,56,58,56,52,59,73,58,81,69,82,72,66,61,56,72,76,50,53,80,63,52,35,68
low,38,3226,19,19,12,1,1,66.087,64.885,25,0.9695,unknown,regular,67,26,54,60,62,60,56,63,77,62,85,73,86,76,70,65,60,76,80,54,57,84,67,56,39,72
medium,39,3226,19,19,26,6,5,64.087,62.885,25,1.1286,unknown,regular,65,24,52,58,60,58,54,61,75,60,83,71,84,74,68,63,58,74,78,52,55,82,65,54,37,70
great,40,3226,19,19,35,15,15,63.753,62.462,66,3.9865,unknown,regular,64,23,52,58,60,58,54,61,75,60,83,71,84,74,67,63,57,73,77,51,55,82,64,53,35,70
starter,41,3226,18,18,34,2,4,66.342,65.077,56,4.4949,unknown,regular,67,26,54,61,62,61,56,64,78,62,85,73,86,76,70,66,60,76,80,54,58,84,67,56,38,72
bench,42,3226,17,17,8,0,0,68.132,66.923,26,2.8802,unknown,regular,69,28,56,63,64,62,58,65,79,64,87,75,88,78,72,67,62,78,82,56,59,86,69,58,41,74
zero,43,3226,18,18,0,0,0,66.087,64.885,25,1.9472,unknown,regular,67,26,54,60,62,60,56,63,77,62,85,73,86,76,70,65,60,76,80,54,57,84,67,56,39,72
low,44,3226,19,19,12,1,1,64.943,63.731,21,0.429,decliner,regular,66,24,53,59,61,59,55,62,76,61,84,72,85,75,68,64,59,74,78,53,56,83,66,55,38,71
medium,45,3226,17,17,26,6,5,69.24,68.038,29,1.9276,unknown,sharpie,70,29,57,63,65,63,59,66,80,65,88,76,89,79,74,69,64,80,83,57,60,87,70,59,42,75
great,46,3226,18,18,35,15,15,64.4,63.038,81,3.9503,unknown,genetic_freak,64,23,56,63,63,61,53,61,75,59,83,71,84,74,67,62,57,73,77,51,58,82,64,53,35,70
starter,47,3226,17,17,34,2,4,63.087,61.885,25,0.895,unknown,regular,64,23,51,57,59,57,53,60,74,59,82,70,83,73,67,62,57,73,77,51,54,81,64,53,36,69
bench,48,3226,19,19,8,0,0,68.217,67.0,28,3.1021,unknown,regular,69,28,56,63,64,62,58,65,79,64,88,75,88,78,72,68,62,78,82,56,59,86,69,58,41,74
zero,49,3226,18,18,0,0,0,66.087,64.846,50,3.2955,unknown,regular,67,26,54,60,62,60,56,63,77,62,85,73,86,76,70,65,60,76,80,54,57,84,67,56,38,72
low,50,3226,18,18,12,1,1,67.176,65.962,27,2.6309,unknown,regular,68,27,55,62,63,61,57,64,78,63,86,74,87,77,71,67,61,77,81,55,58,85,68,57,40,73
medium,51,3226,18,18,26,6,5,70.015,68.731,73,7.3151,unknown,regular,71,29,58,64,66,64,60,67,81,66,89,77,90,80,74,69,64,80,83,58,61,88,71,60,41,76
great,52,3226,19,19,35,15,15,69.978,68.731,47,4.3745,unknown,regular,71,29,58,64,66,64,60,67,81,66,89,77,90,80,73,69,63,80,84,58,61,88,71,60,42,76
starter,53,3226,18,18,34,2,4,64.087,62.846,50,2.6629,unknown,regular,65,24,52,58,60,58,54,61,75,60,83,71,84,74,68,63,58,74,78,52,55,82,65,54,36,70
bench,54,3226,18,18,8,0,0,65.087,63.885,25,0.5774,unknown,regular,66,25,53,59,61,59,55,62,76,61,84,72,85,75,69,64,59,75,79,53,56,83,66,55,38,71
zero,55,3226,17,17,0,0,0,66.087,64.885,25,1.2713,unknown,regular,67,26,54,60,62,60,56,63,77,62,85,73,86,76,70,65,60,76,80,54,57,84,67,56,39,72
low,56,3226,19,19,12,1,1,69.087,67.885,25,2.3613,unknown,regular,70,29,57,63,65,63,59,66,80,65,88,76,89,79,73,68,63,79,83,57,60,87,70,59,42,75
medium,57,3226,18,18,26,6,5,63.051,61.808,49,2.3892,unknown,regular,64,23,51,57,59,57,53,60,74,59,82,70,83,73,67,62,57,72,77,51,54,81,64,53,35,69
great,58,3226,19,19,35,15,15,66.087,64.846,50,3.9328,unknown,regular,67,26,54,60,62,60,56,63,77,62,85,73,86,76,70,65,60,76,80,54,57,84,67,56,38,72
starter,59,3226,18,18,34,2,4,66.087,64.885,25,2.0118,regular,regular,67,26,54,60,62,60,56,63,77,62,85,73,86,76,70,65,60,76,80,54,57,84,67,56,39,72
bench,60,3226,18,18,8,0,0,63.087,61.885,25,0.555,decliner,regular,64,23,51,57,59,57,53,60,74,59,82,70,83,73,67,62,57,73,77,51,54,81,64,53,36,69
zero,61,3226,18,18,0,0,0,69.087,67.885,25,0.9791,unknown,regular,70,29,57,63,65,63,59,66,80,65,88,76,89,79,73,68,63,79,83,57,60,87,70,59,42,75
low,62,3226,19,19,12,1,1,63.176,61.962,27,2.0116,early_peak,regular,64,23,51,58,59,57,53,60,74,59,82,70,83,73,67,63,57,73,77,51,54,81,64,53,36,69
medium,63,3226,17,17,26,6,5,70.176,68.885,77,8.444,unknown,regular,71,30,58,65,66,64,60,67,81,66,89,77,90,80,74,70,64,80,84,58,61,88,71,60,41,76
great,64,3226,18,18,35,15,15,68.132,66.885,51,4.9761,unknown,regular,69,28,56,63,64,62,58,65,79,64,87,75,88,78,72,67,62,78,82,56,59,86,69,58,40,74
starter,65,3226,19,19,34,2,4,69.087,67.885,25,2.2159,unknown,regular,70,29,57,63,65,63,59,66,80,65,88,76,89,79,73,68,63,79,83,57,60,87,70,59,42,75
bench,66,3226,17,17,8,0,0,63.087,61.885,25,1.1688,unknown,regular,64,23,51,57,59,57,53,60,74,59,82,70,83,73,67,62,57,73,77,51,54,81,64,53,36,69
zero,67,3226,19,19,0,0,0,62.087,60.885,25,0.708,unknown,regular,63,22,50,56,58,56,52,59,73,58,81,69,82,72,66,61,56,72,76,50,53,80,63,52,35,68
low,68,3226,17,17,12,1,1,65.087,63.846,50,3.445,unknown,regular,66,25,53,59,61,59,55,62,76,61,84,72,85,75,69,64,59,75,79,53,56,83,66,55,37,71
medium,69,3226,18,18,26,6,5,66.713,65.423,65,4.8307,unknown,regular,67,26,55,61,63,61,57,64,78,63,86,74,87,76,70,66,60,76,80,54,58,85,67,56,38,73
great,70,3226,17,17,35,15,15,65.259,63.962,79,5.6152,unknown,jokester,66,25,53,60,61,59,55,62,76,61,85,72,85,75,69,65,59,75,79,53,56,84,66,55,36,71
starter,71,3226,18,18,34,2,4,64.713,63.423,65,4.2517,unknown,regular,65,24,53,59,61,59,55,62,76,61,84,71,85,75,68,64,58,74,78,52,56,83,65,54,36,71
bench,72,3226,19,19,8,0,0,64.087,62.846,50,2.7615,unknown,regular,65,24,52,58,60,58,54,61,75,60,83,71,84,74,68,63,58,74,78,52,55,82,65,54,36,70
zero,73,3226,18,18,0,0,0,65.839,64.654,19,0.5109,unknown,sharpie,67,25,53,59,61,59,56,63,77,62,85,73,86,76,70,65,60,76,80,54,56,84,67,56,39,72
low,74,3226,18,18,12,1,1,68.087,66.885,25,0.9081,unknown,regular,69,28,56,62,64,62,58,65,79,64,87,75,88,78,72,67,62,78,82,56,59,86,69,58,41,74
medium,75,3226,17,17,26,6,5,64.087,62.885,25,0.9536,unknown,regular,65,24,52,58,60,58,54,61,75,60,83,71,84,74,68,63,58,74,78,52,55,82,65,54,37,70
great,76,3226,18,18,35,15,15,68.132,66.846,76,6.822,unknown,regular,69,28,56,63,64,62,58,65,79,64,87,75,88,78,72,67,62,78,82,56,59,86,69,58,39,74
starter,77,3226,19,19,34,2,4,68.791,67.462,92,8.0142,unknown,regular,69,28,57,63,65,63,59,66,80,65,88,76,89,79,72,68,62,78,82,57,60,87,69,58,39,75
bench,78,3226,18,18,8,0,0,68.217,67.0,28,3.169,unknown,regular,69,28,56,63,64,62,58,66,79,64,87,75,88,78,72,68,62,78,82,56,59,86,69,58,41,74
zero,79,3226,19,19,0,0,0,67.079,65.846,50,3.4188,unknown,sharpie,68,26,54,60,62,60,57,64,78,63,86,74,87,77,72,69,62,78,81,55,57,85,68,57,39,73
low,80,3226,19,19,12,1,1,63.087,61.846,50,3.0381,unknown,regular,64,23,51,57,59,57,53,60,74,59,82,70,83,73,67,62,57,73,77,51,54,81,64,53,35,69
medium,81,3226,18,18,26,6,5,64.176,62.923,52,3.6221,unknown,regular,65,24,52,59,60,58,54,61,75,60,83,71,84,74,68,64,58,74,78,52,55,82,65,54,36,70
great,82,3226,19,19,35,15,15,65.753,64.462,66,4.644,unknown,regular,66,25,54,60,62,60,56,63,77,62,85,73,86,76,69,65,59,75,79,53,57,84,66,55,37,72
starter,83,3226,17,17,34,2,4,67.087,65.885,25,1.0642,unknown,regular,68,27,55,61,63,61,57,64,78,63,86,74,87,77,71,66,61,77,81,55,58,85,68,57,40,73
bench,84,3226,19,19,8,0,0,68.052,66.846,24,0.6474,unknown,regular,69,27,56,62,64,62,58,65,79,64,87,75,88,78,72,67,62,78,82,56,59,86,69,58,41,74
zero,85,3226,19,19,0,0,0,68.087,66.885,25,2.5879,unknown,regular,69,28,56,62,64,62,58,65,79,64,87,75,88,78,72,67,62,78,82,56,59,86,69,58,41,74
low,86,3226,17,17,12,1,1,65.217,64.0,28,2.3193,unknown,regular,66,25,53,60,61,59,55,62,76,61,84,72,85,75,69,65,59,75,79,53,57,83,66,55,38,71
medium,87,3226,17,17,26,6,5,66.631,65.269,113,8.0975,unknown,regular,67,26,55,61,63,61,57,64,78,62,86,74,86,76,70,66,60,76,80,54,58,85,67,56,36,73
great,88,3226,18,18,35,15,15,67.087,65.885,25,1.4171,unknown,regular,68,27,55,61,63,61,57,64,78,63,86,74,87,77,71,66,61,77,81,55,58,85,68,57,40,73
starter,89,3226,18,18,34,2,4,68.906,67.615,70,6.1502,unknown,regular,70,28,57,63,65,63,59,66,80,65,88,76,89,79,72,68,62,78,82,57,60,87,70,59,40,75
bench,90,3226,18,18,8,0,0,67.087,65.846,50,3.6763,unknown,regular,68,27,55,61,63,61,57,64,78,63,86,74,87,77,71,66,61,77,81,55,58,85,68,57,39,73
zero,91,3226,19,19,0,0,0,64.087,62.885,25,1.7747,unknown,regular,65,24,52,58,60,58,54,61,75,60,83,71,84,74,68,63,58,74,78,52,55,82,65,54,37,70
low,92,3226,19,19,12,1,1,69.087,67.885,25,2.1569,unknown,regular,70,29,57,63,65,63,59,66,80,65,88,76,89,79,73,68,63,79,83,57,60,87,70,59,42,75
medium,93,3226,17,17,26,6,5,62.087,60.885,25,1.0955,late_bloomer,regular,63,22,50,56,58,56,52,59,73,58,81,69,82,72,66,61,56,72,76,50,53,80,63,52,35,68
great,94,3226,19,19,35,15,15,66.673,65.346,89,6.6643,unknown,regular,67,26,55,61,63,61,57,64,78,62,86,74,87,76,70,66,60,76,80,54,58,85,67,56,37,73
starter,95,3226,19,19,34,2,4,67.087,65.885,25,2.3266,unknown,regular,68,27,55,61,63,61,57,64,78,63,86,74,87,77,71,66,61,77,81,55,58,85,68,57,40,73
bench,96,3226,19,19,8,0,0,67.979,66.769,22,0.5583,unknown,regular,69,27,56,62,64,62,58,65,79,64,87,75,88,78,72,67,62,77,81,56,59,86,69,58,41,74
zero,97,3226,19,19,0,0,0,69.087,67.885,25,1.303,unknown,regular,70,29,57,63,65,63,59,66,80,65,88,76,89,79,73,68,63,79,83,57,60,87,70,59,42,75
low,98,3226,18,18,12,1,1,66.087,64.846,50,3.4843,unknown,regular,67,26,54,60,62,60,56,63,77,62,85,73,86,76,70,65,60,76,80,54,57,84,67,56,38,72
medium,99,3226,19,19,26,6,5,63.087,61.885,25,1.0047,decliner,regular,64,23,51,57,59,57,53,60,74,59,82,70,83,73,67,62,57,73,77,51,54,81,64,53,36,69
great,100,3226,18,18,35,15,15,70.052,68.769,74,7.3878,unknown,regular,71,29,58,64,66,64,60,67,81,66,89,77,90,80,74,69,64,80,84,58,61,88,71,60,41,76
zero,101,3226,20,20,0,0,0,69.087,67.846,25,1.9683,unknown,regular,70,29,57,63,65,63,59,66,80,65,88,76,89,79,73,68,63,79,83,57,60,87,70,59,41,75
low,102,3226,20,20,12,1,1,64.087,62.846,25,0.6886,unknown,regular,65,24,52,58,60,58,54,61,75,60,83,71,84,74,68,63,58,74,78,52,55,82,65,54,36,70
medium,103,3226,20,20,26,6,5,65.753,64.385,50,3.586,unknown,regular,66,25,54,60,62,60,56,63,77,62,85,73,86,76,69,65,59,75,79,53,57,84,66,55,35,72
great,104,3226,18,18,35,15,15,66.629,65.269,50,4.3867,unknown,regular,67,26,54,61,63,61,56,64,78,63,86,73,87,77,70,66,60,76,80,54,58,85,67,57,36,72
starter,105,3226,18,18,34,2,4,67.087,65.846,25,1.6933,unknown,regular,68,27,55,61,63,61,57,64,78,63,86,74,87,77,71,66,61,77,81,55,58,85,68,57,39,73
bench,106,3226,20,20,8,0,0,66.259,65.0,25,2.3869,unknown,regular,67,26,55,61,62,60,56,63,77,62,85,73,86,76,70,66,60,76,80,54,58,84,67,56,38,72
zero,107,3226,18,18,0,0,0,65.166,63.846,32,2.3943,unknown,regular,65,24,53,60,62,60,55,63,77,61,84,72,86,75,68,65,58,74,78,53,56,83,66,55,36,71
low,108,3226,19,19,12,1,1,69.146,67.846,28,3.5074,unknown,regular,70,28,57,64,65,64,59,66,80,65,88,76,89,79,73,69,63,78,83,57,60,87,70,59,40,75
medium,109,3226,20,20,26,6,5,70.132,68.885,25,3.3711,unknown,regular,71,30,58,65,66,64,60,67,81,66,89,77,90,80,74,69,64,80,84,58,61,88,71,60,42,76
great,110,3226,18,18,35,15,15,70.26,68.923,50,4.727,unknown,regular,71,30,58,65,66,65,60,67,81,66,89,77,90,80,74,70,64,80,84,58,61,89,71,60,40,76
starter,111,3226,20,20,34,2,4,65.517,64.269,30,1.9914,unknown,sharpie,66,25,53,59,61,59,55,62,76,61,84,72,85,75,71,68,62,77,79,53,56,83,66,55,37,71
bench,112,3226,20,20,8,0,0,65.259,63.923,50,3.6273,unknown,regular,66,25,54,60,61,59,55,62,76,61,84,72,85,75,69,65,59,75,79,53,56,84,66,55,35,71
zero,113,3226,18,18,0,0,0,67.016,65.769,23,0.5672,unknown,regular,68,26,55,61,63,61,57,64,78,63,86,74,87,77,71,66,61,76,81,55,58,85,68,57,39,73
low,114,3226,19,19,12,1,1,67.218,65.962,25,2.5088,unknown,regular,68,27,55,62,64,61,57,64,78,63,86,74,87,77,71,67,61,77,81,55,58,85,68,57,39,73
medium,115,3226,19,19,26,6,5,68.087,66.846,25,0.9424,unknown,regular,69,28,56,62,64,62,58,65,79,64,87,75,88,78,72,67,62,78,82,56,59,86,69,58,40,74
great,116,3226,18,18,35,15,15,64.552,63.269,25,1.925,unknown,regular,65,24,53,59,61,59,54,62,76,60,84,71,85,74,68,64,58,74,78,52,56,83,65,54,36,70
starter,117,3226,19,19,34,2,4,68.945,67.654,46,3.9214,unknown,sharpie,69,28,55,61,63,61,59,66,80,65,88,76,89,79,75,72,65,81,82,57,58,87,70,59,39,75
bench,118,3226,18,18,8,0,0,67.56,66.308,30,2.4689,unknown,sharpie,68,27,55,61,63,61,57,64,78,63,86,74,87,77,74,71,63,79,81,55,58,85,68,57,39,73
zero,119,3226,18,18,0,0,0,68.087,66.846,25,0.9333,unknown,regular,69,28,56,62,64,62,58,65,79,64,87,75,88,78,72,67,62,78,82,56,59,86,69,58,40,74
low,120,3226,19,19,12,1,1,70.468,69.192,25,3.6886,unknown,regular,71,30,59,65,67,64,60,68,81,66,90,77,91,80,74,70,64,80,84,58,62,89,71,60,42,76
medium,121,3226,18,18,26,6,5,72.979,71.615,50,7.6834,unknown,regular,74,32,61,67,69,67,63,70,84,69,92,80,93,83,76,72,67,82,87,61,64,91,74,63,42,79
great,122,3226,20,20,35,15,15,71.174,69.846,50,5.5217,unknown,regular,72,31,59,66,67,65,61,68,82,67,90,78,91,81,75,70,65,81,85,59,62,90,72,61,41,77
starter,123,3226,18,18,34,2,4,68.83,67.462,50,5.0933,unknown,regular,69,28,57,63,65,63,59,66,80,65,88,76,89,79,72,68,62,78,82,56,60,87,70,59,38,75
bench,124,3226,19,19,8,0,0,69.087,67.846,25,1.3169,regular,regular,70,29,57,63,65,63,59,66,80,65,88,76,89,79,73,68,63,79,83,57,60,87,70,59,41,75
zero,125,3226,19,19,0,0,0,66.302,64.962,50,3.8483,unknown,regular,67,26,54,61,63,61,56,63,77,62,85,73,86,76,70,66,60,76,80,54,57,85,67,56,36,72
low,126,3226,20,20,12,1,1,67.052,65.731,49,3.4065,unknown,regular,68,26,55,61,63,61,57,64,78,63,86,74,87,77,71,66,61,77,81,55,58,85,68,57,37,73
medium,127,3226,19,19,26,6,5,71.632,70.231,58,8.3148,unknown,regular,72,31,60,66,68,66,61,69,83,68,91,78,92,82,75,71,65,81,85,59,63,90,72,61,40,77
great,128,3226,20,20,35,15,15,69.147,67.846,28,3.4601,unknown,regular,70,28,57,64,65,63,59,66,80,65,88,76,89,79,73,69,63,78,83,57,60,88,70,59,40,75
starter,129,3226,18,18,34,2,4,67.672,66.231,75,6.2363,unknown,regular,68,27,56,62,64,62,57,65,79,63,87,75,88,78,71,67,61,77,81,55,59,86,68,57,35,74
bench,130,3226,19,19,8,0,0,68.941,67.615,46,3.8594,unknown,regular,70,28,57,63,65,63,59,66,80,65,88,76,89,79,72,68,63,78,83,56,60,87,70,59,39,75
zero,131,3226,18,18,0,0,0,63.087,61.846,25,0.789,unknown,regular,64,23,51,57,59,57,53,60,74,59,82,70,83,73,67,62,57,73,77,51,54,81,64,53,35,69
low,132,3226,19,19,12,1,1,65.087,63.846,25,1.0481,unknown,regular,66,25,53,59,61,59,55,62,76,61,84,72,85,75,69,64,59,75,79,53,56,83,66,55,37,71
medium,133,3226,19,19,26,6,5,69.933,68.5,80,8.0836,unknown,sharpie,70,29,56,62,64,62,59,67,80,66,89,76,90,79,78,75,68,84,83,57,59,88,70,59,36,75
great,134,3226,19,19,35,15,15,70.016,68.654,50,5.3851,unknown,regular,71,29,58,64,66,64,60,67,81,66,89,77,90,80,74,69,64,79,84,58,61,88,71,60,39,76
starter,135,3226,20,20,34,2,4,67.919,66.5,68,5.5921,unknown,regular,68,27,56,63,64,62,58,65,79,64,87,75,88,78,71,68,61,77,81,55,59,86,69,58,36,74
bench,136,3226,19,19,8,0,0,67.087,65.846,25,0.8289,unknown,regular,68,27,55,61,63,61,57,64,78,63,86,74,87,77,71,66,61,77,81,55,58,85,68,57,39,73
zero,137,3226,18,18,0,0,0,63.087,61.846,25,1.3276,unknown,regular,64,23,51,57,59,57,53,60,74,59,82,70,83,73,67,62,57,73,77,51,54,81,64,53,35,69
low,138,3226,20,20,12,1,1,67.087,65.846,25,0.9637,unknown,regular,68,27,55,61,63,61,57,64,78,63,86,74,87,77,71,66,61,77,81,55,58,85,68,57,39,73
medium,139,3226,20,20,26,6,5,65.087,63.846,25,1.1228,unknown,regular,66,25,53,59,61,59,55,62,76,61,84,72,85,75,69,64,59,75,79,53,56,83,66,55,37,71
great,140,3226,20,20,35,15,15,65.753,64.385,50,4.0201,unknown,regular,66,25,54,60,62,60,56,63,77,62,85,73,86,76,69,65,59,75,79,53,57,84,66,55,35,72
starter,141,3226,19,19,34,2,4,68.342,67.0,50,4.0912,unknown,regular,69,28,56,63,64,63,58,66,80,64,87,75,88,78,72,68,62,78,82,56,60,86,69,58,38,74
bench,142,3226,18,18,8,0,0,69.132,67.885,25,2.8833,unknown,regular,70,29,57,64,65,63,59,66,80,65,88,76,89,79,73,68,63,79,83,57,60,87,70,59,41,75
zero,143,3226,19,19,0,0,0,67.087,65.846,25,1.9472,unknown,regular,68,27,55,61,63,61,57,64,78,63,86,74,87,77,71,66,61,77,81,55,58,85,68,57,39,73
low,144,3226,20,20,12,1,1,65.835,64.577,22,0.4335,decliner,regular,67,24,54,60,62,60,56,63,77,62,85,73,86,76,69,65,59,74,79,54,57,84,67,56,38,72
medium,145,3226,18,18,26,6,5,70.283,69.038,26,1.8385,unknown,sharpie,71,30,58,64,66,64,60,67,81,66,89,77,90,80,75,71,65,81,84,58,61,88,71,60,42,76
great,146,3226,19,19,35,15,15,66.716,65.231,57,3.8184,unknown,genetic_freak,66,25,60,67,67,65,55,63,77,61,85,73,86,76,68,64,58,74,79,53,62,84,66,55,35,72
starter,147,3226,18,18,34,2,4,64.087,62.846,25,0.8607,unknown,regular,65,24,52,58,60,58,54,61,75,60,83,71,84,74,68,63,58,74,78,52,55,82,65,54,36,70
bench,148,3226,20,20,8,0,0,69.217,67.962,25,3.1249,unknown,regular,70,29,57,64,65,63,59,66,80,65,89,76,89,79,73,69,63,79,83,57,60,87,70,59,41,75
zero,149,3226,19,19,0,0,0,67.868,66.538,44,3.2955,unknown,regular,68,27,56,62,64,62,58,65,79,64,87,75,88,78,71,67,61,77,81,56,59,86,69,58,38,74
low,150,3226,19,19,12,1,1,68.176,66.923,25,2.6948,unknown,regular,69,28,56,63,64,62,58,65,79,64,87,75,88,78,72,68,62,78,82,56,59,86,69,58,40,74
medium,151,3226,19,19,26,6,5,72.015,70.654,50,6.9801,unknown,regular,73,31,60,66,68,66,62,69,83,68,91,79,92,82,76,71,66,82,85,60,63,90,73,62,41,78
great,152,3226,20,20,35,15,15,71.024,69.731,26,4.3158,unknown,regular,72,30,59,66,67,65,61,68,82,67,90,78,91,81,74,70,64,81,85,59,62,89,72,61,42,77
starter,153,3226,19,19,34,2,4,65.867,64.538,44,2.8089,unknown,regular,67,25,54,60,62,60,56,63,77,62,85,73,86,76,69,65,60,75,79,53,57,84,66,56,36,72
bench,154,3226,19,19,8,0,0,66.087,64.846,25,0.5769,unknown,regular,67,26,54,60,62,60,56,63,77,62,85,73,86,76,70,65,60,76,80,54,57,84,67,56,38,72
zero,155,3226,18,18,0,0,0,67.087,65.846,25,1.2713,unknown,regular,68,27,55,61,63,61,57,64,78,63,86,74,87,77,71,66,61,77,81,55,58,85,68,57,39,73
low,156,3226,20,20,12,1,1,70.087,68.846,25,2.365,unknown,regular,71,30,58,64,66,64,60,67,81,66,89,77,90,80,74,69,64,80,84,58,61,88,71,60,42,76
medium,157,3226,19,19,26,6,5,64.596,63.269,38,2.3803,unknown,regular,65,24,53,59,61,59,54,62,76,61,84,72,85,74,68,64,58,73,78,52,56,83,65,54,35,70
great,158,3226,20,20,35,15,15,68.087,66.769,50,4.0355,unknown,regular,69,28,56,62,64,62,58,65,79,64,87,75,88,78,72,67,62,78,82,56,59,86,69,58,38,74
starter,159,3226,19,19,34,2,4,67.087,65.846,25,2.0941,regular,regular,68,27,55,61,63,61,57,64,78,63,86,74,87,77,71,66,61,77,81,55,58,85,68,57,39,73
bench,160,3226,19,19,8,0,0,64.087,62.846,25,0.5571,decliner,regular,65,24,52,58,60,58,54,61,75,60,83,71,84,74,68,63,58,74,78,52,55,82,65,54,36,70
zero,161,3226,19,19,0,0,0,70.087,68.846,25,0.9791,unknown,regular,71,30,58,64,66,64,60,67,81,66,89,77,90,80,74,69,64,80,84,58,61,88,71,60,42,76
low,162,3226,20,20,12,1,1,64.176,62.923,25,2.0071,early_peak,regular,65,24,52,59,60,58,54,61,75,60,83,71,84,74,68,64,58,74,78,52,55,82,65,54,36,70
medium,163,3226,18,18,26,6,5,72.176,70.808,50,7.9015,unknown,regular,73,32,60,67,68,66,62,69,83,68,91,79,92,82,76,72,66,82,86,60,63,90,73,62,41,78
great,164,3226,19,19,35,15,15,70.061,68.731,48,4.4219,unknown,regular,71,29,58,65,66,64,60,67,81,66,89,77,90,80,74,69,64,79,84,58,61,88,71,60,40,76
starter,165,3226,20,20,34,2,4,70.087,68.846,25,2.1859,unknown,regular,71,30,58,64,66,64,60,67,81,66,89,77,90,80,74,69,64,80,84,58,61,88,71,60,42,76
bench,166,3226,18,18,8,0,0,64.087,62.846,25,1.1603,unknown,regular,65,24,52,58,60,58,54,61,75,60,83,71,84,74,68,63,58,74,78,52,55,82,65,54,36,70
zero,167,3226,20,20,0,0,0,63.087,61.846,25,0.708,unknown,regular,64,23,51,57,59,57,53,60,74,59,82,70,83,73,67,62,57,73,77,51,54,81,64,53,35,69
low,168,3226,18,18,12,1,1,67.087,65.769,50,3.5159,unknown,regular,68,27,55,61,63,61,57,64,78,63,86,74,87,77,71,66,61,77,81,55,58,85,68,57,37,73
medium,169,3226,19,19,26,6,5,68.713,67.346,50,4.4356,unknown,regular,69,28,57,63,65,63,59,66,80,65,88,76,89,78,72,68,62,78,82,56,60,87,69,58,38,75
great,170,3226,18,18,35,15,15,68.078,66.654,70,5.8009,unknown,jokester,69,27,56,63,64,62,58,65,79,64,88,75,88,78,71,68,61,77,81,56,59,87,69,58,36,74
starter,171,3226,19,19,34,2,4,66.713,65.346,50,4.2392,unknown,regular,67,26,55,61,63,61,57,64,78,63,86,73,87,77,70,66,60,76,80,54,58,85,67,56,36,73
bench,172,3226,20,20,8,0,0,65.867,64.538,44,2.7579,unknown,regular,67,25,54,60,62,60,56,63,77,62,85,73,86,76,69,65,59,75,79,54,57,84,66,56,36,72
zero,173,3226,19,19,0,0,0,66.591,65.385,19,0.5109,unknown,sharpie,68,25,53,59,61,59,57,64,78,63,86,74,87,77,71,66,61,77,81,55,56,85,68,57,39,73
low,174,3226,19,19,12,1,1,69.087,67.846,25,0.9189,unknown,regular,70,29,57,63,65,63,59,66,80,65,88,76,89,79,73,68,63,79,83,57,60,87,70,59,41,75
medium,175,3226,18,18,26,6,5,65.087,63.846,25,0.8637,unknown,regular,66,25,53,59,61,59,55,62,76,61,84,72,85,75,69,64,59,75,79,53,56,83,66,55,37,71
great,176,3226,19,19,35,15,15,70.175,68.808,51,6.5732,unknown,regular,71,30,58,65,67,64,60,67,81,66,89,77,90,80,74,69,64,80,84,58,61,88,71,60,39,76
starter,177,3226,20,20,34,2,4,70.956,69.538,54,7.5319,unknown,regular,71,30,59,66,68,65,61,68,82,67,90,78,91,81,74,70,64,80,84,59,62,89,72,61,39,77
bench,178,3226,19,19,8,0,0,69.217,67.962,25,3.1715,unknown,regular,70,29,57,64,65,63,59,67,80,65,88,76,89,79,73,69,63,79,83,57,60,87,70,59,41,75
zero,179,3226,20,20,0,0,0,68.685,67.385,40,3.4188,unknown,sharpie,69,27,55,61,63,61,59,66,80,65,88,76,89,79,74,72,64,80,82,56,58,87,69,58,39,75
low,180,3226,20,20,12,1,1,65.087,63.769,50,3.1159,unknown,regular,66,25,53,59,61,59,55,62,76,61,84,72,85,75,69,64,59,75,79,53,56,83,66,55,35,71
medium,181,3226,19,19,26,6,5,66.176,64.846,50,3.6776,unknown,regular,67,26,54,61,62,60,56,63,77,62,85,73,86,76,70,66,60,76,80,54,57,84,67,56,36,72
great,182,3226,20,20,35,15,15,67.753,66.385,50,4.4249,unknown,regular,68,27,56,62,64,62,58,65,79,64,87,75,88,78,71,67,61,77,81,55,59,86,68,57,37,74
starter,183,3226,18,18,34,2,4,68.087,66.846,25,1.0665,unknown,regular,69,28,56,62,64,62,58,65,79,64,87,75,88,78,72,67,62,78,82,56,59,86,69,58,40,74
bench,184,3226,20,20,8,0,0,68.944,67.692,22,0.651,unknown,regular,70,27,57,63,65,63,59,66,80,65,88,76,89,79,73,68,63,78,82,57,60,87,70,59,41,75
zero,185,3226,20,20,0,0,0,69.087,67.846,25,2.5879,unknown,regular,70,29,57,63,65,63,59,66,80,65,88,76,89,79,73,68,63,79,83,57,60,87,70,59,41,75
low,186,3226,18,18,12,1,1,66.217,64.962,25,2.3577,unknown,regular,67,26,54,61,62,60,56,63,77,62,85,73,86,76,70,66,60,76,80,54,58,84,67,56,38,72
medium,187,3226,18,18,26,6,5,69.631,68.154,75,7.6415,unknown,regular,70,29,58,64,66,64,60,67,81,65,89,77,89,79,73,69,63,79,83,57,61,88,70,59,36,76
great,188,3226,19,19,35,15,15,68.087,66.846,25,1.3746,unknown,regular,69,28,56,62,64,62,58,65,79,64,87,75,88,78,72,67,62,78,82,56,59,86,69,58,40,74
starter,189,3226,19,19,34,2,4,70.906,69.538,50,6.2172,unknown,regular,72,30,59,65,67,65,61,68,82,67,90,78,91,81,74,70,64,80,84,59,62,89,72,61,40,77
bench,190,3226,19,19,8,0,0,68.868,67.538,44,3.6593,unknown,regular,69,28,57,63,65,63,59,66,80,65,88,76,89,79,72,68,62,78,82,57,60,87,70,59,39,75
zero,191,3226,20,20,0,0,0,65.087,63.846,25,1.7747,unknown,regular,66,25,53,59,61,59,55,62,76,61,84,72,85,75,69,64,59,75,79,53,56,83,66,55,37,71
low,192,3226,20,20,12,1,1,70.087,68.846,25,2.1715,unknown,regular,71,30,58,64,66,64,60,67,81,66,89,77,90,80,74,69,64,80,84,58,61,88,71,60,42,76
medium,193,3226,18,18,26,6,5,63.087,61.846,25,1.1707,late_bloomer,regular,64,23,51,57,59,57,53,60,74,59,82,70,83,73,67,62,57,73,77,51,54,81,64,53,35,69
great,194,3226,20,20,35,15,15,69.406,67.962,68,6.3359,unknown,regular,70,28,58,64,66,64,59,67,81,65,88,77,90,79,73,69,62,78,82,57,61,88,70,59,37,75
starter,195,3226,20,20,34,2,4,68.087,66.846,25,2.0933,unknown,regular,69,28,56,62,64,62,58,65,79,64,87,75,88,78,72,67,62,78,82,56,59,86,69,58,40,74
bench,196,3226,20,20,8,0,0,68.722,67.462,18,0.5551,unknown,regular,69,27,57,63,65,63,59,66,80,65,88,76,89,79,72,68,62,77,81,57,60,87,69,59,41,75
zero,197,3226,20,20,0,0,0,70.087,68.846,25,1.303,unknown,regular,71,30,58,64,66,64,60,67,81,66,89,77,90,80,74,69,64,80,84,58,61,88,71,60,42,76
low,198,3226,19,19,12,1,1,67.978,66.654,47,3.487,unknown,regular,69,27,56,62,64,62,58,65,79,64,87,75,88,78,71,67,61,78,82,56,59,86,69,58,38,74
medium,199,3226,20,20,26,6,5,64.087,62.846,25,0.9492,decliner,regular,65,24,52,58,60,58,54,61,75,60,83,71,84,74,68,63,58,74,78,52,55,82,65,54,36,70
great,200,3226,19,19,35,15,15,72.052,70.692,50,7.1396,unknown,regular,73,31,60,66,68,66,62,69,83,68,91,79,92,82,76,71,66,82,86,60,63,90,73,62,41,78
zero,201,3226,21,21,0,0,0,70.087,68.808,25,1.9683,unknown,regular,71,30,58,64,66,64,60,67,81,66,89,77,90,80,74,69,64,80,84,58,61,88,71,60,41,76
low,202,3226,21,21,12,1,1,65.087,63.808,25,0.6766,unknown,regular,66,25,53,59,61,59,55,62,76,61,84,72,85,75,69,64,59,75,79,53,56,83,66,55,36,71
medium,203,3226,21,21,26,6,5,67.753,66.308,50,3.8123,unknown,regular,68,27,56,62,64,62,58,65,79,64,87,75,88,78,71,67,61,77,81,55,59,86,68,57,35,74
great,204,3226,19,19,35,15,15,68.629,67.192,50,4.1306,unknown,regular,69,28,56,63,65,63,58,66,80,65,88,75,89,79,72,68,62,78,82,56,60,87,69,59,36,74
starter,205,3226,19,19,34,2,4,68.087,66.808,25,1.6411,unknown,regular,69,28,56,62,64,62,58,65,79,64,87,75,88,78,72,67,62,78,82,56,59,86,69,58,39,74
bench,206,3226,21,21,8,0,0,67.259,65.962,25,2.3887,unknown,regular,68,27,56,62,63,61,57,64,78,63,86,74,87,77,71,67,61,77,81,55,59,85,68,57,38,73
zero,207,3226,19,19,0,0,0,66.166,64.808,25,2.3943,unknown,regular,66,25,54,61,63,61,56,64,78,62,85,73,87,76,69,66,59,75,79,54,57,84,67,56,36,72
low,208,3226,20,20,12,1,1,70.146,68.808,25,3.4614,unknown,regular,71,29,58,65,66,65,60,67,81,66,89,77,90,80,74,70,64,79,84,58,61,88,71,60,40,76
medium,209,3226,21,21,26,6,5,71.132,69.846,25,3.4635,unknown,regular,72,31,59,66,67,65,61,68,82,67,90,78,91,81,75,70,65,81,85,59,62,89,72,61,42,77
great,210,3226,19,19,35,15,15,71.677,70.269,35,5.004,unknown,regular,72,31,60,67,68,66,61,69,83,67,91,79,92,81,75,71,65,81,85,59,63,90,72,61,40,78
starter,211,3226,21,21,34,2,4,66.67,65.385,29,2.0922,unknown,sharpie,67,26,54,60,62,60,56,63,77,62,85,73,86,76,73,70,64,79,80,54,57,84,67,56,37,72
bench,212,3226,21,21,8,0,0,67.259,65.846,50,3.6007,unknown,regular,68,27,56,62,63,61,57,64,78,63,86,74,87,77,71,67,61,77,81,55,58,86,68,57,35,73
zero,213,3226,19,19,0,0,0,67.981,66.692,24,0.5672,unknown,regular,69,26,56,62,64,62,58,65,79,64,87,75,88,78,72,67,62,77,82,56,59,86,69,58,39,74
low,214,3226,20,20,12,1,1,68.218,66.923,25,2.5168,unknown,regular,69,28,56,63,65,62,58,65,79,64,87,75,88,78,72,68,62,78,82,56,59,86,69,58,39,74
medium,215,3226,20,20,26,6,5,69.087,67.808,25,0.9389,unknown,regular,70,29,57,63,65,63,59,66,80,65,88,76,89,79,73,68,63,79,83,57,60,87,70,59,40,75
great,216,3226,19,19,35,15,15,65.552,64.231,25,2.0682,unknown,regular,66,25,54,60,62,60,55,63,77,61,85,72,86,75,69,65,59,75,79,53,57,84,66,55,36,71
starter,217,3226,20,20,34,2,4,70.098,68.769,29,3.6525,unknown,sharpie,70,29,56,62,64,62,60,67,81,66,89,77,90,80,77,74,67,83,83,58,59,88,71,60,39,76
bench,218,3226,19,19,8,0,0,68.713,67.423,29,2.4887,unknown,sharpie,69,28,56,62,64,62,58,65,79,64,87,75,88,78,76,73,65,81,82,56,59,86,69,58,39,74
zero,219,3226,19,19,0,0,0,69.087,67.808,25,0.9333,unknown,regular,70,29,57,63,65,63,59,66,80,65,88,76,89,79,73,68,63,79,83,57,60,87,70,59,40,75
low,220,3226,20,20,12,1,1,71.468,70.154,25,3.7126,unknown,regular,72,31,60,66,68,65,61,69,82,67,91,78,92,81,75,71,65,81,85,59,63,90,72,61,42,77
medium,221,3226,19,19,26,6,5,73.979,72.577,25,8.1886,unknown,regular,75,33,62,68,70,68,64,71,85,70,93,81,94,84,77,73,68,83,88,62,65,92,75,64,42,80
great,222,3226,21,21,35,15,15,72.386,71.0,30,5.8524,unknown,regular,73,32,61,67,69,67,62,70,83,68,91,79,92,82,76,72,66,82,86,60,63,91,73,62,41,78
starter,223,3226,19,19,34,2,4,70.795,69.346,49,4.8207,unknown,regular,71,29,59,65,67,65,61,68,82,67,90,78,91,81,74,70,64,80,84,58,62,89,72,61,38,77
bench,224,3226,20,20,8,0,0,70.087,68.808,25,1.3149,regular,regular,71,30,58,64,66,64,60,67,81,66,89,77,90,80,74,69,64,80,84,58,61,88,71,60,41,76
zero,225,3226,20,20,0,0,0,68.302,66.885,50,3.8483,unknown,regular,69,28,56,63,65,63,58,65,79,64,87,75,88,78,72,68,62,78,82,56,59,87,69,58,36,74
low,226,3226,21,21,12,1,1,68.638,67.231,39,3.4556,unknown,regular,69,27,57,63,65,63,59,66,80,65,88,75,89,78,72,68,62,78,82,56,60,87,69,58,37,75
medium,227,3226,20,20,26,6,5,73.632,72.154,50,8.2842,unknown,regular,74,33,62,68,70,68,63,71,85,70,93,80,94,84,77,73,67,83,87,61,65,92,74,63,40,79
great,228,3226,21,21,35,15,15,70.147,68.808,25,3.2287,unknown,regular,71,29,58,65,66,64,60,67,81,66,89,77,90,80,74,70,64,79,84,58,61,89,71,60,40,76
starter,229,3226,19,19,34,2,4,69.718,68.192,51,6.2672,unknown,regular,70,29,58,65,66,64,59,67,81,65,89,77,90,80,73,69,63,79,83,57,61,88,70,59,35,76
bench,230,3226,20,20,8,0,0,70.029,68.654,27,3.8778,unknown,regular,71,29,58,65,67,64,60,67,81,66,89,77,90,80,73,69,64,79,84,57,61,88,71,60,39,76
zero,231,3226,19,19,0,0,0,64.087,62.808,25,0.789,unknown,regular,65,24,52,58,60,58,54,61,75,60,83,71,84,74,68,63,58,74,78,52,55,82,65,54,35,70
low,232,3226,20,20,12,1,1,66.087,64.808,25,1.0496,unknown,regular,67,26,54,60,62,60,56,63,77,62,85,73,86,76,70,65,60,76,80,54,57,84,67,56,37,72
medium,233,3226,20,20,26,6,5,72.45,70.885,62,7.9754,unknown,sharpie,72,31,58,64,66,64,62,69,83,68,91,78,92,81,80,87,70,86,85,59,61,90,72,61,36,77
great,234,3226,20,20,35,15,15,71.942,70.5,48,5.6411,unknown,regular,73,31,60,66,68,66,62,69,83,68,91,79,92,82,75,71,65,81,86,60,63,90,73,62,39,78
starter,235,3226,21,21,34,2,4,69.919,68.423,50,5.5243,unknown,regular,70,29,58,65,66,64,60,67,81,66,89,77,90,80,73,70,63,79,83,57,61,88,71,60,36,76
bench,236,3226,20,20,8,0,0,68.087,66.808,25,0.8331,unknown,regular,69,28,56,62,64,62,58,65,79,64,87,75,88,78,72,67,62,78,82,56,59,86,69,58,39,74
zero,237,3226,19,19,0,0,0,64.087,62.808,25,1.3276,unknown,regular,65,24,52,58,60,58,54,61,75,60,83,71,84,74,68,63,58,74,78,52,55,82,65,54,35,70
low,238,3226,21,21,12,1,1,68.087,66.808,25,0.9509,unknown,regular,69,28,56,62,64,62,58,65,79,64,87,75,88,78,72,67,62,78,82,56,59,86,69,58,39,74
medium,239,3226,21,21,26,6,5,66.087,64.808,25,1.025,unknown,regular,67,26,54,60,62,60,56,63,77,62,85,73,86,76,70,65,60,76,80,54,57,84,67,56,37,72
great,240,3226,21,21,35,15,15,67.753,66.308,50,3.8787,unknown,regular,68,27,56,62,64,62,58,65,79,64,87,75,88,78,71,67,61,77,81,55,59,86,68,57,35,74
starter,241,3226,20,20,34,2,4,70.234,68.808,47,4.5146,unknown,regular,71,29,58,65,66,65,60,68,82,66,89,77,90,80,74,70,63,79,84,58,62,88,71,60,38,76
bench,242,3226,19,19,8,0,0,70.132,68.846,25,2.8847,unknown,regular,71,30,58,65,66,64,60,67,81,66,89,77,90,80,74,69,64,80,84,58,61,88,71,60,41,76
zero,243,3226,20,20,0,0,0,68.087,66.808,25,1.9472,unknown,regular,69,28,56,62,64,62,58,65,79,64,87,75,88,78,72,67,62,78,82,56,59,86,69,58,39,74
low,244,3226,21,21,12,1,1,66.54,65.231,17,0.4305,decliner,regular,67,24,55,61,63,61,57,64,78,63,86,74,87,77,69,66,59,74,79,54,58,85,67,57,38,73
medium,245,3226,19,19,26,6,5,71.327,70.038,26,1.947,unknown,sharpie,72,31,59,65,67,65,61,68,82,67,90,78,91,81,76,73,66,82,85,59,62,89,72,61,42,77
great,246,3226,20,20,35,15,15,68.689,67.115,49,3.8185,unknown,genetic_freak,68,27,62,69,70,68,57,65,79,63,87,75,88,78,69,65,59,75,81,55,65,86,68,57,35,74
starter,247,3226,19,19,34,2,4,65.087,63.808,25,0.9176,unknown,regular,66,25,53,59,61,59,55,62,76,61,84,72,85,75,69,64,59,75,79,53,56,83,66,55,36,71
bench,248,3226,21,21,8,0,0,70.217,68.923,25,3.1101,unknown,regular,71,30,58,65,66,64,60,67,81,66,90,77,90,80,74,70,64,80,84,58,61,88,71,60,41,76
zero,249,3226,20,20,0,0,0,68.914,67.538,26,3.2955,unknown,regular,69,28,57,64,65,63,59,66,80,65,88,76,89,79,72,68,62,78,82,57,60,87,70,59,38,75
low,250,3226,20,20,12,1,1,69.176,67.885,25,2.6863,unknown,regular,70,29,57,64,65,63,59,66,80,65,88,76,89,79,73,69,63,79,83,57,60,87,70,59,40,75
medium,251,3226,20,20,26,6,5,73.517,72.077,37,7.3911,unknown,regular,74,32,62,68,70,68,63,71,85,69,93,80,94,83,77,73,67,83,87,61,65,92,74,63,41,79
great,252,3226,21,21,35,15,15,72.024,70.692,25,4.7132,unknown,regular,73,31,60,67,68,66,62,69,83,68,91,79,92,82,75,71,65,82,86,60,63,90,73,62,42,78
starter,253,3226,20,20,34,2,4,66.955,65.577,27,2.7643,unknown,regular,68,26,55,62,63,61,57,64,78,63,86,74,87,77,70,67,61,76,80,54,58,85,67,57,36,73
bench,254,3226,20,20,8,0,0,67.052,65.769,24,0.5778,unknown,regular,68,26,55,61,63,61,57,64,78,63,86,74,87,77,71,66,61,77,81,55,58,85,68,57,38,73
zero,255,3226,19,19,0,0,0,68.087,66.808,25,1.2713,unknown,regular,69,28,56,62,64,62,58,65,79,64,87,75,88,78,72,67,62,78,82,56,59,86,69,58,39,74
low,256,3226,21,21,12,1,1,71.087,69.808,25,2.3218,unknown,regular,72,31,59,65,67,65,61,68,82,67,90,78,91,81,75,70,65,81,85,59,62,89,72,61,42,77
medium,257,3226,20,20,26,6,5,65.768,64.385,29,2.4651,unknown,regular,66,25,54,61,63,60,56,63,77,62,85,73,86,75,69,66,59,74,79,53,57,84,66,55,35,71
great,258,3226,21,21,35,15,15,69.868,68.462,44,4.1366,unknown,regular,70,29,58,64,66,64,60,67,81,66,89,77,90,80,73,69,63,79,83,58,61,88,71,60,38,76
starter,259,3226,20,20,34,2,4,68.087,66.808,25,2.0598,regular,regular,69,28,56,62,64,62,58,65,79,64,87,75,88,78,72,67,62,78,82,56,59,86,69,58,39,74
bench,260,3226,20,20,8,0,0,65.087,63.808,25,0.559,decliner,regular,66,25,53,59,61,59,55,62,76,61,84,72,85,75,69,64,59,75,79,53,56,83,66,55,36,71
zero,261,3226,20,20,0,0,0,71.052,69.769,24,0.9791,unknown,regular,72,30,59,65,67,65,61,68,82,67,90,78,91,81,75,70,65,81,85,59,62,89,72,61,42,77
low,262,3226,21,21,12,1,1,65.176,63.885,25,2.021,early_peak,regular,66,25,53,60,61,59,55,62,76,61,84,72,85,75,69,65,59,75,79,53,56,83,66,55,36,71
medium,263,3226,19,19,26,6,5,73.943,72.5,44,8.4736,unknown,regular,75,33,62,68,70,68,64,71,85,70,93,81,94,84,77,73,68,83,87,62,65,92,75,64,41,80
great,264,3226,20,20,35,15,15,71.398,70.0,33,4.9155,unknown,regular,72,30,59,66,68,66,61,69,83,67,91,78,91,81,75,71,65,80,85,59,63,90,72,61,40,77
starter,265,3226,21,21,34,2,4,71.087,69.808,25,2.1623,unknown,regular,72,31,59,65,67,65,61,68,82,67,90,78,91,81,75,70,65,81,85,59,62,89,72,61,42,77
bench,266,3226,19,19,8,0,0,65.087,63.808,25,1.1625,unknown,regular,66,25,53,59,61,59,55,62,76,61,84,72,85,75,69,64,59,75,79,53,56,83,66,55,36,71
zero,267,3226,21,21,0,0,0,64.087,62.808,25,0.708,unknown,regular,65,24,52,58,60,58,54,61,75,60,83,71,84,74,68,63,58,74,78,52,55,82,65,54,35,70
low,268,3226,19,19,12,1,1,68.791,67.385,42,3.5454,unknown,regular,69,28,57,63,65,63,59,66,80,65,88,76,89,79,72,68,62,78,82,56,60,87,70,58,37,75
medium,269,3226,20,20,26,6,5,70.713,69.269,50,4.7026,unknown,regular,71,30,59,65,67,65,61,68,82,67,90,78,91,80,74,70,64,80,84,58,62,89,71,60,38,77
great,270,3226,19,19,35,15,15,70.078,68.577,50,5.5422,unknown,jokester,71,29,58,65,66,64,60,67,81,66,90,77,90,80,73,70,63,79,83,58,61,89,71,60,36,76
starter,271,3226,20,20,34,2,4,68.713,67.269,50,4.1366,unknown,regular,69,28,57,63,65,63,59,66,80,65,88,75,89,79,72,68,62,78,82,56,60,87,69,58,36,75
bench,272,3226,21,21,8,0,0,66.913,65.538,26,2.7539,unknown,regular,68,26,55,62,63,61,57,64,78,63,86,74,87,77,70,66,60,76,80,55,58,85,67,57,36,73
zero,273,3226,20,20,0,0,0,67.269,66.038,17,0.5109,unknown,sharpie,68,25,53,59,61,59,58,65,79,64,87,75,88,78,72,67,62,78,81,56,56,86,69,58,39,74
low,274,3226,20,20,12,1,1,70.087,68.808,25,0.9165,unknown,regular,71,30,58,64,66,64,60,67,81,66,89,77,90,80,74,69,64,80,84,58,61,88,71,60,41,76
medium,275,3226,19,19,26,6,5,66.087,64.808,25,0.861,unknown,regular,67,26,54,60,62,60,56,63,77,62,85,73,86,76,70,65,60,76,80,54,57,84,67,56,37,72
great,276,3226,20,20,35,15,15,72.175,70.731,50,6.5987,unknown,regular,73,32,60,67,69,66,62,69,83,68,91,79,92,82,76,71,66,82,86,60,63,90,73,62,39,78
starter,277,3226,21,21,34,2,4,72.956,71.462,50,7.7456,unknown,regular,73,32,61,68,70,67,63,70,84,69,92,80,93,83,76,72,66,82,86,61,64,91,74,63,39,79
bench,278,3226,20,20,8,0,0,70.217,68.923,25,3.1568,unknown,regular,71,30,58,65,66,64,60,68,81,66,89,77,90,80,74,70,64,80,84,58,61,88,71,60,41,76
zero,279,3226,21,21,0,0,0,69.838,68.5,29,3.4188,unknown,sharpie,70,28,56,62,64,62,60,67,81,66,89,77,90,80,76,74,66,82,83,57,59,88,70,59,39,76
low,280,3226,21,21,12,1,1,66.979,65.577,47,3.1247,unknown,regular,68,26,55,61,63,61,57,64,78,63,86,74,87,77,71,66,61,76,80,55,58,85,68,57,35,73
medium,281,3226,20,20,26,6,5,68.141,66.731,49,3.8009,unknown,regular,69,27,56,63,64,62,58,65,79,64,87,75,88,78,72,68,62,78,82,56,59,86,69,58,36,74
great,282,3226,21,21,35,15,15,69.753,68.308,50,4.705,unknown,regular,70,29,58,64,66,64,60,67,81,66,89,77,90,80,73,69,63,79,83,57,61,88,70,59,37,76
starter,283,3226,19,19,34,2,4,69.087,67.808,25,1.1594,unknown,regular,70,29,57,63,65,63,59,66,80,65,88,76,89,79,73,68,63,79,83,57,60,87,70,59,40,75
bench,284,3226,21,21,8,0,0,69.762,68.462,20,0.6453,unknown,regular,70,27,58,64,66,64,60,67,81,66,89,77,90,80,73,69,63,78,83,58,61,88,71,60,41,76
zero,285,3226,21,21,0,0,0,70.087,68.808,25,2.5879,unknown,regular,71,30,58,64,66,64,60,67,81,66,89,77,90,80,74,69,64,80,84,58,61,88,71,60,41,76
low,286,3226,19,19,12,1,1,67.217,65.923,25,2.3618,unknown,regular,68,27,55,62,63,61,57,64,78,63,86,74,87,77,71,67,61,77,81,55,59,85,68,57,38,73
medium,287,3226,19,19,26,6,5,71.631,70.077,50,7.552,unknown,regular,72,31,60,66,68,66,62,69,83,67,91,79,91,81,75,71,65,81,85,59,63,90,72,61,36,78
great,288,3226,20,20,35,15,15,69.087,67.808,25,1.4726,unknown,regular,70,29,57,63,65,63,59,66,80,65,88,76,89,79,73,68,63,79,83,57,60,87,70,59,40,75
starter,289,3226,20,20,34,2,4,72.602,71.154,42,6.1246,unknown,regular,73,31,61,67,69,67,63,70,84,68,92,79,93,83,76,72,66,81,86,60,64,91,73,62,40,79
bench,290,3226,20,20,8,0,0,69.868,68.5,25,3.6651,unknown,regular,70,29,58,64,66,64,60,67,81,66,89,77,90,80,73,69,63,79,83,58,61,88,71,60,39,76
zero,291,3226,21,21,0,0,0,66.087,64.808,25,1.7747,unknown,regular,67,26,54,60,62,60,56,63,77,62,85,73,86,76,70,65,60,76,80,54,57,84,67,56,37,72
low,292,3226,21,21,12,1,1,71.087,69.808,25,2.1684,unknown,regular,72,31,59,65,67,65,61,68,82,67,90,78,91,81,75,70,65,81,85,59,62,89,72,61,42,77
medium,293,3226,19,19,26,6,5,64.087,62.808,25,1.1269,late_bloomer,regular,65,24,52,58,60,58,54,61,75,60,83,71,84,74,68,63,58,74,78,52,55,82,65,54,35,70
great,294,3226,21,21,35,15,15,71.406,69.885,50,6.2928,unknown,regular,72,30,60,66,68,66,61,69,83,67,90,79,92,81,75,71,64,80,84,59,63,90,72,61,37,77
starter,295,3226,21,21,34,2,4,69.087,67.808,25,2.1605,unknown,regular,70,29,57,63,65,63,59,66,80,65,88,76,89,79,73,68,63,79,83,57,60,87,70,59,40,75
bench,296,3226,21,21,8,0,0,69.427,68.115,17,0.5538,unknown,regular,69,27,58,64,66,64,60,67,81,66,89,77,90,80,72,69,62,77,81,57,61,88,70,59,41,76
zero,297,3226,21,21,0,0,0,71.087,69.808,25,1.303,unknown,regular,72,31,59,65,67,65,61,68,82,67,90,78,91,81,75,70,65,81,85,59,62,89,72,61,42,77
low,298,3226,20,20,12,1,1,69.193,67.808,30,3.5361,unknown,regular,70,28,57,64,66,64,59,66,80,65,89,76,89,79,72,69,62,79,83,57,60,87,70,59,38,75
medium,299,3226,21,21,26,6,5,65.087,63.808,25,1.0016,decliner,regular,66,25,53,59,61,59,55,62,76,61,84,72,85,75,69,64,59,75,79,53,56,83,66,55,36,71
great,300,3226,20,20,35,15,15,73.183,71.769,28,6.8601,unknown,regular,74,32,61,68,70,67,63,70,84,69,92,80,93,83,77,73,67,83,87,61,64,91,74,63,41,79
zero,301,3226,22,22,0,0,0,71.087,69.769,25,1.7747,unknown,regular,72,31,59,65,67,65,61,68,82,67,90,78,91,81,75,70,65,81,85,59,62,89,72,61,41,77
low,302,3226,22,22,12,1,1,66.087,64.769,25,0.6752,unknown,regular,67,26,54,60,62,60,56,63,77,62,85,73,86,76,70,65,60,76,80,54,57,84,67,56,36,72
medium,303,3226,22,22,26,6,5,69.682,68.154,48,4.0095,unknown,regular,70,28,58,64,66,64,60,67,81,66,89,77,90,80,73,69,63,78,83,57,61,88,70,59,35,76
great,304,3226,20,20,35,15,15,70.129,68.615,37,4.0751,unknown,regular,70,29,58,65,67,65,60,67,82,66,90,77,90,80,73,70,63,79,83,57,61,89,71,60,36,76
starter,305,3226,20,20,34,2,4,69.087,67.769,25,1.5591,unknown,regular,70,29,57,63,65,63,59,66,80,65,88,76,89,79,73,68,63,79,83,57,60,87,70,59,39,75
bench,306,3226,22,22,8,0,0,68.259,66.923,25,2.1313,unknown,regular,69,28,57,63,64,62,58,65,79,64,87,75,88,78,72,68,62,78,82,56,60,86,69,58,38,74
zero,307,3226,20,20,0,0,0,67.166,65.769,25,2.3943,unknown,regular,67,26,55,62,64,62,57,65,79,63,86,74,88,77,70,67,60,76,80,55,58,85,68,57,36,73
low,308,3226,21,21,12,1,1,71.146,69.769,25,3.4758,unknown,regular,72,30,59,66,67,66,61,68,82,67,90,78,91,81,75,71,65,80,85,59,62,89,72,61,40,77
medium,309,3226,22,22,26,6,5,72.132,70.808,25,3.2537,unknown,regular,73,32,60,67,68,66,62,69,83,68,91,79,92,82,76,71,66,82,86,60,63,90,73,62,42,78
great,310,3226,20,20,35,15,15,72.677,71.231,25,5.2095,unknown,regular,73,32,61,68,69,67,62,70,84,68,92,80,93,82,76,72,66,82,86,60,64,91,73,62,40,79
starter,311,3226,22,22,34,2,4,67.786,66.462,28,1.987,unknown,sharpie,68,27,55,61,63,61,57,64,78,63,86,74,87,77,75,72,65,81,81,55,58,85,68,57,37,73
bench,312,3226,22,22,8,0,0,68.511,67.038,31,3.2264,unknown,regular,69,28,57,64,65,63,59,65,79,64,87,76,89,78,72,68,62,78,82,56,59,87,69,58,35,74
zero,313,3226,20,20,0,0,0,68.762,67.423,19,0.5672,unknown,regular,69,26,57,63,65,63,59,66,80,65,88,76,89,79,72,68,62,77,82,57,60,87,70,59,39,75
low,314,3226,21,21,12,1,1,69.218,67.885,25,2.5163,unknown,regular,70,29,57,64,66,63,59,66,80,65,88,76,89,79,73,69,63,79,83,57,60,87,70,59,39,75
medium,315,3226,21,21,26,6,5,70.087,68.769,25,0.9119,unknown,regular,71,30,58,64,66,64,60,67,81,66,89,77,90,80,74,69,64,80,84,58,61,88,71,60,40,76
great,316,3226,20,20,35,15,15,66.552,65.192,25,1.8923,unknown,regular,67,26,55,61,63,61,56,64,78,62,86,73,87,76,70,66,60,76,80,54,58,85,67,56,36,72
starter,317,3226,21,21,34,2,4,71.098,69.731,25,3.6207,unknown,sharpie,71,30,57,63,65,63,61,68,82,67,90,78,91,81,78,75,68,84,84,59,60,89,72,61,39,77
bench,318,3226,20,20,8,0,0,69.713,68.385,25,2.4965,unknown,sharpie,70,29,57,63,65,63,59,66,80,65,88,76,89,79,77,74,66,82,83,57,60,87,70,59,39,75
zero,319,3226,20,20,0,0,0,70.087,68.769,25,0.9333,unknown,regular,71,30,58,64,66,64,60,67,81,66,89,77,90,80,74,69,64,80,84,58,61,88,71,60,40,76
low,320,3226,21,21,12,1,1,72.468,71.115,25,3.6967,unknown,regular,73,32,61,67,69,66,62,70,83,68,92,79,93,82,76,72,66,82,86,60,64,91,73,62,42,78
medium,321,3226,20,20,26,6,5,74.979,73.538,25,7.7528,unknown,regular,76,34,63,69,71,69,65,72,86,71,94,82,95,85,78,74,69,84,89,63,66,93,76,65,42,81
great,322,3226,22,22,35,15,15,73.386,71.962,25,5.7487,unknown,regular,74,33,62,68,70,68,63,71,84,69,92,80,93,83,77,73,67,83,87,61,64,92,74,63,41,79
starter,323,3226,20,20,34,2,4,71.795,70.308,25,4.7494,unknown,regular,72,30,60,66,68,66,62,69,83,68,91,79,92,82,75,71,65,81,85,59,63,90,73,62,38,78
bench,324,3226,21,21,8,0,0,71.087,69.769,25,1.3154,regular,regular,72,31,59,65,67,65,61,68,82,67,90,78,91,81,75,70,65,81,85,59,62,89,72,61,41,77
zero,325,3226,21,21,0,0,0,69.678,68.192,34,3.8483,unknown,regular,70,29,58,65,66,64,59,67,81,66,89,76,90,79,73,69,63,79,83,57,61,88,70,59,36,76
low,326,3226,22,22,12,1,1,69.638,68.192,25,3.4689,unknown,regular,70,28,58,64,66,64,60,67,81,66,89,76,90,79,73,69,63,79,83,57,61,88,70,59,37,76
medium,327,3226,21,21,26,6,5,74.632,73.115,25,7.9628,unknown,regular,75,34,63,69,71,69,64,72,86,71,94,81,95,85,78,74,68,84,88,62,66,93,75,64,40,80
great,328,3226,22,22,35,15,15,71.147,69.769,25,3.2543,unknown,regular,72,30,59,66,67,65,61,68,82,67,90,78,91,81,75,71,65,80,85,59,62,90,72,61,40,77
starter,329,3226,20,20,34,2,4,71.718,70.115,50,6.2125,unknown,regular,72,31,60,67,68,66,61,69,83,67,91,79,92,82,75,71,65,81,85,59,63,90,72,61,35,78
bench,330,3226,21,21,8,0,0,71.029,69.615,25,3.8776,unknown,regular,72,30,59,66,68,65,61,68,82,67,90,78,91,81,74,70,65,80,85,58,62,89,72,61,39,77
zero,331,3226,20,20,0,0,0,65.087,63.769,25,0.789,unknown,regular,66,25,53,59,61,59,55,62,76,61,84,72,85,75,69,64,59,75,79,53,56,83,66,55,35,71
low,332,3226,21,21,12,1,1,67.087,65.769,25,1.0577,unknown,regular,68,27,55,61,63,61,57,64,78,63,86,74,87,77,71,66,61,77,81,55,58,85,68,57,37,73
medium,333,3226,21,21,26,6,5,75.062,73.462,67,8.052,unknown,sharpie,74,33,59,66,68,66,64,71,85,70,93,80,94,83,88,88,82,91,87,61,63,92,74,63,36,79
great,334,3226,21,21,35,15,15,72.942,71.462,25,5.7421,unknown,regular,74,32,61,67,69,67,63,70,84,69,92,80,93,83,76,72,66,82,87,61,64,91,74,63,39,79
starter,335,3226,22,22,34,2,4,71.919,70.346,50,5.8032,unknown,regular,72,31,60,67,68,66,62,69,83,68,91,79,92,82,75,72,65,81,85,59,63,90,73,62,36,78
bench,336,3226,21,21,8,0,0,69.087,67.769,25,0.8287,unknown,regular,70,29,57,63,65,63,59,66,80,65,88,76,89,79,73,68,63,79,83,57,60,87,70,59,39,75
zero,337,3226,20,20,0,0,0,65.087,63.769,25,1.3276,unknown,regular,66,25,53,59,61,59,55,62,76,61,84,72,85,75,69,64,59,75,79,53,56,83,66,55,35,71
low,338,3226,22,22,12,1,1,69.087,67.769,25,0.9573,unknown,regular,70,29,57,63,65,63,59,66,80,65,88,76,89,79,73,68,63,79,83,57,60,87,70,59,39,75
medium,339,3226,22,22,26,6,5,67.087,65.769,25,1.067,unknown,regular,68,27,55,61,63,61,57,64,78,63,86,74,87,77,71,66,61,77,81,55,58,85,68,57,37,73
great,340,3226,22,22,35,15,15,69.33,67.808,39,3.7104,unknown,regular,70,28,58,64,66,64,59,67,81,66,88,77,90,79,72,69,62,78,82,56,60,88,70,59,35,75
starter,341,3226,21,21,34,2,4,71.234,69.769,25,4.2672,unknown,regular,72,30,59,66,67,66,61,69,83,67,90,78,91,81,75,71,64,80,85,59,63,89,72,61,38,77
bench,342,3226,20,20,8,0,0,71.132,69.808,25,2.857,unknown,regular,72,31,59,66,67,65,61,68,82,67,90,78,91,81,75,70,65,81,85,59,62,89,72,61,41,77
zero,343,3226,21,21,0,0,0,69.087,67.769,25,1.9472,unknown,regular,70,29,57,63,65,63,59,66,80,65,88,76,89,79,73,68,63,79,83,57,60,87,70,59,39,75
low,344,3226,22,22,12,1,1,67.207,65.846,16,0.4221,decliner,regular,67,24,56,62,64,62,58,65,79,64,87,75,88,78,69,67,59,74,79,54,59,86,67,57,38,74
medium,345,3226,20,20,26,6,5,72.201,70.885,22,1.9743,unknown,sharpie,73,32,59,66,67,66,62,69,83,68,91,79,92,82,77,74,67,83,86,60,62,90,73,62,42,78
great,346,3226,21,21,35,15,15,70.174,68.538,37,3.8379,unknown,genetic_freak,69,28,63,70,71,69,59,67,81,65,89,77,90,79,70,66,60,76,82,57,66,88,70,59,35,76
starter,347,3226,20,20,34,2,4,66.087,64.769,25,0.8507,unknown,regular,67,26,54,60,62,60,56,63,77,62,85,73,86,76,70,65,60,76,80,54,57,84,67,56,36,72
bench,348,3226,22,22,8,0,0,71.217,69.885,25,2.8038,unknown,regular,72,31,59,66,67,65,61,68,82,67,91,78,91,81,75,71,65,81,85,59,62,89,72,61,41,77
zero,349,3226,21,21,0,0,0,69.914,68.5,25,3.2955,unknown,regular,70,29,58,65,66,64,60,67,81,66,89,77,90,80,73,69,63,79,83,58,61,88,71,60,38,76
low,350,3226,21,21,12,1,1,70.176,68.846,25,2.6212,unknown,regular,71,30,58,65,66,64,60,67,81,66,89,77,90,80,74,70,64,80,84,58,61,88,71,60,40,76
medium,351,3226,21,21,26,6,5,74.517,73.038,25,7.7522,unknown,regular,75,33,63,69,71,69,64,72,86,70,94,81,95,84,78,74,68,84,88,62,66,93,75,64,41,80
great,352,3226,22,22,35,15,15,73.024,71.654,25,4.3216,unknown,regular,74,32,61,68,69,67,63,70,84,69,92,80,93,83,76,72,66,83,87,61,64,91,74,63,42,79
starter,353,3226,21,21,34,2,4,67.955,66.538,25,2.6309,unknown,regular,69,27,56,63,64,62,58,65,79,64,87,75,88,78,71,68,62,77,81,55,59,86,68,58,36,74
bench,354,3226,21,21,8,0,0,67.944,66.615,22,0.5787,unknown,regular,69,26,56,62,64,62,58,65,79,64,87,75,88,78,71,67,62,77,82,56,59,86,69,58,38,74
zero,355,3226,20,20,0,0,0,69.087,67.769,25,1.2713,unknown,regular,70,29,57,63,65,63,59,66,80,65,88,76,89,79,73,68,63,79,83,57,60,87,70,59,39,75
low,356,3226,22,22,12,1,1,72.087,70.769,25,2.3553,unknown,regular,73,32,60,66,68,66,62,69,83,68,91,79,92,82,76,71,66,82,86,60,63,90,73,62,42,78
medium,357,3226,21,21,26,6,5,66.768,65.346,25,2.3871,unknown,regular,67,26,55,62,64,61,57,64,78,63,86,74,87,76,70,67,60,75,80,54,58,85,67,56,35,72
great,358,3226,22,22,35,15,15,70.868,69.423,25,3.9755,unknown,regular,71,30,59,65,67,65,61,68,82,67,90,78,91,81,74,70,64,80,84,59,62,89,72,61,38,77
starter,359,3226,21,21,34,2,4,69.087,67.769,25,1.9644,regular,regular,70,29,57,63,65,63,59,66,80,65,88,76,89,79,73,68,63,79,83,57,60,87,70,59,39,75
bench,360,3226,21,21,8,0,0,66.087,64.769,25,0.5585,decliner,regular,67,26,54,60,62,60,56,63,77,62,85,73,86,76,70,65,60,76,80,54,57,84,67,56,36,72
zero,361,3226,21,21,0,0,0,71.871,70.538,20,0.9791,unknown,regular,73,30,60,66,68,66,62,69,83,68,91,79,92,82,75,71,65,81,85,60,63,90,73,62,42,78
low,362,3226,22,22,12,1,1,66.176,64.846,25,1.1108,early_peak,regular,67,26,54,61,62,60,56,63,77,62,85,73,86,76,70,66,60,76,80,54,57,84,67,56,36,72
medium,363,3226,20,20,26,6,5,74.943,73.462,25,8.2542,unknown,regular,76,34,63,69,71,69,65,72,86,71,94,82,95,85,78,74,69,84,88,63,66,93,76,65,41,81
great,364,3226,21,21,35,15,15,72.398,70.962,25,4.9173,unknown,regular,73,31,60,67,69,67,62,70,84,68,92,79,92,82,76,72,66,81,86,60,64,91,73,62,40,78
starter,365,3226,22,22,34,2,4,72.087,70.769,25,2.1786,unknown,regular,73,32,60,66,68,66,62,69,83,68,91,79,92,82,76,71,66,82,86,60,63,90,73,62,42,78
bench,366,3226,20,20,8,0,0,66.087,64.769,25,1.1609,unknown,regular,67,26,54,60,62,60,56,63,77,62,85,73,86,76,70,65,60,76,80,54,57,84,67,56,36,72
zero,367,3226,22,22,0,0,0,65.087,63.769,25,0.6384,unknown,regular,66,25,53,59,61,59,55,62,76,61,84,72,85,75,69,64,59,75,79,53,56,83,66,55,35,71
low,368,3226,20,20,12,1,1,69.791,68.346,25,3.4547,unknown,regular,70,29,58,64,66,64,60,67,81,66,89,77,90,80,73,69,63,79,83,57,61,88,71,59,37,76
medium,369,3226,21,21,26,6,5,71.713,70.231,25,4.423,unknown,regular,72,31,60,66,68,66,62,69,83,68,91,79,92,81,75,71,65,81,85,59,63,90,72,61,38,78
great,370,3226,20,20,35,15,15,71.999,70.423,48,5.5963,unknown,jokester,72,31,60,67,68,66,62,69,83,68,91,79,92,82,75,72,65,81,85,60,63,91,73,62,36,78
starter,371,3226,21,21,34,2,4,70.292,68.769,39,4.3029,unknown,regular,70,29,59,65,67,65,60,68,82,66,90,77,90,80,73,70,63,79,83,58,62,89,71,60,36,76
bench,372,3226,22,22,8,0,0,67.913,66.5,25,2.4731,unknown,regular,69,27,56,63,64,62,58,65,79,64,87,75,88,78,71,67,61,77,81,56,59,86,68,58,36,74
zero,373,3226,21,21,0,0,0,67.871,66.615,15,0.5109,unknown,sharpie,68,25,53,59,61,59,59,66,80,65,88,76,89,79,73,68,63,79,81,56,56,87,69,59,39,75
low,374,3226,21,21,12,1,1,71.016,69.692,23,0.8996,unknown,regular,72,30,59,65,67,65,61,68,82,67,90,78,91,81,75,70,65,80,85,59,62,89,72,61,41,77
medium,375,3226,20,20,26,6,5,67.087,65.769,25,0.8425,unknown,regular,68,27,55,61,63,61,57,64,78,63,86,74,87,77,71,66,61,77,81,55,58,85,68,57,37,73
great,376,3226,21,21,35,15,15,73.218,71.731,26,6.8656,unknown,regular,74,33,61,68,70,67,63,70,84,69,92,80,93,83,77,73,67,83,87,61,64,91,74,63,39,79
starter,377,3226,22,22,34,2,4,73.956,72.423,25,7.7715,unknown,regular,74,33,62,69,71,68,64,71,85,70,93,81,94,84,77,73,67,83,87,62,65,92,75,64,39,80
bench,378,3226,21,21,8,0,0,71.217,69.885,25,3.1588,unknown,regular,72,31,59,66,67,65,61,69,82,67,90,78,91,81,75,71,65,81,85,59,62,89,72,61,41,77
zero,379,3226,22,22,0,0,0,70.838,69.462,25,3.0825,unknown,sharpie,71,29,57,63,65,63,61,68,82,67,90,78,91,81,77,75,67,83,84,58,60,89,71,60,39,77
low,380,3226,22,22,12,1,1,68.068,66.615,27,3.0946,unknown,regular,69,27,56,63,64,62,58,65,79,64,87,75,88,78,72,68,62,77,81,56,59,86,69,58,35,74
medium,381,3226,21,21,26,6,5,69.183,67.731,26,3.4684,unknown,regular,70,28,57,64,65,63,59,66,80,65,88,76,89,79,73,69,63,79,83,57,60,88,70,59,36,75
great,382,3226,22,22,35,15,15,71.001,69.5,31,4.6725,unknown,regular,71,30,60,66,68,65,61,69,82,67,90,78,91,81,74,70,64,80,84,58,62,89,72,61,37,77
starter,383,3226,20,20,34,2,4,70.087,68.769,25,1.1483,unknown,regular,71,30,58,64,66,64,60,67,81,66,89,77,90,80,74,69,64,80,84,58,61,88,71,60,40,76
bench,384,3226,22,22,8,0,0,70.429,69.077,16,0.5814,unknown,regular,70,27,59,65,67,65,61,68,82,67,90,78,91,81,73,70,63,78,83,58,62,89,71,60,41,77
zero,385,3226,22,22,0,0,0,71.087,69.769,25,2.3334,unknown,regular,72,31,59,65,67,65,61,68,82,67,90,78,91,81,75,70,65,81,85,59,62,89,72,61,41,77
low,386,3226,20,20,12,1,1,68.217,66.885,25,2.368,unknown,regular,69,28,56,63,64,62,58,65,79,64,87,75,88,78,72,68,62,78,82,56,60,86,69,58,38,74
medium,387,3226,20,20,26,6,5,73.631,72.0,50,8.0795,unknown,regular,74,33,62,68,70,68,64,71,85,69,93,81,93,83,77,73,67,83,87,61,65,92,74,63,36,80
great,388,3226,21,21,35,15,15,70.087,68.769,25,1.3779,unknown,regular,71,30,58,64,66,64,60,67,81,66,89,77,90,80,74,69,64,80,84,58,61,88,71,60,40,76
starter,389,3226,21,21,34,2,4,73.602,72.115,25,6.0895,unknown,regular,74,32,62,68,70,68,64,71,85,69,93,80,94,84,77,73,67,82,87,61,65,92,74,63,40,80
bench,390,3226,21,21,8,0,0,70.868,69.462,25,3.6545,unknown,regular,71,30,59,65,67,65,61,68,82,67,90,78,91,81,74,70,64,80,84,59,62,89,72,61,39,77
zero,391,3226,22,22,0,0,0,67.087,65.769,25,1.6001,unknown,regular,68,27,55,61,63,61,57,64,78,63,86,74,87,77,71,66,61,77,81,55,58,85,68,57,37,73
low,392,3226,22,22,12,1,1,72.087,70.769,25,2.2109,unknown,regular,73,32,60,66,68,66,62,69,83,68,91,79,92,82,76,71,66,82,86,60,63,90,73,62,42,78
medium,393,3226,20,20,26,6,5,65.087,63.769,25,1.2117,late_bloomer,regular,66,25,53,59,61,59,55,62,76,61,84,72,85,75,69,64,59,75,79,53,56,83,66,55,35,71
great,394,3226,22,22,35,15,15,72.792,71.231,35,6.3563,unknown,regular,73,32,61,67,69,67,63,70,84,69,92,80,93,83,76,72,66,82,86,60,64,91,73,63,37,79
starter,395,3226,22,22,34,2,4,70.087,68.769,25,2.1276,unknown,regular,71,30,58,64,66,64,60,67,81,66,89,77,90,80,74,69,64,80,84,58,61,88,71,60,40,76
bench,396,3226,22,22,8,0,0,69.892,68.538,11,0.4991,unknown,regular,69,27,59,65,67,65,60,68,82,66,90,77,91,80,72,70,62,77,81,57,62,89,70,59,41,76
zero,397,3226,22,22,0,0,0,72.052,70.731,24,1.1748,unknown,regular,73,31,60,66,68,66,62,69,83,68,91,79,92,82,76,71,66,82,86,60,63,90,73,62,42,78
low,398,3226,21,21,12,1,1,70.193,68.769,25,3.4696,unknown,regular,71,29,58,65,67,65,60,67,81,66,90,77,90,80,73,70,63,80,84,58,61,88,71,60,38,76
medium,399,3226,22,22,26,6,5,66.087,64.769,25,0.8981,decliner,regular,67,26,54,60,62,60,56,63,77,62,85,73,86,76,70,65,60,76,80,54,57,84,67,56,36,72
great,400,3226,21,21,35,15,15,74.183,72.731,25,7.5584,unknown,regular,75,33,62,69,71,68,64,71,85,70,93,81,94,84,78,74,68,84,88,62,65,92,75,64,41,80
zero,401,3226,23,23,0,0,0,72.087,70.731,25,1.7747,unknown,regular,73,32,60,66,68,66,62,69,83,68,91,79,92,82,76,71,66,82,86,60,63,90,73,62,41,78
low,402,3226,23,23,12,1,1,67.087,65.731,25,0.6771,unknown,regular,68,27,55,61,63,61,57,64,78,63,86,74,87,77,71,66,61,77,81,55,58,85,68,57,36,73
medium,403,3226,23,23,26,6,5,70.682,69.115,25,3.9095,unknown,regular,71,29,59,65,67,65,61,68,82,67,90,78,91,81,74,70,64,79,84,58,62,89,71,60,35,77
great,404,3226,21,21,35,15,15,71.129,69.577,25,4.4995,unknown,regular,71,30,59,66,68,66,61,68,83,67,91,78,91,81,74,71,64,80,84,58,62,90,72,61,36,77
starter,405,3226,21,21,34,2,4,70.087,68.731,25,1.5708,unknown,regular,71,30,58,64,66,64,60,67,81,66,89,77,90,80,74,69,64,80,84,58,61,88,71,60,39,76
bench,406,3226,23,23,8,0,0,69.259,67.885,25,2.14,unknown,regular,70,29,58,64,65,63,59,66,80,65,88,76,89,79,73,69,63,79,83,57,61,87,70,59,38,75
zero,407,3226,21,21,0,0,0,68.166,66.731,25,2.3943,unknown,regular,68,27,56,63,65,63,58,66,80,64,87,75,89,78,71,68,61,77,81,56,59,86,69,58,36,74
low,408,3226,22,22,12,1,1,72.146,70.731,25,3.5423,unknown,regular,73,31,60,67,68,67,62,69,83,68,91,79,92,82,76,72,66,81,86,60,63,90,73,62,40,78
medium,409,3226,23,23,26,6,5,73.132,71.769,25,3.423,unknown,regular,74,33,61,68,69,67,63,70,84,69,92,80,93,83,77,72,67,83,87,61,64,91,74,63,42,79
great,410,3226,21,21,35,15,15,73.677,72.192,25,5.3055,unknown,regular,74,33,62,69,70,68,63,71,85,69,93,81,94,83,77,73,67,83,87,61,65,92,74,63,40,80
starter,411,3226,23,23,34,2,4,68.786,67.423,25,2.029,unknown,sharpie,69,28,56,62,64,62,58,65,79,64,87,75,88,78,76,73,66,82,82,56,59,86,69,58,37,74
bench,412,3226,23,23,8,0,0,69.511,68.0,25,3.2304,unknown,regular,70,29,58,65,66,64,60,66,80,65,88,77,90,79,73,69,63,79,83,57,60,88,70,59,35,75
zero,413,3226,21,21,0,0,0,69.429,68.038,16,0.5672,unknown,regular,69,26,58,64,66,64,60,67,81,66,89,77,90,80,72,69,62,77,82,57,61,88,70,59,39,76
low,414,3226,22,22,12,1,1,70.218,68.846,25,2.5054,unknown,regular,71,30,58,65,67,64,60,67,81,66,89,77,90,80,74,70,64,80,84,58,61,88,71,60,39,76
medium,415,3226,22,22,26,6,5,70.979,69.615,22,0.8929,unknown,regular,72,30,59,65,67,65,61,68,82,67,90,78,91,81,75,70,65,80,84,59,62,89,72,61,40,77
great,416,3226,21,21,35,15,15,67.552,66.154,25,1.9757,unknown,regular,68,27,56,62,64,62,57,65,79,63,87,74,88,77,71,67,61,77,81,55,59,86,68,57,36,73
starter,417,3226,22,22,34,2,4,72.272,70.846,29,3.6106,unknown,sharpie,72,31,58,64,66,64,62,69,83,68,91,79,92,82,79,80,69,85,85,60,61,90,73,62,39,78
bench,418,3226,21,21,8,0,0,70.713,69.346,25,2.489,unknown,sharpie,71,30,58,64,66,64,60,67,81,66,89,77,90,80,78,75,67,83,84,58,61,88,71,60,39,76
zero,419,3226,21,21,0,0,0,71.052,69.692,24,0.9333,unknown,regular,72,30,59,65,67,65,61,68,82,67,90,78,91,81,75,70,65,81,85,59,62,89,72,61,40,77
low,420,3226,22,22,12,1,1,73.468,72.077,25,3.7004,unknown,regular,74,33,62,68,70,67,63,71,84,69,93,80,94,83,77,73,67,83,87,61,65,92,74,63,42,79
medium,421,3226,21,21,26,6,5,75.979,74.5,25,7.9874,unknown,regular,77,35,64,70,72,70,66,73,87,72,95,83,96,86,79,75,70,85,90,64,67,94,77,66,42,82
great,422,3226,23,23,35,15,15,74.386,72.923,25,5.6369,unknown,regular,75,34,63,69,71,69,64,72,85,70,93,81,94,84,78,74,68,84,88,62,65,93,75,64,41,80
starter,423,3226,21,21,34,2,4,72.795,71.269,25,5.1281,unknown,regular,73,31,61,67,69,67,63,70,84,69,92,80,93,83,76,72,66,82,86,60,64,91,74,63,38,79
bench,424,3226,22,22,8,0,0,72.052,70.692,24,1.1769,regular,regular,73,31,60,66,68,66,62,69,83,68,91,79,92,82,76,71,66,82,86,60,63,90,73,62,41,78
zero,425,3226,22,22,0,0,0,70.678,69.154,25,3.4697,unknown,regular,71,30,59,66,67,65,60,68,82,67,90,77,91,80,74,70,64,80,84,58,62,89,71,60,36,77
low,426,3226,23,23,12,1,1,70.638,69.154,25,3.4763,unknown,regular,71,29,59,65,67,65,61,68,82,67,90,77,91,80,74,70,64,80,84,58,62,89,71,60,37,77
medium,427,3226,22,22,26,6,5,75.632,74.077,25,7.3691,unknown,regular,76,35,64,70,72,70,65,73,87,72,95,82,96,86,79,75,69,85,89,63,67,94,76,65,40,81
great,428,3226,23,23,35,15,15,72.147,70.731,25,3.3507,unknown,regular,73,31,60,67,68,66,62,69,83,68,91,79,92,82,76,72,66,81,86,60,63,91,73,62,40,78
starter,429,3226,21,21,34,2,4,72.718,71.077,25,5.8325,unknown,regular,73,32,61,68,69,67,62,70,84,68,92,80,93,83,76,72,66,82,86,60,64,91,73,62,35,79
bench,430,3226,22,22,8,0,0,72.029,70.577,25,3.4742,unknown,regular,73,31,60,67,69,66,62,69,83,68,91,79,92,82,75,71,66,81,86,59,63,90,73,62,39,78
zero,431,3226,21,21,0,0,0,66.087,64.731,25,0.789,unknown,regular,67,26,54,60,62,60,56,63,77,62,85,73,86,76,70,65,60,76,80,54,57,84,67,56,35,72
low,432,3226,22,22,12,1,1,68.087,66.731,25,1.0379,unknown,regular,69,28,56,62,64,62,58,65,79,64,87,75,88,78,72,67,62,78,82,56,59,86,69,58,37,74
medium,433,3226,22,22,26,6,5,76.062,74.423,25,7.5682,unknown,sharpie,75,34,60,67,69,67,65,72,86,71,94,81,95,84,89,89,83,92,88,62,64,93,75,64,36,80
great,434,3226,22,22,35,15,15,73.942,72.423,25,5.7799,unknown,regular,75,33,62,68,70,68,64,71,85,70,93,81,94,84,77,73,67,83,88,62,65,92,75,64,39,80
starter,435,3226,23,23,34,2,4,72.919,71.308,25,5.3307,unknown,regular,73,32,61,68,69,67,63,70,84,69,92,80,93,83,76,73,66,82,86,60,64,91,74,63,36,79
bench,436,3226,22,22,8,0,0,69.979,68.615,22,0.7443,unknown,regular,71,29,58,64,66,64,60,67,81,66,89,77,90,80,74,69,64,79,83,58,61,88,71,60,39,76
zero,437,3226,21,21,0,0,0,66.087,64.731,25,1.3276,unknown,regular,67,26,54,60,62,60,56,63,77,62,85,73,86,76,70,65,60,76,80,54,57,84,67,56,35,72
low,438,3226,23,23,12,1,1,70.087,68.731,25,0.9747,unknown,regular,71,30,58,64,66,64,60,67,81,66,89,77,90,80,74,69,64,80,84,58,61,88,71,60,39,76
medium,439,3226,23,23,26,6,5,68.087,66.731,25,1.1623,unknown,regular,69,28,56,62,64,62,58,65,79,64,87,75,88,78,72,67,62,78,82,56,59,86,69,58,37,74
great,440,3226,23,23,35,15,15,70.33,68.769,25,3.8179,unknown,regular,71,29,59,65,67,65,60,68,82,67,89,78,91,80,73,70,63,79,83,57,61,89,71,60,35,76
starter,441,3226,22,22,34,2,4,72.234,70.731,25,4.4647,unknown,regular,73,31,60,67,68,67,62,70,84,68,91,79,92,82,76,72,65,81,86,60,64,90,73,62,38,78
bench,442,3226,21,21,8,0,0,72.132,70.769,25,2.8709,unknown,regular,73,32,60,67,68,66,62,69,83,68,91,79,92,82,76,71,66,82,86,60,63,90,73,62,41,78
zero,443,3226,22,22,0,0,0,70.087,68.731,25,1.7557,unknown,regular,71,30,58,64,66,64,60,67,81,66,89,77,90,80,74,69,64,80,84,58,61,88,71,60,39,76
low,444,3226,23,23,12,1,1,67.793,66.385,14,0.4249,decliner,regular,67,24,57,63,65,63,59,66,80,65,88,76,89,78,69,68,59,74,79,54,60,87,67,57,38,74
medium,445,3226,21,21,26,6,5,73.03,71.692,21,1.9299,unknown,sharpie,74,33,59,66,68,66,63,70,84,69,92,80,93,83,78,75,68,84,87,61,62,91,74,63,42,79
great,446,3226,22,22,35,15,15,71.447,69.731,31,3.598,unknown,genetic_freak,70,29,64,77,72,70,60,68,82,66,90,78,91,80,71,67,61,77,83,58,67,89,71,60,35,77
starter,447,3226,21,21,34,2,4,67.087,65.731,25,0.904,unknown,regular,68,27,55,61,63,61,57,64,78,63,86,74,87,77,71,66,61,77,81,55,58,85,68,57,36,73
bench,448,3226,23,23,8,0,0,72.217,70.846,25,2.7783,unknown,regular,73,32,60,67,68,66,62,69,83,68,92,79,92,82,76,72,66,82,86,60,63,90,73,62,41,78
zero,449,3226,22,22,0,0,0,70.914,69.462,25,2.9714,unknown,regular,71,30,59,66,67,65,61,68,82,67,90,78,91,81,74,70,64,80,84,59,62,89,72,61,38,77
low,450,3226,22,22,12,1,1,71.176,69.808,25,2.6199,unknown,regular,72,31,59,66,67,65,61,68,82,67,90,78,91,81,75,71,65,81,85,59,62,89,72,61,40,77
medium,451,3226,22,22,26,6,5,75.517,74.0,25,7.3832,unknown,regular,76,34,64,70,72,70,65,73,87,71,95,82,96,85,79,75,69,85,89,63,67,94,76,65,41,81
great,452,3226,23,23,35,15,15,74.024,72.615,25,4.4651,unknown,regular,75,33,62,69,70,68,64,71,85,70,93,81,94,84,77,73,67,84,88,62,65,92,75,64,42,80
starter,453,3226,22,22,34,2,4,68.955,67.5,25,2.7991,unknown,regular,70,28,57,64,65,63,59,66,80,65,88,76,89,79,72,69,63,78,82,56,60,87,69,59,36,75
bench,454,3226,22,22,8,0,0,68.611,67.231,16,0.5181,unknown,regular,69,26,57,63,65,63,59,66,80,65,88,76,89,79,71,68,62,77,82,56,60,87,69,58,38,75
zero,455,3226,21,21,0,0,0,70.087,68.731,25,1.2713,unknown,regular,71,30,58,64,66,64,60,67,81,66,89,77,90,80,74,69,64,80,84,58,61,88,71,60,39,76
low,456,3226,23,23,12,1,1,73.087,71.731,25,2.3677,unknown,regular,74,33,61,67,69,67,63,70,84,69,92,80,93,83,77,72,67,83,87,61,64,91,74,63,42,79
medium,457,3226,22,22,26,6,5,67.768,66.308,25,2.3836,unknown,regular,68,27,56,63,65,62,58,65,79,64,87,75,88,77,71,68,61,76,81,55,59,86,68,57,35,73
great,458,3226,23,23,35,15,15,71.868,70.385,25,4.1411,unknown,regular,72,31,60,66,68,66,62,69,83,68,91,79,92,82,75,71,65,81,85,60,63,90,73,62,38,78
starter,459,3226,22,22,34,2,4,70.087,68.731,25,1.9559,regular,regular,71,30,58,64,66,64,60,67,81,66,89,77,90,80,74,69,64,80,84,58,61,88,71,60,39,76
bench,460,3226,22,22,8,0,0,66.943,65.577,21,0.4964,decliner,regular,68,26,55,61,63,61,57,64,78,63,86,74,87,77,70,66,61,76,80,55,58,85,68,57,36,73
zero,461,3226,22,22,0,0,0,72.537,71.154,16,0.8828,unknown,regular,73,30,61,67,69,67,63,70,84,69,92,80,93,83,75,72,65,81,85,60,64,91,73,62,42,79
low,462,3226,23,23,12,1,1,67.176,65.808,25,1.0922,early_peak,regular,68,27,55,62,63,61,57,64,78,63,86,74,87,77,71,67,61,77,81,55,58,85,68,57,36,73
medium,463,3226,21,21,26,6,5,75.943,74.423,25,8.6584,unknown,regular,77,35,64,70,72,70,66,73,87,72,95,83,96,86,79,75,70,85,89,64,67,94,77,66,41,82
great,464,3226,22,22,35,15,15,73.398,71.923,25,4.4235,unknown,regular,74,32,61,68,70,68,63,71,85,69,93,80,93,83,77,73,67,82,87,61,65,92,74,63,40,79
starter,465,3226,23,23,34,2,4,73.087,71.731,25,2.2293,unknown,regular,74,33,61,67,69,67,63,70,84,69,92,80,93,83,77,72,67,83,87,61,64,91,74,63,42,79
bench,466,3226,21,21,8,0,0,67.087,65.731,25,1.1595,unknown,regular,68,27,55,61,63,61,57,64,78,63,86,74,87,77,71,66,61,77,81,55,58,85,68,57,36,73
zero,467,3226,23,23,0,0,0,66.087,64.731,25,0.6384,unknown,regular,67,26,54,60,62,60,56,63,77,62,85,73,86,76,70,65,60,76,80,54,57,84,67,56,35,72
low,468,3226,21,21,12,1,1,70.791,69.308,25,3.5451,unknown,regular,71,30,59,65,67,65,61,68,82,67,90,78,91,81,74,70,64,80,84,58,62,89,72,60,37,77
medium,469,3226,22,22,26,6,5,72.713,71.192,25,4.4277,unknown,regular,73,32,61,67,69,67,63,70,84,69,92,80,93,82,76,72,66,82,86,60,64,91,73,62,38,79
great,470,3226,21,21,35,15,15,72.999,71.385,25,5.8414,unknown,jokester,73,32,61,68,69,67,63,70,84,69,92,80,93,83,76,73,66,82,86,61,64,92,74,63,36,79
starter,471,3226,22,22,34,2,4,71.292,69.731,25,3.9966,unknown,regular,71,30,60,66,68,66,61,69,83,67,91,78,91,81,74,71,64,80,84,59,63,90,72,61,36,77
bench,472,3226,23,23,8,0,0,68.913,67.462,25,2.4731,unknown,regular,70,28,57,64,65,63,59,66,80,65,88,76,89,79,72,68,62,78,82,57,60,87,69,59,36,75
zero,473,3226,22,22,0,0,0,68.233,66.962,9,0.4606,unknown,sharpie,68,25,53,59,61,59,59,67,81,65,89,76,90,79,74,69,64,80,81,56,56,88,69,59,39,75
low,474,3226,22,22,12,1,1,71.797,70.423,19,0.9064,unknown,regular,72,30,60,66,68,66,62,69,83,68,91,79,92,82,75,71,65,80,85,60,63,90,73,62,41,78
medium,475,3226,21,21,26,6,5,68.087,66.731,25,0.8924,unknown,regular,69,28,56,62,64,62,58,65,79,64,87,75,88,78,72,67,62,78,82,56,59,86,69,58,37,74
great,476,3226,22,22,35,15,15,74.218,72.692,25,6.7296,unknown,regular,75,34,62,69,71,68,64,71,85,70,93,81,94,84,78,74,68,84,88,62,65,92,75,64,39,80
starter,477,3226,23,23,34,2,4,74.956,73.385,25,7.6318,unknown,regular,75,34,63,70,72,69,65,72,86,71,94,82,95,85,78,74,68,84,88,63,66,93,76,65,39,81
bench,478,3226,22,22,8,0,0,72.217,70.846,25,2.842,unknown,regular,73,32,60,67,68,66,62,70,83,68,91,79,92,82,76,72,66,82,86,60,63,90,73,62,41,78
zero,479,3226,23,23,0,0,0,71.969,70.538,28,3.0825,unknown,sharpie,72,30,58,64,66,64,62,69,83,68,91,79,92,82,78,79,68,84,85,59,61,90,72,61,39,78
low,480,3226,23,23,12,1,1,69.068,67.577,25,3.1107,unknown,regular,70,28,57,64,65,63,59,66,80,65,88,76,89,79,73,69,63,78,82,57,60,87,70,59,35,75
medium,481,3226,22,22,26,6,5,70.183,68.692,25,3.4728,unknown,regular,71,29,58,65,66,64,60,67,81,66,89,77,90,80,74,70,64,80,84,58,61,89,71,60,36,76
great,482,3226,23,23,35,15,15,72.001,70.462,25,4.6162,unknown,regular,72,31,61,67,69,66,62,70,83,68,91,79,92,82,75,71,65,81,85,59,63,90,73,62,37,78
starter,483,3226,21,21,34,2,4,71.087,69.731,25,1.1634,unknown,regular,72,31,59,65,67,65,61,68,82,67,90,78,91,81,75,70,65,81,85,59,62,89,72,61,40,77
bench,484,3226,23,23,8,0,0,70.811,69.423,9,0.5802,unknown,regular,70,27,60,66,68,66,61,69,83,67,91,78,91,81,73,71,63,78,83,58,62,90,71,60,41,77
zero,485,3226,23,23,0,0,0,72.087,70.731,25,2.3334,unknown,regular,73,32,60,66,68,66,62,69,83,68,91,79,92,82,76,71,66,82,86,60,63,90,73,62,41,78
low,486,3226,21,21,12,1,1,69.217,67.846,25,2.3594,unknown,regular,70,29,57,64,65,63,59,66,80,65,88,76,89,79,73,69,63,79,83,57,61,87,70,59,38,75
medium,487,3226,21,21,26,6,5,74.631,72.962,25,7.6906,unknown,regular,75,34,63,69,71,69,65,72,86,70,94,82,94,84,78,74,68,84,88,62,66,93,75,64,36,81
great,488,3226,22,22,35,15,15,71.087,69.731,25,1.3422,unknown,regular,72,31,59,65,67,65,61,68,82,67,90,78,91,81,75,70,65,81,85,59,62,89,72,61,40,77
starter,489,3226,22,22,34,2,4,74.602,73.077,25,5.7963,unknown,regular,75,33,63,69,71,69,65,72,86,70,94,81,95,85,78,74,68,83,88,62,66,93,75,64,40,81
bench,490,3226,22,22,8,0,0,71.868,70.423,25,3.2747,unknown,regular,72,31,60,66,68,66,62,69,83,68,91,79,92,82,75,71,65,81,85,60,63,90,73,62,39,78
zero,491,3226,23,23,0,0,0,68.087,66.731,25,1.6001,unknown,regular,69,28,56,62,64,62,58,65,79,64,87,75,88,78,72,67,62,78,82,56,59,86,69,58,37,74
low,492,3226,23,23,12,1,1,73.087,71.731,25,2.1794,unknown,regular,74,33,61,67,69,67,63,70,84,69,92,80,93,83,77,72,67,83,87,61,64,91,74,63,42,79
medium,493,3226,21,21,26,6,5,66.087,64.731,25,1.1002,late_bloomer,regular,67,26,54,60,62,60,56,63,77,62,85,73,86,76,70,65,60,76,80,54,57,84,67,56,35,72
great,494,3226,23,23,35,15,15,73.792,72.192,25,6.2132,unknown,regular,74,33,62,68,70,68,64,71,85,70,93,81,94,84,77,73,67,83,87,61,65,92,74,64,37,80
starter,495,3226,23,23,34,2,4,71.087,69.731,25,2.3229,unknown,regular,72,31,59,65,67,65,61,68,82,67,90,78,91,81,75,70,65,81,85,59,62,89,72,61,40,77
bench,496,3226,23,23,8,0,0,70.024,68.654,3,0.5,unknown,regular,69,27,59,66,68,65,60,68,82,66,90,77,91,80,72,71,62,77,81,57,62,89,70,59,41,76
zero,497,3226,23,23,0,0,0,72.833,71.462,19,1.1748,unknown,regular,73,31,61,67,69,67,63,70,84,69,92,80,93,83,76,72,66,82,86,61,64,91,74,63,42,79
low,498,3226,22,22,12,1,1,71.193,69.731,25,3.5345,unknown,regular,72,30,59,66,68,66,61,68,82,67,91,78,91,81,74,71,64,81,85,59,62,89,72,61,38,77
medium,499,3226,23,23,26,6,5,67.087,65.731,25,0.9085,decliner,regular,68,27,55,61,63,61,57,64,78,63,86,74,87,77,71,66,61,77,81,55,58,85,68,57,36,73
great,500,3226,22,22,35,15,15,75.183,73.692,25,6.8554,unknown,regular,76,34,63,70,72,69,65,72,86,71,94,82,95,85,79,75,69,85,89,63,66,93,76,65,41,81
zero,501,3226,24,24,0,0,0,73.087,71.692,25,1.5811,unknown,regular,74,33,61,67,69,67,63,70,84,69,92,80,93,83,77,72,67,83,87,61,64,91,74,63,41,79
low,502,3226,24,24,12,1,1,68.052,66.654,24,0.6764,unknown,regular,69,27,56,62,64,62,58,65,79,64,87,75,88,78,72,67,62,78,82,56,59,86,69,58,36,74
medium,503,3226,24,24,26,6,5,71.682,70.077,25,3.8646,unknown,regular,72,30,60,66,68,66,62,69,83,68,91,79,92,82,75,71,65,80,85,59,63,90,72,61,35,78
great,504,3226,22,22,35,15,15,72.129,70.538,25,4.3982,unknown,regular,72,31,60,67,69,67,62,69,84,68,92,79,92,82,75,72,65,81,85,59,63,91,73,62,36,78
starter,505,3226,22,22,34,2,4,71.087,69.692,25,1.6405,unknown,regular,72,31,59,65,67,65,61,68,82,67,90,78,91,81,75,70,65,81,85,59,62,89,72,61,39,77
bench,506,3226,24,24,8,0,0,70.259,68.846,25,2.1012,unknown,regular,71,30,59,65,66,64,60,67,81,66,89,77,90,80,74,70,64,80,84,58,62,88,71,60,38,76
zero,507,3226,22,22,0,0,0,69.166,67.692,25,2.1588,unknown,regular,69,28,57,64,66,64,59,67,81,65,88,76,90,79,72,69,62,78,82,57,60,87,70,59,36,75
low,508,3226,23,23,12,1,1,73.146,71.692,25,3.5033,unknown,regular,74,32,61,68,69,68,63,70,84,69,92,80,93,83,77,73,67,82,87,61,64,91,74,63,40,79
medium,509,3226,24,24,26,6,5,74.132,72.731,25,3.4492,unknown,regular,75,34,62,69,70,68,64,71,85,70,93,81,94,84,78,73,68,84,88,62,65,92,75,64,42,80
great,510,3226,22,22,35,15,15,74.677,73.154,25,5.4397,unknown,regular,75,34,63,70,71,69,64,72,86,70,94,82,95,84,78,74,68,84,88,62,66,93,75,64,40,81
starter,511,3226,24,24,34,2,4,69.786,68.385,25,1.8994,unknown,sharpie,70,29,57,63,65,63,59,66,80,65,88,76,89,79,77,74,67,83,83,57,60,87,70,59,37,75
bench,512,3226,24,24,8,0,0,70.511,68.962,25,3.1777,unknown,regular,71,30,59,66,67,65,61,67,81,66,89,78,91,80,74,70,64,80,84,58,61,89,71,60,35,76
zero,513,3226,22,22,0,0,0,69.894,68.462,11,0.5114,unknown,regular,69,26,59,65,67,65,60,68,82,66,90,77,91,80,72,70,62,77,82,57,62,89,70,59,39,76
low,514,3226,23,23,12,1,1,71.218,69.808,25,2.4676,unknown,regular,72,31,59,66,68,65,61,68,82,67,90,78,91,81,75,71,65,81,85,59,62,89,72,61,39,77
medium,515,3226,23,23,26,6,5,71.871,70.462,22,0.9693,unknown,regular,73,30,60,66,68,66,62,69,83,68,91,79,92,82,75,71,65,81,85,60,63,90,73,62,40,78
great,516,3226,22,22,35,15,15,68.552,67.115,25,2.0472,unknown,regular,69,28,57,63,65,63,58,66,80,64,88,75,89,78,72,68,62,78,82,56,60,87,69,58,36,74
starter,517,3226,23,23,34,2,4,73.272,71.808,25,3.5465,unknown,sharpie,73,32,59,65,67,65,63,70,84,69,92,80,93,83,80,81,70,86,86,61,62,91,74,63,39,79
bench,518,3226,22,22,8,0,0,71.8,70.385,27,2.2294,unknown,sharpie,72,31,59,65,67,65,61,68,82,67,90,78,91,81,79,78,68,84,85,59,62,89,72,61,39,77
zero,519,3226,22,22,0,0,0,71.757,70.346,17,0.8415,unknown,regular,72,30,60,66,68,66,62,69,83,68,91,79,92,82,75,71,65,81,85,59,63,90,72,62,40,78
low,520,3226,23,23,12,1,1,74.468,73.038,25,3.7331,unknown,regular,75,34,63,69,71,68,64,72,85,70,94,81,95,84,78,74,68,84,88,62,66,93,75,64,42,80
medium,521,3226,22,22,26,6,5,81.536,79.769,137,7.4826,unknown,regular,83,36,74,79,80,78,75,80,91,80,96,87,97,90,80,82,77,86,92,73,76,95,83,75,42,87
great,522,3226,24,24,35,15,15,75.386,73.885,25,5.8604,unknown,regular,76,35,64,70,72,70,65,73,86,71,94,82,95,85,79,75,69,85,89,63,66,94,76,65,41,81
starter,523,3226,22,22,34,2,4,73.795,72.231,25,4.982,unknown,regular,74,32,62,68,70,68,64,71,85,70,93,81,94,84,77,73,67,83,87,61,65,92,75,64,38,80
bench,524,3226,23,23,8,0,0,72.871,71.462,20,1.1744,regular,regular,74,31,61,67,69,67,63,70,84,69,92,80,93,83,76,72,66,82,86,61,64,91,74,63,41,79
zero,525,3226,23,23,0,0,0,71.678,70.115,25,3.4697,unknown,regular,72,31,60,67,68,66,61,69,83,68,91,78,92,81,75,71,65,81,85,59,63,90,72,61,36,78
low,526,3226,24,24,12,1,1,71.638,70.115,25,3.4614,unknown,regular,72,30,60,66,68,66,62,69,83,68,91,78,92,81,75,71,65,81,85,59,63,90,72,61,37,78
medium,527,3226,23,23,26,6,5,79.293,77.462,88,7.5471,unknown,regular,77,36,74,79,80,78,66,80,90,79,96,83,97,90,80,82,70,86,90,64,76,96,77,66,40,82
great,528,3226,24,24,35,15,15,73.147,71.692,25,3.2428,unknown,regular,74,32,61,68,69,67,63,70,84,69,92,80,93,83,77,73,67,82,87,61,64,92,74,63,40,79
starter,529,3226,22,22,34,2,4,73.718,72.038,25,6.3078,unknown,regular,74,33,62,69,70,68,63,71,85,69,93,81,94,84,77,73,67,83,87,61,65,92,74,63,35,80
bench,530,3226,23,23,8,0,0,73.029,71.538,25,3.4664,unknown,regular,74,32,61,68,70,67,63,70,84,69,92,80,93,83,76,72,67,82,87,60,64,91,74,63,39,79
zero,531,3226,22,22,0,0,0,67.087,65.692,25,0.7114,unknown,regular,68,27,55,61,63,61,57,64,78,63,86,74,87,77,71,66,61,77,81,55,58,85,68,57,35,73
low,532,3226,23,23,12,1,1,69.087,67.692,25,1.0543,unknown,regular,70,29,57,63,65,63,59,66,80,65,88,76,89,79,73,68,63,79,83,57,60,87,70,59,37,75
medium,533,3226,23,23,26,6,5,77.026,75.346,24,7.2454,unknown,sharpie,76,35,61,68,70,68,66,73,87,72,95,82,96,85,89,90,84,93,89,63,65,94,76,65,36,81
great,534,3226,23,23,35,15,15,74.942,73.385,25,5.5816,unknown,regular,76,34,63,69,71,69,65,72,86,71,94,82,95,85,78,74,68,84,89,63,66,93,76,65,39,81
starter,535,3226,24,24,34,2,4,73.919,72.269,25,5.7776,unknown,regular,74,33,62,69,70,68,64,71,85,70,93,81,94,84,77,74,67,83,87,61,65,92,75,64,36,80
bench,536,3226,23,23,8,0,0,70.759,69.346,19,0.7489,unknown,regular,71,29,59,65,67,65,61,68,82,67,90,78,91,81,74,70,64,79,84,58,62,89,72,61,39,77
zero,537,3226,22,22,0,0,0,67.087,65.692,25,1.197,unknown,regular,68,27,55,61,63,61,57,64,78,63,86,74,87,77,71,66,61,77,81,55,58,85,68,57,35,73
low,538,3226,24,24,12,1,1,71.052,69.654,24,0.9494,unknown,regular,72,30,59,65,67,65,61,68,82,67,90,78,91,81,75,70,65,81,85,59,62,89,72,61,39,77
medium,539,3226,24,24,26,6,5,69.087,67.692,25,1.0991,unknown,regular,70,29,57,63,65,63,59,66,80,65,88,76,89,79,73,68,63,79,83,57,60,87,70,59,37,75
great,540,3226,24,24,35,15,15,71.33,69.731,25,3.7038,unknown,regular,72,30,60,66,68,66,61,69,83,68,90,79,92,81,74,71,64,80,84,58,62,90,72,61,35,77
starter,541,3226,23,23,34,2,4,73.234,71.692,25,4.451,unknown,regular,74,32,61,68,69,68,63,71,85,69,92,80,93,83,77,73,66,82,87,61,65,91,74,63,38,79
bench,542,3226,22,22,8,0,0,73.132,71.731,25,2.5598,unknown,regular,74,33,61,68,69,67,63,70,84,69,92,80,93,83,77,72,67,83,87,61,64,91,74,63,41,79
zero,543,3226,23,23,0,0,0,71.087,69.692,25,1.7557,unknown,regular,72,31,59,65,67,65,61,68,82,67,90,78,91,81,75,70,65,81,85,59,62,89,72,61,39,77
low,544,3226,24,24,12,1,1,67.793,66.385,0,0.1075,decliner,regular,67,24,57,63,65,63,59,66,80,65,88,76,89,78,69,68,59,74,79,54,60,87,67,57,38,74
medium,545,3226,22,22,26,6,5,73.911,72.538,22,1.9746,unknown,sharpie,75,33,59,66,68,66,64,71,85,70,93,81,94,84,79,78,69,85,88,62,63,92,75,64,42,80
great,546,3226,23,23,35,15,15,73.451,71.615,49,3.8777,unknown,genetic_freak,71,30,72,78,78,77,61,69,83,67,91,79,92,81,72,68,62,78,84,59,74,90,72,61,35,78
starter,547,3226,22,22,34,2,4,68.087,66.692,25,0.8352,unknown,regular,69,28,56,62,64,62,58,65,79,64,87,75,88,78,72,67,62,78,82,56,59,86,69,58,36,74
bench,548,3226,24,24,8,0,0,73.217,71.808,25,2.7344,unknown,regular,74,33,61,68,69,67,63,70,84,69,93,80,93,83,77,73,67,83,87,61,64,91,74,63,41,79
zero,549,3226,23,23,0,0,0,71.914,70.423,25,2.9714,unknown,regular,72,31,60,67,68,66,62,69,83,68,91,79,92,82,75,71,65,81,85,60,63,90,73,62,38,78
low,550,3226,23,23,12,1,1,72.176,70.769,25,2.6574,unknown,regular,73,32,60,67,68,66,62,69,83,68,91,79,92,82,76,72,66,82,86,60,63,90,73,62,40,78
medium,551,3226,23,23,26,6,5,79.028,77.231,84,7.7088,unknown,regular,77,35,75,80,80,79,66,81,90,72,96,83,97,86,80,83,70,86,90,64,77,95,77,66,41,82
great,552,3226,24,24,35,15,15,75.024,73.577,25,4.6687,unknown,regular,76,34,63,70,71,69,65,72,86,71,94,82,95,85,78,74,68,85,89,63,66,93,76,65,42,81
starter,553,3226,23,23,34,2,4,69.955,68.462,25,2.6472,unknown,regular,71,29,58,65,66,64,60,67,81,66,89,77,90,80,73,70,64,79,83,57,61,88,70,60,36,76
bench,554,3226,23,23,8,0,0,69.277,67.846,16,0.5183,unknown,regular,69,26,58,64,66,64,60,67,81,66,89,77,90,80,71,69,62,77,82,56,61,88,69,58,38,76
zero,555,3226,22,22,0,0,0,71.087,69.692,25,1.1462,unknown,regular,72,31,59,65,67,65,61,68,82,67,90,78,91,81,75,70,65,81,85,59,62,89,72,61,39,77
low,556,3226,24,24,12,1,1,74.087,72.692,25,2.3807,unknown,regular,75,34,62,68,70,68,64,71,85,70,93,81,94,84,78,73,68,84,88,62,65,92,75,64,42,80
medium,557,3226,23,23,26,6,5,68.768,67.269,25,2.5105,unknown,regular,69,28,57,64,66,63,59,66,80,65,88,76,89,78,72,69,62,77,82,56,60,87,69,58,35,74
great,558,3226,24,24,35,15,15,72.868,71.346,25,3.5994,unknown,regular,73,32,61,67,69,67,63,70,84,69,92,80,93,83,76,72,66,82,86,61,64,91,74,63,38,79
starter,559,3226,23,23,34,2,4,71.087,69.692,25,2.0433,regular,regular,72,31,59,65,67,65,61,68,82,67,90,78,91,81,75,70,65,81,85,59,62,89,72,61,39,77
bench,560,3226,23,23,8,0,0,67.686,66.269,18,0.4977,decliner,regular,68,26,56,62,64,62,58,65,79,64,87,75,88,78,70,67,61,76,80,55,59,86,69,58,36,74
zero,561,3226,23,23,0,0,0,72.711,71.308,4,0.8828,unknown,regular,73,30,61,68,70,67,63,70,84,69,92,80,93,83,75,73,65,81,85,60,64,92,73,62,42,79
low,562,3226,24,24,12,1,1,68.176,66.769,25,1.1108,early_peak,regular,69,28,56,63,64,62,58,65,79,64,87,75,88,78,72,68,62,78,82,56,59,86,69,58,36,74
medium,563,3226,22,22,26,6,5,81.88,80.038,146,7.8896,unknown,regular,83,36,75,80,80,79,76,81,91,80,96,88,97,90,80,83,77,86,90,74,77,96,83,75,41,87
great,564,3226,23,23,35,15,15,74.398,72.885,25,4.4102,unknown,regular,75,33,62,69,71,69,64,72,86,70,94,81,94,84,78,74,68,83,88,62,66,93,75,64,40,80
starter,565,3226,24,24,34,2,4,74.087,72.692,25,2.0958,unknown,regular,75,34,62,68,70,68,64,71,85,70,93,81,94,84,78,73,68,84,88,62,65,92,75,64,42,80
bench,566,3226,22,22,8,0,0,68.087,66.692,25,1.0477,unknown,regular,69,28,56,62,64,62,58,65,79,64,87,75,88,78,72,67,62,78,82,56,59,86,69,58,36,74
zero,567,3226,24,24,0,0,0,67.052,65.654,24,0.5687,unknown,regular,68,26,55,61,63,61,57,64,78,63,86,74,87,77,71,66,61,77,81,55,58,85,68,57,35,73
low,568,3226,22,22,12,1,1,71.791,70.269,25,3.5384,unknown,regular,72,31,60,66,68,66,62,69,83,68,91,79,92,82,75,71,65,81,85,59,63,90,73,61,37,78
medium,569,3226,23,23,26,6,5,73.713,72.154,25,4.656,unknown,regular,74,33,62,68,70,68,64,71,85,70,93,81,94,83,77,73,67,83,87,61,65,92,74,63,38,80
great,570,3226,22,22,35,15,15,73.999,72.346,25,5.7038,unknown,jokester,74,33,62,69,70,68,64,71,85,70,93,81,94,84,77,74,67,83,87,62,65,93,75,64,36,80
starter,571,3226,23,23,34,2,4,72.292,70.692,25,3.9426,unknown,regular,72,31,61,67,69,67,62,70,84,68,92,79,92,82,75,72,65,81,85,60,64,91,73,62,36,78
bench,572,3226,24,24,8,0,0,69.913,68.423,25,2.4243,unknown,regular,71,29,58,65,66,64,60,67,81,66,89,77,90,80,73,69,63,79,83,58,61,88,70,60,36,76
zero,573,3226,23,23,0,0,0,68.552,67.269,8,0.4606,unknown,sharpie,68,25,53,59,61,59,60,68,81,65,90,76,90,79,75,70,65,81,81,56,56,89,69,59,39,75
low,574,3226,23,23,12,1,1,72.537,71.115,18,0.9098,unknown,regular,73,30,61,67,69,67,63,70,84,69,92,80,93,83,75,72,65,81,85,60,64,91,73,62,41,79
medium,575,3226,22,22,26,6,5,69.087,67.692,25,0.8432,unknown,regular,70,29,57,63,65,63,59,66,80,65,88,76,89,79,73,68,63,79,83,57,60,87,70,59,37,75
great,576,3226,23,23,35,15,15,75.218,73.654,25,6.5095,unknown,regular,76,35,63,70,72,69,65,72,86,71,94,82,95,85,79,75,69,85,89,63,66,93,76,65,39,81
starter,577,3226,24,24,34,2,4,76.617,74.923,40,7.5465,unknown,regular,76,35,64,79,80,70,66,73,87,72,95,83,96,86,79,75,69,85,89,64,67,94,77,66,39,82
bench,578,3226,23,23,8,0,0,73.217,71.808,25,2.8385,unknown,regular,74,33,61,68,69,67,63,71,84,69,92,80,93,83,77,73,67,83,87,61,64,91,74,63,41,79
zero,579,3226,24,24,0,0,0,72.969,71.5,25,2.7462,unknown,sharpie,73,31,59,65,67,65,63,70,84,69,92,80,93,83,79,80,69,85,86,60,62,91,73,62,39,79
low,580,3226,24,24,12,1,1,70.068,68.538,25,3.071,unknown,regular,71,29,58,65,66,64,60,67,81,66,89,77,90,80,74,70,64,79,83,58,61,88,71,60,35,76
medium,581,3226,23,23,26,6,5,71.183,69.654,25,3.4898,unknown,regular,72,30,59,66,67,65,61,68,82,67,90,78,91,81,75,71,65,81,85,59,62,90,72,61,36,77
great,582,3226,24,24,35,15,15,73.001,71.423,25,4.4433,unknown,regular,73,32,62,68,70,67,63,71,84,69,92,80,93,83,76,72,66,82,86,60,64,91,74,63,37,79
starter,583,3226,22,22,34,2,4,72.052,70.654,24,1.0932,unknown,regular,73,31,60,66,68,66,62,69,83,68,91,79,92,82,76,71,66,82,86,60,63,90,73,62,40,78
bench,584,3226,24,24,8,0,0,70.983,69.577,4,0.5701,unknown,regular,70,27,60,67,68,66,61,69,83,67,91,78,92,81,73,72,63,78,83,58,63,90,71,60,41,77
zero,585,3226,24,24,0,0,0,73.087,71.692,25,2.0788,unknown,regular,74,33,61,67,69,67,63,70,84,69,92,80,93,83,77,72,67,83,87,61,64,91,74,63,41,79
low,586,3226,22,22,12,1,1,70.217,68.808,25,2.3091,unknown,regular,71,30,58,65,66,64,60,67,81,66,89,77,90,80,74,70,64,80,84,58,62,88,71,60,38,76
medium,587,3226,22,22,26,6,5,75.631,73.923,25,8.1794,unknown,regular,76,35,64,70,72,70,66,73,87,71,95,83,95,85,79,75,69,85,89,63,67,94,76,65,36,82
great,588,3226,23,23,35,15,15,72.087,70.692,25,1.3091,unknown,regular,73,32,60,66,68,66,62,69,83,68,91,79,92,82,76,71,66,82,86,60,63,90,73,62,40,78
starter,589,3226,23,23,34,2,4,75.602,74.038,25,5.9409,unknown,regular,76,34,64,70,72,70,66,73,87,71,95,82,96,86,79,75,69,84,89,63,67,94,76,65,40,82
bench,590,3226,23,23,8,0,0,72.868,71.385,25,3.2823,unknown,regular,73,32,61,67,69,67,63,70,84,69,92,80,93,83,76,72,66,82,86,61,64,91,74,63,39,79
zero,591,3226,24,24,0,0,0,69.087,67.692,25,1.4256,unknown,regular,70,29,57,63,65,63,59,66,80,65,88,76,89,79,73,68,63,79,83,57,60,87,70,59,37,75
low,592,3226,24,24,12,1,1,74.087,72.692,25,2.176,unknown,regular,75,34,62,68,70,68,64,71,85,70,93,81,94,84,78,73,68,84,88,62,65,92,75,64,42,80
medium,593,3226,22,22,26,6,5,67.087,65.692,25,1.2043,late_bloomer,regular,68,27,55,61,63,61,57,64,78,63,86,74,87,77,71,66,61,77,81,55,58,85,68,57,35,73
great,594,3226,24,24,35,15,15,74.792,73.154,25,5.9537,unknown,regular,75,34,63,69,71,69,65,72,86,71,94,82,95,85,78,74,68,84,88,62,66,93,75,65,37,81
starter,595,3226,24,24,34,2,4,72.087,70.692,25,2.093,unknown,regular,73,32,60,66,68,66,62,69,83,68,91,79,92,82,76,71,66,82,86,60,63,90,73,62,40,78
bench,596,3226,24,24,8,0,0,70.112,68.731,2,0.49,unknown,regular,69,27,59,67,68,65,60,68,82,66,90,77,91,80,72,72,62,77,81,57,62,89,70,59,41,76
zero,597,3226,24,24,0,0,0,73.298,71.885,11,1.0466,unknown,regular,73,31,62,68,70,68,63,71,85,69,93,80,94,83,76,73,66,82,86,61,65,92,74,63,42,79
low,598,3226,23,23,12,1,1,72.193,70.692,25,3.4967,unknown,regular,73,31,60,67,69,67,62,69,83,68,92,79,92,82,75,72,65,82,86,60,63,90,73,62,38,78
medium,599,3226,24,24,26,6,5,67.132,65.769,1,0.2326,decliner,regular,68,27,55,62,63,61,57,64,78,63,86,74,87,77,71,66,61,77,81,55,58,85,68,57,36,73
great,600,3226,23,23,35,15,15,77.017,75.385,44,6.8093,unknown,regular,77,35,64,78,79,70,66,73,87,72,95,83,96,86,80,82,70,86,90,64,67,94,77,66,41,82
zero,601,3226,25,25,0,0,0,73.176,71.769,2,0.749,unknown,regular,74,33,61,68,69,67,63,70,84,69,92,80,93,83,77,73,67,83,87,61,64,91,74,63,41,79
low,602,3226,25,25,12,1,1,68.225,66.808,4,0.3173,unknown,regular,69,27,56,63,65,62,58,65,79,64,87,75,88,78,72,68,62,78,82,56,59,87,69,58,36,74
medium,603,3226,25,25,26,6,5,72.682,71.038,25,1.7271,unknown,regular,73,31,61,67,69,67,63,70,84,69,92,80,93,83,76,72,66,81,86,60,64,91,73,62,35,79
great,604,3226,23,23,35,15,15,73.129,71.5,25,4.1907,unknown,regular,73,32,61,68,70,68,63,70,85,69,93,80,93,83,76,73,66,82,86,60,64,92,74,63,36,79
starter,605,3226,23,23,34,2,4,72.087,70.654,25,1.5351,unknown,regular,73,32,60,66,68,66,62,69,83,68,91,79,92,82,76,71,66,82,86,60,63,90,73,62,39,78
bench,606,3226,25,25,8,0,0,71.259,69.808,25,0.9926,unknown,regular,72,31,60,66,67,65,61,68,82,67,90,78,91,81,75,71,65,81,85,59,63,89,72,61,38,77
zero,607,3226,23,23,0,0,0,70.166,68.654,25,2.1588,unknown,regular,70,29,58,65,67,65,60,68,82,66,89,77,91,80,73,70,63,79,83,58,61,88,71,60,36,76
low,608,3226,24,24,12,1,1,74.146,72.654,25,3.5232,unknown,regular,75,33,62,69,70,69,64,71,85,70,93,81,94,84,78,74,68,83,88,62,65,92,75,64,40,80
medium,609,3226,25,25,26,6,5,74.678,73.231,13,1.6106,unknown,regular,75,34,63,70,71,69,65,72,86,71,94,81,95,84,78,74,68,84,88,62,66,93,75,64,42,80
great,610,3226,23,23,35,15,15,75.904,74.308,30,5.0381,unknown,regular,76,35,64,76,72,70,65,73,87,71,95,83,96,85,79,75,69,85,89,63,67,94,76,65,40,82
starter,611,3226,25,25,34,2,4,70.573,69.154,20,0.9892,unknown,sharpie,71,30,57,63,65,63,60,67,81,66,89,77,90,80,78,75,68,84,84,58,60,88,71,60,37,76
bench,612,3226,25,25,8,0,0,71.511,69.923,25,1.5046,unknown,regular,72,31,60,67,68,66,62,68,82,67,90,79,92,81,75,71,65,81,85,59,62,90,72,61,35,77
zero,613,3226,23,23,0,0,0,70.109,68.654,5,0.5114,unknown,regular,69,26,59,66,68,66,60,68,82,66,90,77,91,80,72,71,62,77,82,57,62,90,70,59,39,76
low,614,3226,24,24,12,1,1,72.218,70.769,25,2.5302,unknown,regular,73,32,60,67,69,66,62,69,83,68,91,79,92,82,76,72,66,82,86,60,63,90,73,62,39,78
medium,615,3226,24,24,26,6,5,72.537,71.077,16,0.9337,unknown,regular,73,30,61,67,69,67,63,70,84,69,92,80,93,83,75,72,65,81,85,60,64,91,73,62,40,79
great,616,3226,23,23,35,15,15,69.552,68.077,25,2.0191,unknown,regular,70,29,58,64,66,64,59,67,81,65,89,76,90,79,73,69,63,79,83,57,61,88,70,59,36,75
starter,617,3226,24,24,34,2,4,74.565,73.077,33,3.6271,unknown,sharpie,74,33,60,66,68,66,64,71,85,70,93,81,94,84,84,82,75,88,87,62,63,92,75,64,39,80
bench,618,3226,23,23,8,0,0,72.8,71.346,25,2.2351,unknown,sharpie,73,32,60,66,68,66,62,69,83,68,91,79,92,82,80,79,69,85,86,60,63,90,73,62,39,78
zero,619,3226,23,23,0,0,0,72.263,70.808,12,0.8415,unknown,regular,72,30,61,67,69,67,63,70,84,68,92,79,93,82,75,72,65,81,85,59,64,91,72,62,40,78
low,620,3226,24,24,12,1,1,75.468,74.0,25,3.6457,unknown,regular,76,35,64,70,72,69,65,73,86,71,95,82,96,85,79,75,69,85,89,63,67,94,76,65,42,81
medium,621,3226,23,23,26,6,5,83.315,81.577,47,7.6759,unknown,regular,84,52,75,80,81,79,76,81,92,81,97,88,98,91,85,83,78,89,94,74,77,96,84,76,42,88
great,622,3226,25,25,35,15,15,76.112,74.538,17,2.5958,unknown,regular,76,35,67,73,75,73,65,75,86,71,94,82,95,85,79,77,69,85,89,63,66,95,76,65,41,81
starter,623,3226,23,23,34,2,4,74.795,73.192,25,5.013,unknown,regular,75,33,63,69,71,69,65,72,86,71,94,82,95,85,78,74,68,84,88,62,66,93,76,65,38,81
bench,624,3226,24,24,8,0,0,73.497,72.038,15,1.1575,regular,regular,74,31,62,68,70,68,64,71,85,70,93,81,94,83,76,73,66,82,86,61,65,92,74,63,41,80
zero,625,3226,24,24,0,0,0,72.678,71.077,25,3.0912,unknown,regular,73,32,61,68,69,67,62,70,84,69,92,79,93,82,76,72,66,82,86,60,64,91,73,62,36,79
low,626,3226,25,25,12,1,1,72.638,71.077,25,1.653,unknown,regular,73,31,61,67,69,67,63,70,84,69,92,79,93,82,76,72,66,82,86,60,64,91,73,62,37,79
medium,627,3226,24,24,26,6,5,82.862,81.038,93,7.4667,unknown,regular,83,50,75,80,81,79,75,81,91,80,97,88,98,91,85,83,77,89,92,74,77,97,82,75,40,87
great,628,3226,25,25,35,15,15,74.11,72.615,24,1.6943,unknown,regular,75,33,62,69,70,68,64,71,85,70,93,81,94,84,77,74,68,83,88,62,65,93,75,64,40,80
starter,629,3226,23,23,34,2,4,74.718,73.0,25,5.9561,unknown,regular,75,34,63,70,71,69,64,72,86,70,94,82,95,85,78,74,68,84,88,62,66,93,75,64,35,81
bench,630,3226,24,24,8,0,0,74.029,72.5,25,3.4325,unknown,regular,75,33,62,69,71,68,64,71,85,70,93,81,94,84,77,73,68,83,88,61,65,92,75,64,39,80
zero,631,3226,23,23,0,0,0,68.087,66.654,25,0.7114,unknown,regular,69,28,56,62,64,62,58,65,79,64,87,75,88,78,72,67,62,78,82,56,59,86,69,58,35,74
low,632,3226,24,24,12,1,1,70.087,68.654,25,1.0585,unknown,regular,71,30,58,64,66,64,60,67,81,66,89,77,90,80,74,69,64,80,84,58,61,88,71,60,37,76
medium,633,3226,24,24,26,6,5,78.811,77.038,44,7.1809,unknown,sharpie,77,36,62,69,71,69,75,80,90,79,96,83,97,86,89,90,85,93,90,64,66,95,77,66,36,82
great,634,3226,24,24,35,15,15,75.942,74.346,25,5.5909,unknown,regular,77,35,64,70,72,70,66,73,87,72,95,83,96,86,79,75,69,85,90,64,67,94,77,66,39,82
starter,635,3226,25,25,34,2,4,74.919,73.231,25,2.6161,unknown,regular,75,34,63,70,71,69,65,72,86,71,94,82,95,85,78,75,68,84,88,62,66,93,76,65,36,81
bench,636,3226,24,24,8,0,0,71.426,69.962,16,0.7318,unknown,regular,71,29,60,66,68,66,62,69,83,68,91,79,92,82,74,71,64,79,84,58,63,90,72,61,39,78
zero,637,3226,23,23,0,0,0,68.087,66.654,25,1.197,unknown,regular,69,28,56,62,64,62,58,65,79,64,87,75,88,78,72,67,62,78,82,56,59,86,69,58,35,74
low,638,3226,25,25,12,1,1,71.183,69.769,3,0.4599,unknown,regular,72,30,59,66,68,65,61,68,82,67,90,78,91,81,75,71,65,81,85,59,62,89,72,61,39,77
medium,639,3226,25,25,26,6,5,69.753,68.308,16,0.5323,unknown,regular,70,29,58,64,66,64,60,67,81,66,89,77,90,80,73,69,63,79,83,57,61,88,70,59,37,76
great,640,3226,25,25,35,15,15,72.33,70.692,25,1.8122,unknown,regular,73,31,61,67,69,67,62,70,84,69,91,80,93,82,75,72,65,81,85,59,63,91,73,62,35,78
starter,641,3226,24,24,34,2,4,74.234,72.654,25,4.1662,unknown,regular,75,33,62,69,70,69,64,72,86,70,93,81,94,84,78,74,67,83,88,62,66,92,75,64,38,80
bench,642,3226,23,23,8,0,0,74.132,72.692,25,2.5626,unknown,regular,75,34,62,69,70,68,64,71,85,70,93,81,94,84,78,73,68,84,88,62,65,92,75,64,41,80
zero,643,3226,24,24,0,0,0,72.087,70.654,25,1.5641,unknown,regular,73,32,60,66,68,66,62,69,83,68,91,79,92,82,76,71,66,82,86,60,63,90,73,62,39,78
low,644,3226,25,25,12,1,1,67.793,66.385,0,0.1064,decliner,regular,67,24,57,63,65,63,59,66,80,65,88,76,89,78,69,68,59,74,79,54,60,87,67,57,38,74
medium,645,3226,23,23,26,6,5,74.52,73.115,15,2.0005,unknown,sharpie,75,33,59,67,68,66,65,72,86,71,94,82,95,85,80,79,70,86,88,62,63,93,75,64,42,81
great,646,3226,24,24,35,15,15,74.451,72.577,25,3.6117,unknown,genetic_freak,72,31,73,79,79,78,62,70,84,68,92,80,93,82,73,69,63,79,85,60,75,91,73,62,35,79
starter,647,3226,23,23,34,2,4,69.087,67.654,25,0.843,unknown,regular,70,29,57,63,65,63,59,66,80,65,88,76,89,79,73,68,63,79,83,57,60,87,70,59,36,75
bench,648,3226,25,25,8,0,0,73.842,72.385,15,1.304,unknown,regular,74,33,62,69,70,68,64,71,85,70,93,81,94,84,77,74,67,83,87,61,65,92,74,63,41,80
zero,649,3226,24,24,0,0,0,72.914,71.385,25,2.6472,unknown,regular,73,32,61,68,69,67,63,70,84,69,92,80,93,83,76,72,66,82,86,61,64,91,74,63,38,79
low,650,3226,24,24,12,1,1,73.176,71.731,25,2.6684,unknown,regular,74,33,61,68,69,67,63,70,84,69,92,80,93,83,77,73,67,83,87,61,64,91,74,63,40,79
medium,651,3226,24,24,26,6,5,82.156,80.308,80,6.8847,unknown,regular,82,36,76,81,81,80,74,82,91,79,97,87,98,89,84,84,77,89,92,72,78,96,82,74,41,86
great,652,3226,25,25,35,15,15,75.203,73.731,4,2.1248,unknown,regular,76,34,63,73,71,69,65,72,86,71,94,82,95,85,78,75,68,85,89,63,66,93,76,65,42,81
starter,653,3226,24,24,34,2,4,70.955,69.423,25,2.6099,unknown,regular,72,30,59,66,67,65,61,68,82,67,90,78,91,81,74,71,65,80,84,58,62,89,71,61,36,77
bench,654,3226,24,24,8,0,0,69.742,68.269,11,0.5098,unknown,regular,69,26,59,65,67,65,60,68,82,66,90,77,91,80,71,70,62,77,82,56,62,89,69,58,38,76
zero,655,3226,23,23,0,0,0,72.052,70.615,24,1.1462,unknown,regular,73,31,60,66,68,66,62,69,83,68,91,79,92,82,76,71,66,82,86,60,63,90,73,62,39,78
low,656,3226,25,25,12,1,1,74.176,72.769,2,1.1187,unknown,regular,75,34,62,69,70,68,64,71,85,70,93,81,94,84,78,74,68,84,88,62,65,92,75,64,42,80
medium,657,3226,24,24,26,6,5,69.768,68.231,25,2.5968,unknown,regular,70,29,58,65,67,64,60,67,81,66,89,77,90,79,73,70,63,78,83,57,61,88,70,59,35,75
great,658,3226,25,25,35,15,15,73.868,72.308,25,1.8349,unknown,regular,74,33,62,68,70,68,64,71,85,70,93,81,94,84,77,73,67,83,87,62,65,92,75,64,38,80
starter,659,3226,24,24,34,2,4,72.087,70.654,25,2.1316,regular,regular,73,32,60,66,68,66,62,69,83,68,91,79,92,82,76,71,66,82,86,60,63,90,73,62,39,78
bench,660,3226,24,24,8,0,0,67.686,66.269,0,0.1223,decliner,regular,68,26,56,62,64,62,58,65,79,64,87,75,88,78,70,67,61,76,80,55,59,86,69,58,36,74
zero,661,3226,24,24,0,0,0,72.756,71.346,1,0.7865,unknown,regular,73,30,61,69,70,67,63,70,84,69,92,80,93,83,75,73,65,81,85,60,64,92,73,62,42,79
low,662,3226,25,25,12,1,1,69.176,67.731,25,1.0791,early_peak,regular,70,29,57,64,65,63,59,66,80,65,88,76,89,79,73,69,63,79,83,57,60,87,70,59,36,75
medium,663,3226,23,23,26,6,5,83.732,81.923,49,8.0846,unknown,regular,84,52,76,81,81,80,77,82,92,81,97,89,98,91,85,84,78,90,93,75,78,97,84,76,41,88
great,664,3226,24,24,35,15,15,75.398,73.846,25,4.8134,unknown,regular,76,34,63,70,72,70,65,73,87,71,95,82,95,85,79,75,69,84,89,63,67,94,76,65,40,81
starter,665,3226,25,25,34,2,4,74.176,72.769,2,1.0821,unknown,regular,75,34,62,69,70,68,64,71,85,70,93,81,94,84,78,74,68,84,88,62,65,92,75,64,42,80
bench,666,3226,23,23,8,0,0,69.087,67.654,25,1.0404,unknown,regular,70,29,57,63,65,63,59,66,80,65,88,76,89,79,73,68,63,79,83,57,60,87,70,59,36,75
zero,667,3226,25,25,0,0,0,67.183,65.769,3,0.2694,unknown,regular,68,26,55,62,64,61,57,64,78,63,86,74,87,77,71,67,61,77,81,55,58,85,68,57,35,73
low,668,3226,23,23,12,1,1,72.791,71.231,25,3.484,unknown,regular,73,32,61,67,69,67,63,70,84,69,92,80,93,83,76,72,66,82,86,60,64,91,74,62,37,79
medium,669,3226,24,24,26,6,5,74.713,73.115,25,4.4806,unknown,regular,75,34,63,69,71,69,65,72,86,71,94,82,95,84,78,74,68,84,88,62,66,93,75,64,38,81
great,670,3226,23,23,35,15,15,74.999,73.308,25,5.637,unknown,jokester,75,34,63,70,71,69,65,72,86,71,94,82,95,85,78,75,68,84,88,63,66,94,76,65,36,81
starter,671,3226,24,24,34,2,4,73.292,71.654,25,4.2868,unknown,regular,73,32,62,68,70,68,63,71,85,69,93,80,93,83,76,73,66,82,86,61,65,92,74,63,36,79
bench,672,3226,25,25,8,0,0,70.913,69.385,25,1.1533,unknown,regular,72,30,59,66,67,65,61,68,82,67,90,78,91,81,74,70,64,80,84,59,62,89,71,61,36,77
zero,673,3226,24,24,0,0,0,68.705,67.423,4,0.4104,unknown,sharpie,68,25,53,59,61,59,60,68,81,65,90,76,90,79,76,71,66,82,81,56,56,89,69,59,39,75
low,674,3226,24,24,12,1,1,72.836,71.385,7,0.9014,unknown,regular,73,30,62,68,70,67,63,71,84,69,92,80,93,83,75,73,65,81,85,60,65,92,73,62,41,79
medium,675,3226,23,23,26,6,5,70.087,68.654,25,0.9336,unknown,regular,71,30,58,64,66,64,60,67,81,66,89,77,90,80,74,69,64,80,84,58,61,88,71,60,37,76
great,676,3226,24,24,35,15,15,77.097,75.385,45,7.1553,unknown,regular,77,36,64,79,79,70,66,73,87,72,95,83,96,86,80,82,70,86,90,64,67,94,77,66,39,82
starter,677,3226,25,25,34,2,4,78.732,76.923,52,3.6109,unknown,regular,76,35,69,79,80,74,71,77,89,76,96,85,96,88,79,79,69,85,89,69,71,95,80,70,39,84
bench,678,3226,24,24,8,0,0,74.217,72.769,25,2.7893,unknown,regular,75,34,62,69,70,68,64,72,85,70,93,81,94,84,78,74,68,84,88,62,65,92,75,64,41,80
zero,679,3226,25,25,0,0,0,73.676,72.192,18,1.3008,unknown,sharpie,74,32,59,65,67,65,64,71,85,70,93,81,94,84,80,80,70,86,86,61,62,92,74,63,39,80
low,680,3226,25,25,12,1,1,71.068,69.5,25,1.4445,unknown,regular,72,30,59,66,67,65,61,68,82,67,90,78,91,81,75,71,65,80,84,59,62,89,72,61,35,77
medium,681,3226,24,24,26,6,5,72.183,70.615,25,3.758,unknown,regular,73,31,60,67,68,66,62,69,83,68,91,79,92,82,76,72,66,82,86,60,63,91,73,62,36,78
great,682,3226,25,25,35,15,15,74.001,72.385,25,2.1969,unknown,regular,74,33,63,69,71,68,64,72,85,70,93,81,94,84,77,73,67,83,87,61,65,92,75,64,37,80
starter,683,3226,23,23,34,2,4,72.757,71.308,17,1.0837,unknown,regular,73,31,61,67,69,67,63,70,84,69,92,80,93,83,76,72,66,82,86,60,64,91,73,63,40,79
bench,684,3226,25,25,8,0,0,70.983,69.577,0,0.2695,unknown,regular,70,27,60,67,68,66,61,69,83,67,91,78,92,81,73,72,63,78,83,58,63,90,71,60,41,77
zero,685,3226,25,25,0,0,0,73.552,72.115,11,0.9847,unknown,regular,74,33,62,68,70,68,63,71,85,69,93,80,94,83,77,73,67,83,87,61,65,92,74,63,41,79
low,686,3226,23,23,12,1,1,71.217,69.769,25,2.3343,unknown,regular,72,31,59,66,67,65,61,68,82,67,90,78,91,81,75,71,65,81,85,59,63,89,72,61,38,77
medium,687,3226,23,23,26,6,5,79.535,77.538,94,7.5435,unknown,regular,77,36,74,79,80,78,75,81,90,72,96,87,96,86,80,82,70,86,90,64,76,95,77,66,36,87
great,688,3226,24,24,35,15,15,73.087,71.654,25,1.5022,unknown,regular,74,33,61,67,69,67,63,70,84,69,92,80,93,83,77,72,67,83,87,61,64,91,74,63,40,79
starter,689,3226,24,24,34,2,4,78.956,77.154,81,6.2506,unknown,regular,77,35,73,77,78,77,74,79,90,72,96,83,97,89,80,81,70,85,90,64,75,95,77,66,40,86
bench,690,3226,24,24,8,0,0,73.868,72.346,25,3.2118,unknown,regular,74,33,62,68,70,68,64,71,85,70,93,81,94,84,77,73,67,83,87,62,65,92,75,64,39,80
zero,691,3226,25,25,0,0,0,69.868,68.423,19,0.6753,unknown,regular,70,29,58,64,66,64,60,67,81,66,89,77,90,80,73,69,63,79,83,58,61,88,71,60,37,76
low,692,3226,25,25,12,1,1,74.176,72.769,2,1.0238,unknown,regular,75,34,62,69,70,68,64,71,85,70,93,81,94,84,78,74,68,84,88,62,65,92,75,64,42,80
medium,693,3226,23,23,26,6,5,68.087,66.654,25,1.178,late_bloomer,regular,69,28,56,62,64,62,58,65,79,64,87,75,88,78,72,67,62,78,82,56,59,86,69,58,35,74
great,694,3226,25,25,35,15,15,75.552,73.885,19,3.1396,unknown,regular,76,35,64,70,72,70,65,73,87,71,95,82,96,85,79,75,69,85,89,63,67,94,76,65,37,81
starter,695,3226,25,25,34,2,4,72.792,71.346,17,1.0908,unknown,regular,73,32,61,67,69,67,63,70,84,69,92,80,93,83,76,72,66,82,86,60,64,91,73,63,40,79
bench,696,3226,25,25,8,0,0,70.112,68.731,0,0.2319,unknown,regular,69,27,59,67,68,65,60,68,82,66,90,77,91,80,72,72,62,77,81,57,62,89,70,59,41,76
zero,697,3226,25,25,0,0,0,73.298,71.885,0,0.4958,unknown,regular,73,31,62,68,70,68,63,71,85,69,93,80,94,83,76,73,66,82,86,61,65,92,74,63,42,79
low,698,3226,24,24,12,1,1,73.193,71.654,25,3.4756,unknown,regular,74,32,61,68,70,68,63,70,84,69,93,80,93,83,76,73,66,83,87,61,64,91,74,63,38,79
medium,699,3226,25,25,26,6,5,67.221,65.846,2,0.2428,decliner,regular,68,27,55,63,63,61,57,64,78,63,86,74,87,77,71,67,61,77,81,55,58,85,68,57,36,73
great,700,3226,24,24,35,15,15,82.157,80.346,129,7.8321,unknown,regular,83,36,74,79,80,79,76,81,91,80,96,88,97,90,85,83,77,89,92,74,77,96,83,75,41,87
zero,701,3226,26,26,0,0,0,73.221,71.808,1,0.6572,unknown,regular,74,33,61,69,69,67,63,70,84,69,92,80,93,83,77,73,67,83,87,61,64,91,74,63,41,79
low,702,3226,26,26,12,1,1,68.357,66.923,3,0.3265,unknown,regular,69,27,56,64,66,62,58,65,79,64,87,75,88,78,72,69,62,78,82,56,59,87,69,58,36,74
medium,703,3226,26,26,26,6,5,73.682,72.0,25,1.7916,unknown,regular,74,32,62,68,70,68,64,71,85,70,93,81,94,84,77,73,67,82,87,61,65,92,74,63,35,80
great,704,3226,24,24,35,15,15,74.129,72.462,25,3.8743,unknown,regular,74,33,62,69,71,69,64,71,86,70,94,81,94,84,77,74,67,83,87,61,65,93,75,64,36,80
starter,705,3226,24,24,34,2,4,73.087,71.615,25,1.6431,unknown,regular,74,33,61,67,69,67,63,70,84,69,92,80,93,83,77,72,67,83,87,61,64,91,74,63,39,79
bench,706,3226,26,26,8,0,0,72.078,70.577,20,0.9921,unknown,regular,73,31,61,67,68,66,62,69,83,68,91,79,92,82,75,72,65,81,85,60,64,90,73,62,38,78
zero,707,3226,24,24,0,0,0,71.166,69.615,25,1.9233,unknown,regular,71,30,59,66,68,66,61,69,83,67,90,78,92,81,74,71,64,80,84,59,62,89,72,61,36,77
low,708,3226,25,25,12,1,1,74.567,73.038,10,1.6575,unknown,regular,75,33,63,70,71,69,65,72,86,70,94,81,95,84,78,74,68,83,88,62,66,93,75,64,40,80
medium,709,3226,26,26,26,6,5,74.769,73.308,2,1.5578,unknown,regular,75,34,63,72,71,69,65,72,86,71,94,81,95,84,78,74,68,84,88,62,66,93,75,64,42,80
great,710,3226,24,24,35,15,15,77.982,76.231,50,4.739,unknown,regular,76,35,70,77,77,75,66,78,89,72,96,86,97,86,79,80,69,85,89,64,73,95,77,66,40,85
starter,711,3226,26,26,34,2,4,71.325,69.885,19,0.9061,unknown,sharpie,72,30,57,63,65,63,61,68,82,67,90,78,91,81,79,76,69,85,85,59,60,89,72,61,37,77
bench,712,3226,26,26,8,0,0,72.511,70.885,25,1.5129,unknown,regular,73,32,61,68,69,67,63,69,83,68,91,80,93,82,76,72,66,82,86,60,63,91,73,62,35,78
zero,713,3226,24,24,0,0,0,70.155,68.692,1,0.4556,unknown,regular,69,26,59,67,68,66,60,68,82,66,90,77,91,80,72,71,62,77,82,57,62,90,70,59,39,76
low,714,3226,25,25,12,1,1,73.037,71.538,20,1.1897,unknown,regular,74,32,61,68,70,67,63,70,84,69,92,80,93,83,76,73,66,82,86,61,64,91,74,63,39,79
medium,715,3226,25,25,26,6,5,72.583,71.115,1,0.4357,unknown,regular,73,30,61,68,69,67,63,70,84,69,92,80,93,83,75,72,65,81,85,60,64,91,73,62,40,79
great,716,3226,24,24,35,15,15,70.552,69.038,25,1.8033,unknown,regular,71,30,59,65,67,65,60,68,82,66,90,77,91,80,74,70,64,80,84,58,62,89,71,60,36,76
starter,717,3226,25,25,34,2,4,75.123,73.615,14,1.8208,unknown,sharpie,75,33,60,66,68,66,65,72,86,71,94,82,95,85,84,82,76,89,88,62,63,93,75,64,39,81
bench,718,3226,24,24,8,0,0,73.669,72.192,22,2.18,unknown,sharpie,74,33,60,67,68,66,63,70,84,69,92,80,93,83,82,80,70,86,87,61,63,91,74,63,39,79
zero,719,3226,24,24,0,0,0,72.352,70.885,2,0.7497,unknown,regular,72,30,61,68,69,67,63,70,84,68,92,79,93,82,75,73,65,81,85,59,64,91,72,62,40,78
low,720,3226,25,25,12,1,1,75.981,74.462,12,1.7182,unknown,regular,76,35,66,72,74,69,65,75,86,71,95,82,96,85,79,77,69,85,89,63,69,94,76,65,42,81
medium,721,3226,24,24,26,6,5,84.196,82.423,22,7.5787,unknown,regular,85,53,76,81,82,80,77,82,92,82,98,89,98,92,86,84,79,90,94,75,78,97,85,77,42,89
great,722,3226,26,26,35,15,15,76.71,75.077,14,2.8985,unknown,regular,76,35,69,75,76,74,65,78,87,71,94,82,95,85,79,80,69,85,89,63,67,95,76,65,41,81
starter,723,3226,24,24,34,2,4,75.795,74.154,25,4.7433,unknown,regular,76,34,64,70,72,70,66,73,87,72,95,83,96,86,79,75,69,85,89,63,67,94,77,66,38,82
bench,724,3226,25,25,8,0,0,73.497,72.038,0,0.5438,regular,regular,74,31,62,68,70,68,64,71,85,70,93,81,94,83,76,73,66,82,86,61,65,92,74,63,41,80
zero,725,3226,25,25,0,0,0,73.643,72.0,24,1.4643,unknown,regular,74,32,62,69,70,68,63,71,85,70,93,80,94,83,77,73,67,83,87,61,65,92,74,63,36,80
low,726,3226,26,26,12,1,1,73.638,72.038,25,1.6182,unknown,regular,74,32,62,68,70,68,64,71,85,70,93,80,94,83,77,73,67,83,87,61,65,92,74,63,37,80
medium,727,3226,25,25,26,6,5,83.008,81.192,4,3.4715,unknown,regular,83,51,75,80,81,79,75,81,91,80,97,88,98,91,85,83,77,90,93,74,77,97,83,75,40,87
great,728,3226,26,26,35,15,15,74.489,72.962,9,1.5364,unknown,regular,75,33,63,70,71,69,64,72,86,70,94,81,95,84,77,74,68,83,88,62,66,93,75,64,40,80
starter,729,3226,24,24,34,2,4,76.036,74.231,32,6.0166,unknown,regular,76,35,64,78,72,70,65,73,87,71,95,83,96,86,79,75,69,85,89,63,67,94,76,65,35,82
bench,730,3226,25,25,8,0,0,74.57,73.0,13,1.6226,unknown,regular,75,33,63,70,71,69,64,72,86,71,94,82,95,84,77,74,68,83,88,62,66,93,75,64,39,80
zero,731,3226,24,24,0,0,0,68.906,67.423,20,0.6338,unknown,regular,70,28,57,63,65,63,59,66,80,65,88,76,89,79,72,68,62,78,82,57,60,87,70,59,35,75
low,732,3226,25,25,12,1,1,70.51,69.038,10,0.4868,unknown,regular,71,30,59,65,67,65,60,68,82,66,90,77,90,80,74,70,64,80,84,58,62,89,71,60,37,76
medium,733,3226,25,25,26,6,5,79.951,78.192,30,3.7041,unknown,sharpie,80,43,62,69,71,69,75,80,91,79,96,85,97,88,89,90,85,93,91,68,66,96,80,70,36,84
great,734,3226,25,25,35,15,15,77.74,76.038,44,2.5433,unknown,regular,79,35,68,73,75,73,69,76,88,75,95,84,96,87,79,77,69,85,91,67,70,95,79,69,39,84
starter,735,3226,26,26,34,2,4,75.537,73.808,15,2.7198,unknown,regular,76,34,64,73,72,69,65,73,87,71,94,82,95,85,78,77,69,85,89,63,66,94,76,65,36,81
bench,736,3226,25,25,8,0,0,71.471,70.0,1,0.3467,unknown,regular,71,29,60,67,68,66,62,69,83,68,91,79,92,82,74,71,64,79,84,58,63,90,72,61,39,78
zero,737,3226,24,24,0,0,0,69.087,67.615,25,1.0664,unknown,regular,70,29,57,63,65,63,59,66,80,65,88,76,89,79,73,68,63,79,83,57,60,87,70,59,35,75
low,738,3226,26,26,12,1,1,71.229,69.808,1,0.4525,unknown,regular,72,30,59,67,68,65,61,68,82,67,90,78,91,81,75,71,65,81,85,59,62,89,72,61,39,77
medium,739,3226,26,26,26,6,5,70.259,68.769,12,0.5397,unknown,regular,70,29,59,65,67,65,61,68,82,66,90,77,91,80,73,70,63,79,83,57,62,89,70,59,37,76
great,740,3226,26,26,35,15,15,73.33,71.654,25,1.7614,unknown,regular,74,32,62,68,70,68,63,71,85,70,92,81,94,83,76,73,66,82,86,60,64,92,74,63,35,79
starter,741,3226,25,25,34,2,4,74.881,73.269,16,2.1089,unknown,regular,75,34,63,70,71,69,65,72,86,71,94,82,95,85,78,75,68,84,88,62,66,93,75,65,38,81
bench,742,3226,24,24,8,0,0,74.988,73.5,21,2.5313,unknown,regular,76,34,63,70,71,69,65,72,86,71,94,82,95,85,79,74,68,84,88,63,66,93,76,65,41,81
zero,743,3226,25,25,0,0,0,72.552,71.077,11,0.7409,unknown,regular,73,32,61,67,69,67,62,70,84,68,92,79,93,82,76,72,66,82,86,60,64,91,73,62,39,78
low,744,3226,26,26,12,1,1,67.793,66.385,0,0.1074,decliner,regular,67,24,57,63,65,63,59,66,80,65,88,76,89,78,69,68,59,74,79,54,60,87,67,57,38,74
medium,745,3226,24,24,26,6,5,74.783,73.385,7,1.9536,unknown,sharpie,75,33,59,67,68,66,65,72,86,71,94,82,95,85,82,80,73,87,88,62,63,93,75,64,42,81
great,746,3226,25,25,35,15,15,75.128,73.231,17,1.6689,unknown,genetic_freak,73,32,73,79,79,78,63,71,85,69,93,81,94,83,73,70,63,79,86,61,75,92,74,63,35,80
starter,747,3226,24,24,34,2,4,70.087,68.615,25,0.9005,unknown,regular,71,30,58,64,66,64,60,67,81,66,89,77,90,80,74,69,64,80,84,58,61,88,71,60,36,76
bench,748,3226,26,26,8,0,0,73.972,72.5,3,1.2965,unknown,regular,74,33,62,70,71,68,64,71,85,70,93,81,94,84,77,74,67,83,87,61,65,93,74,63,41,80
zero,749,3226,25,25,0,0,0,73.655,72.077,18,1.254,unknown,regular,74,32,62,69,70,68,64,71,85,70,93,81,94,84,76,73,67,82,86,61,65,92,74,63,38,80
low,750,3226,25,25,12,1,1,73.842,72.346,16,1.2491,unknown,regular,74,33,62,69,70,68,64,71,85,70,93,81,94,84,77,74,67,83,87,61,65,92,74,63,40,80
medium,751,3226,25,25,26,6,5,82.59,80.769,12,3.2988,unknown,regular,82,43,76,81,81,80,74,82,91,79,97,87,98,90,85,84,77,90,93,72,78,96,82,74,41,87
great,752,3226,26,26,35,15,15,75.335,73.846,3,2.3778,unknown,regular,76,34,63,74,71,69,65,72,86,71,94,82,95,85,78,77,68,85,89,63,66,93,76,65,42,81
starter,753,3226,25,25,34,2,4,71.955,70.385,25,1.2081,unknown,regular,73,31,60,67,68,66,62,69,83,68,91,79,92,82,75,72,66,81,85,59,63,90,72,62,36,78
bench,754,3226,25,25,8,0,0,69.742,68.269,0,0.2423,unknown,regular,69,26,59,65,67,65,60,68,82,66,90,77,91,80,71,70,62,77,82,56,62,89,69,58,38,76
zero,755,3226,24,24,0,0,0,72.757,71.269,17,1.0212,unknown,regular,73,31,61,67,69,67,63,70,84,69,92,80,93,83,76,72,66,82,86,60,64,91,73,63,39,79
low,756,3226,26,26,12,1,1,74.176,72.769,0,1.1113,unknown,regular,75,34,62,69,70,68,64,71,85,70,93,81,94,84,78,74,68,84,88,62,65,92,75,64,42,80
medium,757,3226,25,25,26,6,5,70.768,69.192,25,1.2207,unknown,regular,71,30,59,66,68,65,61,68,82,67,90,78,91,80,74,71,64,79,84,58,62,89,71,60,35,76
great,758,3226,26,26,35,15,15,74.606,73.0,18,1.736,unknown,regular,75,33,63,69,71,69,65,72,86,71,94,82,95,85,77,74,68,83,88,62,66,93,75,64,38,80
starter,759,3226,25,25,34,2,4,72.753,71.269,16,1.0198,regular,regular,73,32,61,67,69,67,63,70,84,69,92,80,93,83,76,72,66,82,86,60,64,91,73,62,39,79
bench,760,3226,25,25,8,0,0,67.686,66.269,0,0.1222,decliner,regular,68,26,56,62,64,62,58,65,79,64,87,75,88,78,70,67,61,76,80,55,59,86,69,58,36,74
zero,761,3226,25,25,0,0,0,72.756,71.346,0,0.3725,unknown,regular,73,30,61,69,70,67,63,70,84,69,92,80,93,83,75,73,65,81,85,60,64,92,73,62,42,79
low,762,3226,26,26,12,1,1,70.176,68.692,25,1.0931,early_peak,regular,71,30,58,65,66,64,60,67,81,66,89,77,90,80,74,70,64,80,84,58,61,88,71,60,36,76
medium,763,3226,24,24,26,6,5,84.648,82.808,23,7.9102,unknown,regular,85,53,77,82,82,81,78,83,93,82,98,90,98,92,86,85,79,91,94,76,79,97,85,77,41,89
great,764,3226,25,25,35,15,15,76.04,74.423,15,2.1787,unknown,regular,76,34,63,73,74,72,65,75,88,71,95,82,95,85,79,77,69,84,89,63,70,94,76,65,40,81
starter,765,3226,26,26,34,2,4,74.176,72.769,0,1.0001,unknown,regular,75,34,62,69,70,68,64,71,85,70,93,81,94,84,78,74,68,84,88,62,65,92,75,64,42,80
bench,766,3226,24,24,8,0,0,70.087,68.615,25,1.0251,unknown,regular,71,30,58,64,66,64,60,67,81,66,89,77,90,80,74,69,64,80,84,58,61,88,71,60,36,76
zero,767,3226,26,26,0,0,0,67.229,65.808,1,0.2364,unknown,regular,68,26,55,63,64,61,57,64,78,63,86,74,87,77,71,67,61,77,81,55,58,85,68,57,35,73
low,768,3226,24,24,12,1,1,73.791,72.192,25,3.5044,unknown,regular,74,33,62,68,70,68,64,71,85,70,93,81,94,84,77,73,67,83,87,61,65,92,75,63,37,80
medium,769,3226,25,25,26,6,5,74.881,73.269,4,2.0571,unknown,regular,75,34,63,70,71,69,65,72,86,71,94,82,95,85,78,75,68,84,88,62,66,93,75,65,38,81
great,770,3226,24,24,35,15,15,76.445,74.654,35,5.6205,unknown,jokester,76,35,64,77,72,70,66,73,87,72,95,83,96,86,79,80,69,85,89,64,67,95,77,66,36,82
starter,771,3226,25,25,34,2,4,74.292,72.615,25,1.8986,unknown,regular,74,33,63,69,71,69,64,72,86,70,94,81,94,84,77,74,67,83,87,62,66,93,75,64,36,80
bench,772,3226,26,26,8,0,0,71.913,70.346,25,1.1467,unknown,regular,73,31,60,67,68,66,62,69,83,68,91,79,92,82,75,71,65,81,85,60,63,90,72,62,36,78
zero,773,3226,25,25,0,0,0,68.858,67.577,4,0.1944,unknown,sharpie,68,25,53,59,61,59,60,68,81,65,90,76,90,79,77,72,67,83,81,56,56,89,69,59,39,75
low,774,3226,25,25,12,1,1,72.836,71.385,0,0.4245,unknown,regular,73,30,62,68,70,67,63,71,84,69,92,80,93,83,75,73,65,81,85,60,65,92,73,62,41,79
medium,775,3226,24,24,26,6,5,71.052,69.577,24,0.9536,unknown,regular,72,30,59,65,67,65,61,68,82,67,90,78,91,81,75,70,65,81,85,59,62,89,72,61,37,77
great,776,3226,25,25,35,15,15,79.174,77.423,53,3.103,unknown,regular,79,42,68,79,79,73,70,76,88,75,95,85,96,87,82,82,73,87,91,68,71,95,79,70,39,84
starter,777,3226,26,26,34,2,4,79.463,77.615,18,3.7502,unknown,regular,76,35,70,79,80,75,72,78,90,77,96,87,96,90,79,80,69,85,89,70,72,96,81,71,39,86
bench,778,3226,25,25,8,0,0,74.389,72.923,4,1.312,unknown,regular,75,34,62,70,71,69,64,72,85,70,93,81,94,84,78,74,68,84,88,62,65,93,75,64,41,80
zero,779,3226,26,26,0,0,0,73.822,72.346,4,1.1416,unknown,sharpie,74,32,59,65,67,65,64,71,85,70,93,81,94,84,81,80,72,87,86,61,62,92,74,63,39,80
low,780,3226,26,26,12,1,1,72.068,70.462,25,1.4622,unknown,regular,73,31,60,67,68,66,62,69,83,68,91,79,92,82,76,72,66,81,85,60,63,90,73,62,35,78
medium,781,3226,25,25,26,6,5,73.183,71.577,25,1.6617,unknown,regular,74,32,61,68,69,67,63,70,84,69,92,80,93,83,77,73,67,83,87,61,64,92,74,63,36,79
great,782,3226,26,26,35,15,15,74.876,73.231,22,2.3871,unknown,regular,75,34,63,70,71,69,65,72,86,71,94,82,95,85,78,74,68,84,88,62,66,93,76,65,37,81
starter,783,3226,24,24,34,2,4,73.26,71.769,12,1.0746,unknown,regular,73,31,62,68,70,68,63,71,85,69,93,80,94,83,76,73,66,82,86,60,65,92,74,63,40,79
bench,784,3226,26,26,8,0,0,70.983,69.577,0,0.2692,unknown,regular,70,27,60,67,68,66,61,69,83,67,91,78,92,81,73,72,63,78,83,58,63,90,71,60,41,77
zero,785,3226,26,26,0,0,0,73.597,72.154,1,0.8641,unknown,regular,74,33,62,69,70,68,63,71,85,69,93,80,94,83,77,73,67,83,87,61,65,92,74,63,41,79
low,786,3226,24,24,12,1,1,72.217,70.731,25,2.3112,unknown,regular,73,32,60,67,68,66,62,69,83,68,91,79,92,82,76,72,66,82,86,60,64,90,73,62,38,78
medium,787,3226,24,24,26,6,5,82.891,80.923,88,7.6924,unknown,regular,83,52,75,80,81,79,76,82,91,79,97,88,97,90,85,83,77,89,92,73,77,96,83,75,36,88
great,788,3226,25,25,35,15,15,73.132,71.692,1,0.6086,unknown,regular,74,33,61,68,69,67,63,70,84,69,92,80,93,83,77,72,67,83,87,61,64,91,74,63,40,79
starter,789,3226,25,25,34,2,4,79.8,78.0,22,2.7772,unknown,regular,79,35,73,77,78,77,74,79,90,75,96,85,97,90,82,81,73,85,91,67,75,95,79,69,40,86
bench,790,3226,25,25,8,0,0,74.374,72.808,12,1.5344,unknown,regular,74,33,63,69,71,69,65,72,86,70,94,81,95,84,77,74,67,83,87,62,66,93,75,64,39,80
zero,791,3226,26,26,0,0,0,70.535,69.038,16,0.5926,unknown,regular,70,29,59,65,67,65,61,68,82,67,90,78,91,81,73,70,63,79,83,58,62,89,71,60,37,77
low,792,3226,26,26,12,1,1,74.176,72.769,0,1.0367,unknown,regular,75,34,62,69,70,68,64,71,85,70,93,81,94,84,78,74,68,84,88,62,65,92,75,64,42,80
medium,793,3226,24,24,26,6,5,69.087,67.615,25,1.128,late_bloomer,regular,70,29,57,63,65,63,59,66,80,65,88,76,89,79,73,68,63,79,83,57,60,87,70,59,35,75
great,794,3226,26,26,35,15,15,76.572,74.808,24,2.7435,unknown,regular,76,35,68,73,75,73,65,76,88,71,95,82,96,85,79,78,69,85,89,63,70,95,76,65,37,81
starter,795,3226,26,26,34,2,4,73.338,71.846,13,1.0511,unknown,regular,73,32,62,68,70,68,64,71,85,70,93,80,94,83,76,73,66,82,86,60,65,92,73,63,40,79
bench,796,3226,26,26,8,0,0,70.112,68.731,0,0.2323,unknown,regular,69,27,59,67,68,65,60,68,82,66,90,77,91,80,72,72,62,77,81,57,62,89,70,59,41,76
zero,797,3226,26,26,0,0,0,73.298,71.885,0,0.4351,unknown,regular,73,31,62,68,70,68,63,71,85,69,93,80,94,83,76,73,66,82,86,61,65,92,74,63,42,79
low,798,3226,25,25,12,1,1,74.12,72.538,23,1.6958,unknown,regular,75,33,62,69,71,69,64,71,85,70,94,81,94,84,77,74,67,83,87,62,65,92,75,64,38,80
medium,799,3226,26,26,26,6,5,67.266,65.885,1,0.2253,decliner,regular,68,27,55,64,63,61,57,64,78,63,86,74,87,77,71,67,61,77,81,55,58,85,68,57,36,73
great,800,3226,25,25,35,15,15,82.474,80.692,9,3.6225,unknown,regular,83,43,74,79,80,79,76,81,91,80,96,88,97,90,85,83,77,90,93,74,77,96,83,75,41,87
zero,801,3226,27,27,0,0,0,73.221,71.808,0,0.6572,unknown,regular,74,33,61,69,69,67,63,70,84,69,92,80,93,83,77,73,67,83,87,61,64,91,74,63,41,79
low,802,3226,27,27,12,1,1,68.402,66.962,1,0.3176,unknown,regular,69,27,56,65,66,62,58,65,79,64,87,75,88,78,72,69,62,78,82,56,59,87,69,58,36,74
medium,803,3226,27,27,26,6,5,74.682,72.962,25,1.8489,unknown,regular,75,33,63,69,71,69,65,72,86,71,94,82,95,85,78,74,68,83,88,62,66,93,75,64,35,81
great,804,3226,25,25,35,15,15,74.764,73.077,16,1.9209,unknown,regular,75,33,63,70,71,69,65,72,86,71,94,82,95,85,78,74,68,84,88,62,66,93,75,64,36,81
starter,805,3226,25,25,34,2,4,73.26,71.769,4,0.7933,unknown,regular,74,33,61,68,70,67,63,70,84,69,92,80,93,83,77,73,67,83,87,61,64,92,74,63,39,79
bench,806,3226,27,27,8,0,0,72.744,71.192,16,0.9933,unknown,regular,73,31,62,68,69,67,63,70,84,69,92,80,93,83,75,73,65,81,85,60,65,91,73,62,38,79
zero,807,3226,25,25,0,0,0,72.057,70.462,22,0.911,unknown,regular,72,30,60,67,69,67,62,70,84,68,91,79,93,82,75,72,65,80,85,59,63,90,73,62,36,78
low,808,3226,26,26,12,1,1,74.698,73.154,3,1.6776,unknown,regular,75,33,63,72,71,69,65,72,86,71,94,81,95,84,78,74,68,83,88,62,66,93,75,64,40,80
medium,809,3226,27,27,26,6,5,74.86,73.385,2,1.5591,unknown,regular,75,34,63,74,71,69,65,72,86,71,94,81,95,84,78,74,68,84,88,62,66,93,75,64,42,80
great,810,3226,25,25,35,15,15,78.82,77.038,21,2.5151,unknown,regular,76,35,71,77,78,76,69,78,90,75,96,87,97,87,79,80,69,85,89,67,73,95,79,69,40,86
starter,811,3226,27,27,34,2,4,72.04,70.577,18,0.9928,unknown,sharpie,73,30,57,63,65,63,62,69,83,68,91,79,92,82,80,77,70,86,85,60,60,90,73,62,37,78
bench,812,3226,27,27,8,0,0,73.511,71.846,25,1.5036,unknown,regular,74,33,62,69,70,68,64,70,84,69,92,81,94,83,77,73,67,83,87,61,64,92,74,63,35,79
zero,813,3226,25,25,0,0,0,70.155,68.692,0,0.2158,unknown,regular,69,26,59,67,68,66,60,68,82,66,90,77,91,80,72,71,62,77,82,57,62,90,70,59,39,76
low,814,3226,26,26,12,1,1,73.704,72.154,16,1.1838,unknown,regular,74,32,62,69,71,68,64,71,85,70,93,81,94,84,76,74,66,82,86,61,65,92,74,63,39,80
medium,815,3226,26,26,26,6,5,72.583,71.115,0,0.4284,unknown,regular,73,30,61,68,69,67,63,70,84,69,92,80,93,83,75,72,65,81,85,60,64,91,73,62,40,79
great,816,3226,25,25,35,15,15,71.517,69.962,24,0.9828,unknown,regular,72,30,60,66,68,66,61,69,83,67,91,78,92,81,75,71,65,81,85,59,63,90,72,61,36,77
starter,817,3226,26,26,34,2,4,75.123,73.615,0,1.858,unknown,sharpie,75,33,60,66,68,66,65,72,86,71,94,82,95,85,84,82,76,89,88,62,63,93,75,64,39,81
bench,818,3226,25,25,8,0,0,74.024,72.538,9,1.0376,unknown,sharpie,74,33,60,67,68,66,63,71,85,69,93,80,94,83,83,80,72,87,87,61,63,92,74,63,39,79
zero,819,3226,25,25,0,0,0,72.352,70.885,0,0.3551,unknown,regular,72,30,61,68,69,67,63,70,84,68,92,79,93,82,75,73,65,81,85,59,64,91,72,62,40,78
low,820,3226,26,26,12,1,1,76.493,74.923,12,1.7617,unknown,regular,76,35,68,74,76,69,65,77,86,71,95,82,96,85,79,79,69,85,89,63,71,94,76,65,42,81
medium,821,3226,25,25,26,6,5,84.231,82.462,1,3.4577,unknown,regular,85,54,76,81,82,80,77,82,92,82,98,89,98,92,86,84,79,90,94,75,78,97,85,77,42,89
great,822,3226,27,27,35,15,15,77.174,75.5,11,2.894,unknown,regular,76,35,70,76,77,75,65,79,88,71,94,82,95,85,79,81,69,85,89,63,71,95,76,65,41,81
starter,823,3226,25,25,34,2,4,77.202,75.462,34,2.3517,unknown,regular,76,34,67,73,75,73,69,75,88,74,95,84,96,87,79,77,69,85,89,63,70,94,79,69,38,84
bench,824,3226,26,26,8,0,0,73.497,72.038,0,0.5484,regular,regular,74,31,62,68,70,68,64,71,85,70,93,81,94,83,76,73,66,82,86,61,65,92,74,63,41,80
zero,825,3226,26,26,0,0,0,73.937,72.269,7,1.285,unknown,regular,74,32,62,70,71,68,64,71,85,70,93,81,94,84,77,74,67,83,87,61,65,93,74,63,36,80
low,826,3226,27,27,12,1,1,74.333,72.692,17,1.614,unknown,regular,74,33,63,69,71,69,64,72,86,70,94,81,95,84,77,74,67,83,87,62,66,93,75,64,37,80
medium,827,3226,26,26,26,6,5,83.043,81.231,1,3.9046,unknown,regular,83,52,75,80,81,79,75,81,91,80,97,88,98,91,85,83,77,90,93,74,77,97,83,75,40,87
great,828,3226,27,27,35,15,15,74.855,73.308,9,1.7727,unknown,regular,75,33,63,72,71,69,65,72,86,71,94,82,95,85,78,74,68,84,88,62,66,93,75,64,40,81
starter,829,3226,25,25,34,2,4,77.12,75.231,26,2.8045,unknown,regular,76,35,68,78,75,73,65,76,88,71,95,85,96,87,79,78,69,85,89,63,70,95,76,65,35,84
bench,830,3226,26,26,8,0,0,74.702,73.115,3,1.6174,unknown,regular,75,33,63,72,71,69,65,72,86,71,94,82,95,84,77,74,68,83,88,62,66,93,75,64,39,80
zero,831,3226,25,25,0,0,0,68.994,67.5,2,0.3002,unknown,regular,70,28,57,64,65,63,59,66,80,65,88,76,89,79,72,69,62,78,82,57,60,87,70,59,35,75
low,832,3226,26,26,12,1,1,70.642,69.154,3,0.4871,unknown,regular,71,30,59,66,68,65,60,68,82,66,90,77,90,80,74,71,64,80,84,58,62,89,71,60,37,76
medium,833,3226,26,26,26,6,5,80.376,78.615,11,3.4522,unknown,sharpie,81,44,62,69,71,69,75,80,91,79,96,87,97,89,89,90,85,93,92,69,66,96,81,71,36,86
great,834,3226,26,26,35,15,15,78.59,76.846,21,2.4988,unknown,regular,81,35,69,74,76,74,70,77,89,76,95,85,96,88,79,79,69,85,92,68,71,95,81,70,39,85
starter,835,3226,27,27,34,2,4,76.251,74.462,17,2.6653,unknown,regular,76,34,68,74,75,70,65,76,88,71,94,82,95,85,79,79,69,85,89,63,66,95,76,65,36,81
bench,836,3226,26,26,8,0,0,71.471,70.0,0,0.3466,unknown,regular,71,29,60,67,68,66,62,69,83,68,91,79,92,82,74,71,64,79,84,58,63,90,72,61,39,78
zero,837,3226,25,25,0,0,0,69.753,68.231,16,0.5052,unknown,regular,70,29,58,64,66,64,60,67,81,66,89,77,90,80,73,69,63,79,83,57,61,88,70,59,35,76
low,838,3226,27,27,12,1,1,71.274,69.846,1,0.4547,unknown,regular,72,30,59,68,68,65,61,68,82,67,90,78,91,81,75,71,65,81,85,59,62,89,72,61,39,77
medium,839,3226,27,27,26,6,5,70.597,69.077,8,0.5501,unknown,regular,70,29,59,66,68,66,61,68,82,67,91,78,91,80,73,71,63,79,83,57,62,90,70,59,37,76
great,840,3226,27,27,35,15,15,74.33,72.615,25,1.953,unknown,regular,75,33,63,69,71,69,64,72,86,71,93,82,95,84,77,74,67,83,87,61,65,93,75,64,35,80
starter,841,3226,26,26,34,2,4,75.104,73.462,5,2.0649,unknown,regular,75,34,63,73,71,69,65,72,86,71,94,82,95,85,78,77,68,84,88,62,66,93,75,65,38,81
bench,842,3226,25,25,8,0,0,75.033,73.538,1,1.1924,unknown,regular,76,34,63,71,71,69,65,72,86,71,94,82,95,85,79,74,68,84,88,63,66,93,76,65,41,81
zero,843,3226,26,26,0,0,0,72.597,71.115,1,0.6502,unknown,regular,73,32,61,68,69,67,62,70,84,68,92,79,93,82,76,72,66,82,86,60,64,91,73,62,39,78
low,844,3226,27,27,12,1,1,67.793,66.385,0,0.1084,decliner,regular,67,24,57,63,65,63,59,66,80,65,88,76,89,78,69,68,59,74,79,54,60,87,67,57,38,74
medium,845,3226,25,25,26,6,5,74.893,73.5,3,0.9485,unknown,sharpie,75,33,59,67,68,66,65,72,86,71,94,82,95,85,83,80,74,88,88,62,63,93,75,64,42,81
great,846,3226,26,26,35,15,15,75.843,73.923,18,1.8772,unknown,genetic_freak,74,33,73,79,79,78,64,72,86,70,94,82,95,84,73,71,64,79,87,62,75,93,75,64,35,81
starter,847,3226,25,25,34,2,4,70.26,68.769,4,0.4085,unknown,regular,71,30,58,65,67,64,60,67,81,66,89,77,90,80,74,70,64,80,84,58,61,89,71,60,36,76
bench,848,3226,27,27,8,0,0,74.063,72.577,2,1.3012,unknown,regular,74,33,62,72,71,68,64,71,85,70,93,81,94,84,77,74,67,83,87,61,65,93,74,63,41,80
zero,849,3226,26,26,0,0,0,73.698,72.115,1,1.1004,unknown,regular,74,32,62,69,70,68,64,71,85,70,93,81,94,84,76,74,67,82,86,61,65,92,74,63,38,80
low,850,3226,26,26,12,1,1,74.014,72.5,4,1.2715,unknown,regular,74,33,62,70,71,69,64,71,85,70,93,81,94,84,77,74,67,83,87,61,65,93,74,63,40,80
medium,851,3226,26,26,26,6,5,82.703,80.885,3,3.5612,unknown,regular,82,44,76,81,81,80,74,82,91,79,97,88,98,90,85,84,77,90,93,72,78,96,83,74,41,87
great,852,3226,27,27,35,15,15,75.468,73.962,3,2.3021,unknown,regular,76,34,63,75,71,69,65,72,86,71,94,82,95,85,78,79,68,85,89,63,66,93,76,65,42,81
starter,853,3226,26,26,34,2,4,72.918,71.308,24,1.2971,unknown,regular,74,32,61,68,69,67,63,70,84,69,92,80,93,83,76,73,66,82,86,60,64,91,73,63,36,79
bench,854,3226,26,26,8,0,0,69.788,68.308,1,0.2405,unknown,regular,69,26,59,66,67,65,60,68,82,66,90,77,91,80,71,70,62,77,82,56,62,89,69,58,38,76
zero,855,3226,25,25,0,0,0,72.803,71.308,1,0.4837,unknown,regular,73,31,61,68,69,67,63,70,84,69,92,80,93,83,76,72,66,82,86,60,64,91,73,63,39,79
low,856,3226,27,27,12,1,1,74.176,72.769,0,1.1036,unknown,regular,75,34,62,69,70,68,64,71,85,70,93,81,94,84,78,74,68,84,88,62,65,92,75,64,42,80
medium,857,3226,26,26,26,6,5,71.768,70.154,25,1.252,unknown,regular,72,31,60,67,69,66,62,69,83,68,91,79,92,81,75,72,65,80,85,59,63,90,72,61,35,77
great,858,3226,27,27,35,15,15,74.691,73.077,2,1.6966,unknown,regular,75,33,63,70,71,69,65,72,86,71,94,82,95,85,77,74,68,83,88,62,66,93,75,64,38,81
starter,859,3226,26,26,34,2,4,73.136,71.615,9,0.9417,regular,regular,73,32,62,68,70,68,63,71,85,69,93,80,93,83,76,73,66,82,86,60,64,92,73,62,39,79
bench,860,3226,26,26,8,0,0,67.686,66.269,0,0.1223,decliner,regular,68,26,56,62,64,62,58,65,79,64,87,75,88,78,70,67,61,76,80,55,59,86,69,58,36,74
zero,861,3226,26,26,0,0,0,72.756,71.346,0,0.3269,unknown,regular,73,30,61,69,70,67,63,70,84,69,92,80,93,83,75,73,65,81,85,60,64,92,73,62,42,79
low,862,3226,27,27,12,1,1,70.176,68.692,0,0.0,early_peak,regular,71,30,58,65,66,64,60,67,81,66,89,77,90,80,74,70,64,80,84,58,61,88,71,60,36,76
medium,863,3226,25,25,26,6,5,84.683,82.846,1,4.0523,unknown,regular,85,54,77,82,82,81,78,83,93,82,98,90,98,92,86,85,79,91,94,76,79,97,85,77,41,89
great,864,3226,26,26,35,15,15,76.507,74.846,11,2.0539,unknown,regular,76,34,63,74,76,74,65,77,89,71,95,82,95,85,79,79,69,84,89,63,71,94,76,65,40,81
starter,865,3226,27,27,34,2,4,74.176,72.769,0,1.0462,unknown,regular,75,34,62,69,70,68,64,71,85,70,93,81,94,84,78,74,68,84,88,62,65,92,75,64,42,80
bench,866,3226,25,25,8,0,0,70.552,69.038,11,0.4838,unknown,regular,71,30,59,65,67,65,60,68,82,66,90,77,91,80,74,70,64,80,84,58,62,89,71,60,36,76
zero,867,3226,27,27,0,0,0,67.274,65.846,1,0.2364,unknown,regular,68,26,55,64,64,61,57,64,78,63,86,74,87,77,71,67,61,77,81,55,58,85,68,57,35,73
low,868,3226,25,25,12,1,1,74.606,72.962,20,1.6782,unknown,regular,75,33,63,69,71,69,65,72,86,71,94,82,95,85,77,74,68,83,88,62,66,93,75,64,37,80
medium,869,3226,26,26,26,6,5,75.104,73.462,5,2.1523,unknown,regular,75,34,63,73,71,69,65,72,86,71,94,82,95,85,78,77,68,84,88,62,66,93,75,65,38,81
great,870,3226,25,25,35,15,15,78.033,76.154,39,2.8233,unknown,jokester,76,35,68,77,75,73,70,76,88,75,95,85,96,87,79,81,69,85,89,67,71,95,79,69,36,84
starter,871,3226,26,26,34,2,4,74.807,73.115,13,1.9525,unknown,regular,75,33,63,70,71,69,65,72,86,71,94,82,95,85,78,75,68,84,88,62,66,93,75,64,36,81
bench,872,3226,27,27,8,0,0,72.84,71.231,23,1.1557,unknown,regular,73,31,61,68,69,67,63,70,84,69,92,80,93,83,76,72,66,82,86,61,64,91,73,63,36,79
zero,873,3226,26,26,0,0,0,69.011,67.731,4,0.1706,unknown,sharpie,68,25,53,59,61,59,60,68,81,65,90,76,90,79,78,73,68,84,81,56,56,89,69,59,39,75
low,874,3226,26,26,12,1,1,72.836,71.385,0,0.4316,unknown,regular,73,30,62,68,70,67,63,71,84,69,92,80,93,83,75,73,65,81,85,60,65,92,73,62,41,79
medium,875,3226,25,25,26,6,5,71.141,69.654,2,0.4299,unknown,regular,72,30,59,66,67,65,61,68,82,67,90,78,91,81,75,71,65,81,85,59,62,89,72,61,37,77
great,876,3226,26,26,35,15,15,80.236,78.462,27,3.3967,unknown,regular,81,43,69,79,79,75,71,77,89,76,96,87,96,88,84,82,74,88,92,69,72,96,81,71,39,86
starter,877,3226,27,27,34,2,4,79.991,78.115,13,3.5321,unknown,regular,76,35,71,79,80,76,73,79,91,78,96,88,96,90,79,81,69,85,89,71,73,96,82,72,39,87
bench,878,3226,26,26,8,0,0,74.522,73.038,3,1.3174,unknown,regular,75,34,62,72,71,69,64,72,86,70,93,81,94,84,78,74,68,84,88,62,65,93,75,64,41,80
zero,879,3226,27,27,0,0,0,73.932,72.462,3,1.1416,unknown,sharpie,74,32,59,65,67,65,64,71,85,70,93,81,94,84,82,80,73,88,86,61,62,92,74,63,39,80
low,880,3226,27,27,12,1,1,73.068,71.423,25,1.4409,unknown,regular,74,32,61,68,69,67,63,70,84,69,92,80,93,83,77,73,67,82,86,61,64,91,74,63,35,79
medium,881,3226,26,26,26,6,5,74.037,72.385,21,1.6033,unknown,regular,75,33,62,69,70,68,64,71,85,70,93,81,94,84,77,74,67,83,87,62,65,93,75,64,36,80
great,882,3226,27,27,35,15,15,75.055,73.385,4,2.3102,unknown,regular,75,34,63,73,71,69,65,72,86,71,94,82,95,85,78,75,68,84,88,62,66,93,76,65,37,81
starter,883,3226,25,25,34,2,4,73.26,71.769,0,0.4994,unknown,regular,73,31,62,68,70,68,63,71,85,69,93,80,94,83,76,73,66,82,86,60,65,92,74,63,40,79
bench,884,3226,27,27,8,0,0,70.983,69.577,0,0.271,unknown,regular,70,27,60,67,68,66,61,69,83,67,91,78,92,81,73,72,63,78,83,58,63,90,71,60,41,77
zero,885,3226,27,27,0,0,0,73.597,72.154,0,0.8641,unknown,regular,74,33,62,69,70,68,63,71,85,69,93,80,94,83,77,73,67,83,87,61,65,92,74,63,41,79
low,886,3226,25,25,12,1,1,72.998,71.462,19,1.1032,unknown,regular,73,32,61,68,69,67,63,70,84,69,92,80,93,83,76,73,66,82,86,61,65,91,74,63,38,79
medium,887,3226,25,25,26,6,5,82.998,81.038,3,3.5499,unknown,regular,83,53,75,80,81,79,76,82,91,79,97,88,97,90,85,83,77,90,93,73,77,96,83,75,36,88
great,888,3226,26,26,35,15,15,73.177,71.731,1,0.6616,unknown,regular,74,33,61,69,69,67,63,70,84,69,92,80,93,83,77,72,67,83,87,61,64,91,74,63,40,79
starter,889,3226,26,26,34,2,4,80.255,78.462,12,2.7547,unknown,regular,81,35,73,77,78,77,74,79,90,76,96,86,97,90,84,81,74,85,92,68,75,95,81,70,40,86
bench,890,3226,26,26,8,0,0,74.419,72.846,1,1.5277,unknown,regular,74,33,63,70,71,69,65,72,86,70,94,81,95,84,77,74,67,83,87,62,66,93,75,64,39,80
zero,891,3226,27,27,0,0,0,70.959,69.423,10,0.5926,unknown,regular,70,29,60,66,68,66,61,69,83,67,91,78,91,81,73,71,63,79,83,58,63,90,71,60,37,77
low,892,3226,27,27,12,1,1,74.176,72.769,0,1.0194,unknown,regular,75,34,62,69,70,68,64,71,85,70,93,81,94,84,78,74,68,84,88,62,65,92,75,64,42,80
medium,893,3226,25,25,26,6,5,70.087,68.577,25,1.1301,late_bloomer,regular,71,30,58,64,66,64,60,67,81,66,89,77,90,80,74,69,64,80,84,58,61,88,71,60,35,76
great,894,3226,27,27,35,15,15,76.998,75.192,10,2.8714,unknown,regular,76,35,69,75,76,74,65,77,89,71,95,82,96,85,79,79,69,85,89,63,72,95,76,65,37,81
starter,895,3226,27,27,34,2,4,73.427,71.923,2,1.0701,unknown,regular,73,32,62,69,70,68,64,71,85,70,93,80,94,83,76,74,66,82,86,60,65,92,73,63,40,79
bench,896,3226,27,27,8,0,0,70.112,68.731,0,0.233,unknown,regular,69,27,59,67,68,65,60,68,82,66,90,77,91,80,72,72,62,77,81,57,62,89,70,59,41,76
zero,897,3226,27,27,0,0,0,73.298,71.885,0,0.4351,unknown,regular,73,31,62,68,70,68,63,71,85,69,93,80,94,83,76,73,66,82,86,61,65,92,74,63,42,79
low,898,3226,26,26,12,1,1,74.574,72.962,11,1.6807,unknown,regular,75,33,63,70,71,69,65,72,86,70,94,82,95,85,77,74,68,83,87,62,66,93,75,64,38,80
medium,899,3226,27,27,26,6,5,67.312,65.923,1,0.2392,decliner,regular,68,27,55,65,63,61,57,64,78,63,86,74,87,77,71,67,61,77,81,55,58,85,68,57,36,73
great,900,3226,26,26,35,15,15,82.509,80.731,1,3.361,unknown,regular,83,44,74,79,80,79,76,81,91,80,96,88,97,90,85,83,77,90,93,74,77,96,83,75,41,87
zero,901,3226,28,28,0,0,0,73.221,71.808,0,0.6572,unknown,regular,74,33,61,69,69,67,63,70,84,69,92,80,93,83,77,73,67,83,87,61,64,91,74,63,41,79
low,902,3226,28,28,12,1,1,68.491,67.038,2,0.3241,unknown,regular,69,27,56,66,66,62,58,65,79,64,87,75,88,78,72,70,62,78,82,56,59,87,69,58,36,74
medium,903,3226,28,28,26,6,5,74.807,73.077,3,1.9198,unknown,regular,75,33,63,70,71,69,65,72,86,71,94,82,95,85,78,75,68,84,88,62,66,93,75,64,35,81
great,904,3226,26,26,35,15,15,74.898,73.192,3,1.9282,unknown,regular,75,33,63,72,71,69,65,72,86,71,94,82,95,85,78,75,68,84,88,62,66,93,75,64,36,81
starter,905,3226,26,26,34,2,4,73.306,71.808,1,0.8072,unknown,regular,74,33,61,69,70,67,63,70,84,69,92,80,93,83,77,73,67,83,87,61,64,92,74,63,39,79
bench,906,3226,28,28,8,0,0,73.085,71.5,8,0.9979,unknown,regular,73,31,62,69,70,68,63,71,85,69,93,80,93,83,75,74,65,81,85,60,65,92,73,62,38,79
zero,907,3226,26,26,0,0,0,72.396,70.769,8,0.7995,unknown,regular,72,30,61,68,70,67,62,70,84,69,92,79,93,82,75,73,65,80,85,59,64,91,73,62,36,78
low,908,3226,27,27,12,1,1,74.829,73.269,3,1.6579,unknown,regular,75,33,63,74,71,69,65,72,86,71,94,81,95,85,78,74,68,83,88,62,66,93,75,64,40,80
medium,909,3226,28,28,26,6,5,74.945,73.462,2,1.7207,unknown,regular,75,34,63,75,71,69,65,72,86,71,94,82,95,84,78,74,68,84,88,62,66,93,75,64,42,80
great,910,3226,26,26,35,15,15,79.094,77.308,7,2.4043,unknown,regular,76,35,71,77,78,76,70,78,90,76,96,87,97,88,79,80,69,85,89,68,73,95,81,70,40,86
starter,911,3226,28,28,34,2,4,72.604,71.115,14,0.979,unknown,sharpie,73,30,57,63,65,63,63,70,84,69,92,80,93,83,81,78,71,87,85,60,60,91,73,62,37,79
bench,912,3226,28,28,8,0,0,74.136,72.423,15,1.5123,unknown,regular,74,33,63,70,71,69,64,71,85,70,93,81,95,84,77,74,67,83,87,61,65,93,74,64,35,80
zero,913,3226,26,26,0,0,0,70.155,68.692,0,0.1894,unknown,regular,69,26,59,67,68,66,60,68,82,66,90,77,91,80,72,71,62,77,82,57,62,90,70,59,39,76
low,914,3226,27,27,12,1,1,73.749,72.192,1,1.1774,unknown,regular,74,32,62,70,71,68,64,71,85,70,93,81,94,84,76,74,66,82,86,61,65,92,74,63,39,80
medium,915,3226,27,27,26,6,5,72.583,71.115,0,0.418,unknown,regular,73,30,61,68,69,67,63,70,84,69,92,80,93,83,75,72,65,81,85,60,64,91,73,62,40,79
great,916,3226,26,26,35,15,15,72.298,70.692,19,0.9293,unknown,regular,72,30,61,67,69,67,62,70,84,68,92,79,93,82,75,72,65,81,85,60,64,91,73,62,36,78
starter,917,3226,27,27,34,2,4,75.123,73.615,0,1.7886,unknown,sharpie,75,33,60,66,68,66,65,72,86,71,94,82,95,85,84,82,76,89,88,62,63,93,75,64,39,81
bench,918,3226,26,26,8,0,0,74.097,72.615,2,1.0314,unknown,sharpie,74,33,60,67,68,66,63,71,85,69,93,80,94,83,83,80,73,88,87,61,63,92,74,63,39,79
zero,919,3226,26,26,0,0,0,72.352,70.885,0,0.3116,unknown,regular,72,30,61,68,69,67,63,70,84,68,92,79,93,82,75,73,65,81,85,59,64,91,72,62,40,78
low,920,3226,27,27,12,1,1,76.622,75.038,3,1.7249,unknown,regular,76,35,69,75,76,69,65,77,86,71,95,82,96,85,79,79,69,85,89,63,72,94,76,65,42,81
medium,921,3226,26,26,26,6,5,84.266,82.5,1,3.5331,unknown,regular,85,55,76,81,82,80,77,82,92,82,98,89,98,92,86,84,79,90,94,75,78,97,85,77,42,89
great,922,3226,28,28,35,15,15,77.47,75.769,7,2.9329,unknown,regular,76,35,71,77,78,76,65,79,89,71,95,82,95,85,79,81,69,85,89,63,72,95,76,65,41,81
starter,923,3226,26,26,34,2,4,77.984,76.192,19,2.2143,unknown,regular,76,34,68,74,76,74,70,77,89,76,95,85,96,88,79,79,69,85,89,63,71,94,81,70,38,85
bench,924,3226,27,27,8,0,0,73.497,72.038,0,0.5447,regular,regular,74,31,62,68,70,68,64,71,85,70,93,81,94,83,76,73,66,82,86,61,65,92,74,63,41,80
zero,925,3226,27,27,0,0,0,74.028,72.346,2,1.285,unknown,regular,74,32,62,72,71,68,64,71,85,70,93,81,94,84,77,74,67,83,87,61,65,93,74,63,36,80
low,926,3226,28,28,12,1,1,74.494,72.846,4,1.6202,unknown,regular,75,33,63,70,71,69,65,72,86,70,94,81,95,84,77,74,68,83,87,62,66,93,75,64,37,80
medium,927,3226,27,27,26,6,5,83.078,81.269,1,3.7125,unknown,regular,83,53,75,80,81,79,75,81,91,80,97,88,98,91,85,83,77,90,93,74,77,97,83,75,40,87
great,928,3226,28,28,35,15,15,74.945,73.385,2,1.545,unknown,regular,75,33,63,74,71,69,65,72,86,71,94,82,95,85,78,74,68,84,88,62,66,93,75,64,40,81
starter,929,3226,26,26,34,2,4,77.575,75.654,11,2.829,unknown,regular,76,35,69,78,76,74,65,77,89,71,95,86,96,88,79,79,69,85,89,63,71,95,76,65,35,86
bench,930,3226,27,27,8,0,0,74.792,73.192,2,1.6195,unknown,regular,75,33,63,74,71,69,65,72,86,71,94,82,95,84,77,74,68,83,88,62,66,93,75,64,39,80
zero,931,3226,26,26,0,0,0,69.04,67.538,1,0.2634,unknown,regular,70,28,57,65,65,63,59,66,80,65,88,76,89,79,72,69,62,78,82,57,60,87,70,59,35,75
low,932,3226,27,27,12,1,1,70.814,69.308,4,0.4968,unknown,regular,71,30,59,67,68,65,60,68,82,66,90,77,91,80,74,72,64,80,84,58,62,90,71,60,37,76
medium,933,3226,27,27,26,6,5,80.72,78.962,9,3.4934,unknown,sharpie,82,45,62,69,71,69,75,80,91,79,96,88,97,90,89,90,85,93,93,70,66,96,82,72,36,87
great,934,3226,27,27,35,15,15,79.283,77.5,17,2.5074,unknown,regular,81,35,70,75,77,75,71,78,90,77,95,86,96,89,79,80,69,85,93,69,72,95,82,71,39,86
starter,935,3226,28,28,34,2,4,76.633,74.808,9,2.4743,unknown,regular,76,34,69,75,76,73,65,77,89,71,94,82,95,85,79,80,69,85,89,63,66,95,76,65,36,81
bench,936,3226,27,27,8,0,0,71.471,70.0,0,0.347,unknown,regular,71,29,60,67,68,66,62,69,83,68,91,79,92,82,74,71,64,79,84,58,63,90,72,61,39,78
zero,937,3226,26,26,0,0,0,69.969,68.423,5,0.4433,unknown,regular,70,29,58,65,67,65,60,67,81,66,89,77,90,80,73,70,63,79,83,57,61,89,70,59,35,76
low,938,3226,28,28,12,1,1,71.274,69.846,0,0.4626,unknown,regular,72,30,59,68,68,65,61,68,82,67,90,78,91,81,75,71,65,81,85,59,62,89,72,61,39,77
medium,939,3226,28,28,26,6,5,70.686,69.154,2,0.4931,unknown,regular,70,29,59,67,68,66,61,68,82,67,91,78,91,80,73,72,63,79,83,57,62,90,70,59,37,76
great,940,3226,28,28,35,15,15,74.764,73.038,11,1.834,unknown,regular,75,33,63,70,71,69,65,72,86,71,94,82,95,85,78,74,68,84,88,62,66,93,75,64,35,81
starter,941,3226,27,27,34,2,4,75.236,73.577,3,1.9379,unknown,regular,75,34,63,74,71,69,65,72,86,71,94,82,95,85,78,79,68,84,88,62,66,93,75,65,38,81
bench,942,3226,26,26,8,0,0,75.078,73.577,1,1.196,unknown,regular,76,34,63,72,71,69,65,72,86,71,94,82,95,85,79,74,68,84,88,63,66,93,76,65,41,81
zero,943,3226,27,27,0,0,0,72.642,71.154,1,0.6502,unknown,regular,73,32,61,69,69,67,62,70,84,68,92,79,93,82,76,72,66,82,86,60,64,91,73,62,39,78
low,944,3226,28,28,12,1,1,67.793,66.385,0,-0.4855,decliner,regular,67,24,57,63,65,63,59,66,80,65,88,76,89,78,69,68,59,74,79,54,60,87,67,57,38,74
medium,945,3226,26,26,26,6,5,74.893,73.5,0,0.8412,unknown,sharpie,75,33,59,67,68,66,65,72,86,71,94,82,95,85,83,80,74,88,88,62,63,93,75,64,42,81
great,946,3226,27,27,35,15,15,75.961,74.038,3,1.6437,unknown,genetic_freak,75,33,73,79,79,78,65,72,86,71,94,82,95,84,73,71,64,79,87,62,75,93,75,64,35,81
starter,947,3226,26,26,34,2,4,70.306,68.808,1,0.4013,unknown,regular,71,30,58,66,67,64,60,67,81,66,89,77,90,80,74,70,64,80,84,58,61,89,71,60,36,76
bench,948,3226,28,28,8,0,0,74.154,72.654,2,1.3012,unknown,regular,74,33,62,74,71,68,64,71,85,70,93,81,94,84,77,74,67,83,87,61,65,93,74,63,41,80
zero,949,3226,27,27,0,0,0,73.698,72.115,0,1.1004,unknown,regular,74,32,62,69,70,68,64,71,85,70,93,81,94,84,76,74,67,82,86,61,65,92,74,63,38,80
low,950,3226,27,27,12,1,1,74.105,72.577,2,1.2621,unknown,regular,74,33,62,72,71,69,64,71,85,70,93,81,94,84,77,74,67,83,87,61,65,93,74,63,40,80
medium,951,3226,27,27,26,6,5,82.738,80.923,1,3.4988,unknown,regular,82,45,76,81,81,80,74,82,91,79,97,88,98,90,85,84,77,90,93,72,78,96,83,74,41,87
great,952,3226,28,28,35,15,15,75.557,74.038,2,2.1217,unknown,regular,76,34,63,76,71,69,65,72,86,71,94,82,95,85,78,80,68,85,89,63,66,93,76,65,42,81
starter,953,3226,27,27,34,2,4,73.661,72.0,18,1.2174,unknown,regular,74,32,62,69,70,68,64,71,85,70,93,81,94,84,76,74,66,82,86,61,65,92,74,63,36,80
bench,954,3226,27,27,8,0,0,69.788,68.308,0,0.2403,unknown,regular,69,26,59,66,67,65,60,68,82,66,90,77,91,80,71,70,62,77,82,56,62,89,69,58,38,76
zero,955,3226,26,26,0,0,0,72.803,71.308,0,0.4245,unknown,regular,73,31,61,68,69,67,63,70,84,69,92,80,93,83,76,72,66,82,86,60,64,91,73,63,39,79
low,956,3226,28,28,12,1,1,74.176,72.769,0,1.1303,unknown,regular,75,34,62,69,70,68,64,71,85,70,93,81,94,84,78,74,68,84,88,62,65,92,75,64,42,80
medium,957,3226,27,27,26,6,5,72.733,71.077,24,1.1389,unknown,regular,73,31,61,68,70,67,63,70,84,69,92,80,93,82,76,73,66,81,86,60,64,91,73,62,35,78
great,958,3226,28,28,35,15,15,74.855,73.231,4,1.8899,unknown,regular,75,33,63,72,71,69,65,72,86,71,94,82,95,85,78,74,68,84,88,62,66,93,75,64,38,81
starter,959,3226,27,27,34,2,4,73.223,71.692,2,0.9842,regular,regular,73,32,62,69,70,68,63,71,85,69,93,80,93,83,76,73,66,82,86,60,65,92,73,62,39,79
bench,960,3226,27,27,8,0,0,67.686,66.269,0,0.1225,decliner,regular,68,26,56,62,64,62,58,65,79,64,87,75,88,78,70,67,61,76,80,55,59,86,69,58,36,74
zero,961,3226,27,27,0,0,0,72.756,71.346,0,0.3269,unknown,regular,73,30,61,69,70,67,63,70,84,69,92,80,93,83,75,73,65,81,85,60,64,92,73,62,42,79
low,962,3226,28,28,12,1,1,70.176,68.692,0,0.0,early_peak,regular,71,30,58,65,66,64,60,67,81,66,89,77,90,80,74,70,64,80,84,58,61,88,71,60,36,76
medium,963,3226,26,26,26,6,5,84.718,82.885,1,3.8467,unknown,regular,85,55,77,82,82,81,78,83,93,82,98,90,98,92,86,85,79,91,94,76,79,97,85,77,41,89
great,964,3226,27,27,35,15,15,76.806,75.115,7,2.1873,unknown,regular,76,34,63,75,77,75,65,78,90,71,95,82,95,85,79,80,69,84,89,63,72,94,76,65,40,81
starter,965,3226,28,28,34,2,4,74.176,72.769,0,1.0748,unknown,regular,75,34,62,69,70,68,64,71,85,70,93,81,94,84,78,74,68,84,88,62,65,92,75,64,42,80
bench,966,3226,26,26,8,0,0,70.725,69.192,4,0.4839,unknown,regular,71,30,59,66,68,65,60,68,82,66,90,77,91,80,74,71,64,80,84,58,62,90,71,60,36,76
zero,967,3226,28,28,0,0,0,67.319,65.885,1,0.2364,unknown,regular,68,26,55,65,64,61,57,64,78,63,86,74,87,77,71,67,61,77,81,55,58,85,68,57,35,73
low,968,3226,26,26,12,1,1,74.691,73.038,2,1.6487,unknown,regular,75,33,63,70,71,69,65,72,86,71,94,82,95,85,77,74,68,83,88,62,66,93,75,64,37,81
medium,969,3226,27,27,26,6,5,75.274,73.615,4,2.2276,unknown,regular,75,34,63,74,71,69,65,72,86,71,94,82,95,85,78,79,68,84,88,63,66,93,75,65,38,81
great,970,3226,26,26,35,15,15,78.638,76.731,15,2.7852,unknown,jokester,76,35,69,77,76,74,71,77,89,76,95,86,96,88,79,81,69,85,89,68,72,95,81,70,36,85
starter,971,3226,27,27,34,2,4,74.985,73.269,4,1.8783,unknown,regular,75,33,63,72,71,69,65,72,86,71,94,82,95,85,78,77,68,84,88,62,66,93,75,64,36,81
bench,972,3226,28,28,8,0,0,73.505,71.846,16,1.1538,unknown,regular,73,31,62,69,70,68,64,71,85,70,93,80,94,84,76,73,66,82,86,61,65,92,74,63,36,80
zero,973,3226,27,27,0,0,0,69.164,67.885,4,0.1706,unknown,sharpie,68,25,53,59,61,59,60,68,81,65,90,76,90,79,79,74,69,85,81,56,56,89,69,59,39,75
low,974,3226,27,27,12,1,1,72.836,71.385,0,0.4269,unknown,regular,73,30,62,68,70,67,63,71,84,69,92,80,93,83,75,73,65,81,85,60,65,92,73,62,41,79
medium,975,3226,26,26,26,6,5,71.186,69.692,1,0.4418,unknown,regular,72,30,59,67,67,65,61,68,82,67,90,78,91,81,75,71,65,81,85,59,62,89,72,61,37,77
great,976,3226,27,27,35,15,15,80.939,79.154,18,3.3692,unknown,regular,82,44,70,79,79,76,72,78,90,77,96,87,96,89,85,82,75,89,93,70,73,96,82,72,39,87
starter,977,3226,28,28,34,2,4,80.398,78.5,10,3.7602,unknown,regular,76,35,72,79,80,77,74,80,91,79,96,88,96,90,79,82,69,85,89,72,74,96,83,73,39,87
bench,978,3226,27,27,8,0,0,74.609,73.115,2,1.3185,unknown,regular,75,34,63,73,71,69,64,72,86,70,93,81,94,84,78,74,68,84,88,62,65,93,75,64,41,80
zero,979,3226,28,28,0,0,0,74.042,72.577,3,1.1416,unknown,sharpie,74,32,59,65,67,65,64,71,85,70,93,81,94,84,83,80,74,89,86,61,62,92,74,63,39,80
low,980,3226,28,28,12,1,1,73.884,72.192,20,1.4667,unknown,regular,74,32,62,69,70,68,64,71,85,70,93,81,94,84,77,74,67,83,87,62,65,92,74,64,35,80
medium,981,3226,27,27,26,6,5,74.457,72.769,10,1.6708,unknown,regular,75,33,63,70,71,69,65,72,86,70,94,81,95,84,77,74,67,83,87,62,66,93,75,64,36,80
great,982,3226,28,28,35,15,15,75.187,73.5,3,2.2573,unknown,regular,75,34,63,74,71,69,65,72,86,71,94,82,95,85,78,77,68,84,88,62,66,93,76,65,37,81
starter,983,3226,26,26,34,2,4,73.26,71.769,0,0.5348,unknown,regular,73,31,62,68,70,68,63,71,85,69,93,80,94,83,76,73,66,82,86,60,65,92,74,63,40,79
bench,984,3226,28,28,8,0,0,70.983,69.577,0,0.2696,unknown,regular,70,27,60,67,68,66,61,69,83,67,91,78,92,81,73,72,63,78,83,58,63,90,71,60,41,77
zero,985,3226,28,28,0,0,0,73.597,72.154,0,0.8641,unknown,regular,74,33,62,69,70,68,63,71,85,69,93,80,94,83,77,73,67,83,87,61,65,92,74,63,41,79
low,986,3226,26,26,12,1,1,73.543,71.962,13,1.1014,unknown,regular,73,32,62,69,70,68,64,71,85,70,93,80,94,84,76,74,66,82,86,61,65,92,74,63,38,79
medium,987,3226,26,26,26,6,5,83.033,81.077,1,3.8042,unknown,regular,83,54,75,80,81,79,76,82,91,79,97,88,97,90,85,83,77,90,93,73,77,96,83,75,36,88
great,988,3226,27,27,35,15,15,73.177,71.731,0,0.6206,unknown,regular,74,33,61,69,69,67,63,70,84,69,92,80,93,83,77,72,67,83,87,61,64,91,74,63,40,79
starter,989,3226,27,27,34,2,4,80.562,78.769,8,2.8268,unknown,regular,82,35,73,77,78,77,74,79,90,77,96,87,97,90,84,81,75,85,93,69,75,95,82,71,40,86
bench,990,3226,27,27,8,0,0,74.51,72.923,2,1.5206,unknown,regular,74,33,63,72,71,69,65,72,86,70,94,81,95,84,77,74,67,83,87,62,66,93,75,64,39,80
zero,991,3226,28,28,0,0,0,71.089,69.538,3,0.5926,unknown,regular,70,29,60,67,68,66,61,69,83,67,91,78,92,81,73,72,63,79,83,58,63,90,71,60,37,77
low,992,3226,28,28,12,1,1,74.176,72.769,0,1.0332,unknown,regular,75,34,62,69,70,68,64,71,85,70,93,81,94,84,78,74,68,84,88,62,65,92,75,64,42,80
medium,993,3226,26,26,26,6,5,71.087,69.538,25,1.2367,late_bloomer,regular,72,31,59,65,67,65,61,68,82,67,90,78,91,81,75,70,65,81,85,59,62,89,72,61,35,77
great,994,3226,28,28,35,15,15,77.422,75.577,10,3.1851,unknown,regular,76,35,70,76,77,75,65,78,90,71,96,82,96,85,79,80,69,85,89,63,73,96,76,65,37,81
starter,995,3226,28,28,34,2,4,73.427,71.923,0,1.0418,unknown,regular,73,32,62,69,70,68,64,71,85,70,93,80,94,83,76,74,66,82,86,60,65,92,73,63,40,79
bench,996,3226,28,28,8,0,0,70.112,68.731,0,0.2316,unknown,regular,69,27,59,67,68,65,60,68,82,66,90,77,91,80,72,72,62,77,81,57,62,89,70,59,41,76
zero,997,3226,28,28,0,0,0,73.298,71.885,0,0.4351,unknown,regular,73,31,62,68,70,68,63,71,85,69,93,80,94,83,76,73,66,82,86,61,65,92,74,63,42,79
low,998,3226,27,27,12,1,1,74.665,73.038,2,1.6603,unknown,regular,75,33,63,72,71,69,65,72,86,70,94,82,95,85,77,74,68,83,87,62,66,93,75,64,38,80
medium,999,3226,28,28,26,6,5,66.385,65.038,-23,-1.0825,decliner,regular,67,27,54,64,62,60,56,63,77,62,85,73,86,76,70,66,60,76,80,55,57,84,67,56,36,72
great,1000,3226,27,27,35,15,15,82.544,80.769,1,3.6481,unknown,regular,83,45,74,79,80,79,76,81,91,80,96,88,97,90,85,83,77,90,93,74,77,96,83,75,41,87
zero,1001,3226,29,29,0,0,0,73.221,71.808,0,0.6572,unknown,regular,74,33,61,69,69,67,63,70,84,69,92,80,93,83,77,73,67,83,87,61,64,91,74,63,41,79
low,1002,3226,29,29,12,1,1,68.578,67.115,2,0.3194,unknown,regular,69,27,56,67,66,63,58,65,79,64,87,75,88,78,72,70,62,78,82,56,59,87,69,58,36,74
medium,1003,3226,29,29,26,6,5,74.985,73.231,4,1.7978,unknown,regular,75,33,63,72,71,69,65,72,86,71,94,82,95,85,78,77,68,84,88,62,66,93,75,64,35,81
great,1004,3226,27,27,35,15,15,75.076,73.346,4,1.9789,unknown,regular,75,33,63,74,71,69,65,72,86,71,94,82,95,85,78,77,68,84,88,62,66,93,75,64,36,81
starter,1005,3226,27,27,34,2,4,73.306,71.808,0,0.731,unknown,regular,74,33,61,69,70,67,63,70,84,69,92,80,93,83,77,73,67,83,87,61,64,92,74,63,39,79
bench,1006,3226,29,29,8,0,0,73.202,71.615,3,0.9921,unknown,regular,73,31,62,69,70,68,63,71,85,69,93,80,94,83,75,74,66,81,85,60,65,92,73,63,38,79
zero,1007,3226,27,27,0,0,0,72.524,70.885,3,0.7995,unknown,regular,72,30,61,69,70,67,63,70,84,69,92,79,93,82,75,73,65,80,85,59,64,92,73,62,36,78
low,1008,3226,28,28,12,1,1,74.874,73.308,1,1.6592,unknown,regular,75,33,63,75,71,69,65,72,86,71,94,81,95,85,78,74,68,83,88,62,66,93,75,64,40,80
medium,1009,3226,29,29,26,6,5,74.945,73.462,0,1.5427,unknown,regular,75,34,63,75,71,69,65,72,86,71,94,82,95,84,78,74,68,84,88,62,66,93,75,64,42,80
great,1010,3226,27,27,35,15,15,79.292,77.5,5,2.2016,unknown,regular,76,35,71,77,78,76,71,78,90,77,96,87,97,89,79,80,69,85,89,69,73,95,81,71,40,86
starter,1011,3226,29,29,34,2,4,72.924,71.423,8,0.915,unknown,sharpie,73,30,57,63,65,63,63,71,85,69,93,80,93,83,82,79,72,88,85,60,60,92,73,62,37,79
bench,1012,3226,29,29,8,0,0,74.469,72.731,8,1.5105,unknown,regular,74,33,63,72,71,69,64,72,86,70,94,81,95,84,77,74,67,83,87,62,66,93,75,64,35,80
zero,1013,3226,27,27,0,0,0,70.155,68.692,0,0.1894,unknown,regular,69,26,59,67,68,66,60,68,82,66,90,77,91,80,72,71,62,77,82,57,62,90,70,59,39,76
low,1014,3226,28,28,12,1,1,73.794,72.231,1,1.1721,unknown,regular,74,32,62,71,71,68,64,71,85,70,93,81,94,84,76,74,66,82,86,61,65,92,74,63,39,80
medium,1015,3226,28,28,26,6,5,72.583,71.115,0,0.4166,unknown,regular,73,30,61,68,69,67,63,70,84,69,92,80,93,83,75,72,65,81,85,60,64,91,73,62,40,79
great,1016,3226,27,27,35,15,15,72.961,71.308,16,0.9328,unknown,regular,73,30,62,68,70,68,63,71,85,69,93,80,93,83,75,73,65,81,85,60,65,92,73,62,36,79
starter,1017,3226,28,28,34,2,4,75.123,73.615,0,1.8207,unknown,sharpie,75,33,60,66,68,66,65,72,86,71,94,82,95,85,84,82,76,89,88,62,63,93,75,64,39,81
bench,1018,3226,27,27,8,0,0,74.17,72.692,2,1.04,unknown,sharpie,74,33,60,67,68,66,63,71,85,69,93,80,94,83,83,80,74,89,87,61,63,92,74,63,39,79
zero,1019,3226,27,27,0,0,0,72.352,70.885,0,0.3116,unknown,regular,72,30,61,68,69,67,63,70,84,68,92,79,93,82,75,73,65,81,85,59,64,91,72,62,40,78
low,1020,3226,28,28,12,1,1,76.664,75.077,1,1.7652,unknown,regular,76,35,69,75,77,69,65,77,86,71,95,82,96,85,79,79,69,85,89,63,72,94,76,65,42,81
medium,1021,3226,27,27,26,6,5,84.301,82.538,1,3.8142,unknown,regular,85,56,76,81,82,80,77,82,92,82,98,89,98,92,86,84,79,90,94,75,78,97,85,77,42,89
great,1022,3226,29,29,35,15,15,77.637,75.923,4,2.9384,unknown,regular,76,35,71,77,78,77,65,79,90,71,95,82,96,85,79,81,69,85,89,63,73,95,76,65,41,81
starter,1023,3226,27,27,34,2,4,78.565,76.731,14,2.2297,unknown,regular,76,34,69,75,77,75,71,78,90,77,95,86,96,89,79,80,69,85,89,63,72,94,81,71,38,86
bench,1024,3226,28,28,8,0,0,73.497,72.038,0,0.547,regular,regular,74,31,62,68,70,68,64,71,85,70,93,81,94,83,76,73,66,82,86,61,65,92,74,63,41,80
zero,1025,3226,28,28,0,0,0,74.074,72.385,1,1.285,unknown,regular,74,32,62,73,71,68,64,71,85,70,93,81,94,84,77,74,67,83,87,61,65,93,74,63,36,80
low,1026,3226,29,29,12,1,1,74.584,72.923,2,1.6211,unknown,regular,75,33,63,72,71,69,65,72,86,70,94,81,95,84,77,74,68,83,87,62,66,93,75,64,37,80
medium,1027,3226,28,28,26,6,5,83.113,81.308,1,3.611,unknown,regular,83,54,75,80,81,79,75,81,91,80,97,88,98,91,85,83,77,90,93,74,77,97,83,75,40,87
great,1028,3226,29,29,35,15,15,74.991,73.423,1,1.7605,unknown,regular,75,33,63,75,71,69,65,72,86,71,94,82,95,85,78,74,68,84,88,62,66,93,75,64,40,81
starter,1029,3226,27,27,34,2,4,77.95,76.0,9,2.8456,unknown,regular,76,35,70,78,77,75,65,78,90,71,95,87,96,89,79,80,69,85,89,63,72,95,76,65,35,86
bench,1030,3226,28,28,8,0,0,74.838,73.231,1,1.6185,unknown,regular,75,33,63,75,71,69,65,72,86,71,94,82,95,84,77,74,68,83,88,62,66,93,75,64,39,80
zero,1031,3226,27,27,0,0,0,69.085,67.577,1,0.2634,unknown,regular,70,28,57,66,65,63,59,66,80,65,88,76,89,79,72,69,62,78,82,57,60,87,70,59,35,75
low,1032,3226,28,28,12,1,1,70.86,69.346,1,0.4904,unknown,regular,71,30,59,68,68,65,60,68,82,66,90,77,91,80,74,72,64,80,84,58,62,90,71,60,37,76
medium,1033,3226,28,28,26,6,5,80.832,79.077,3,3.4548,unknown,sharpie,82,46,62,69,71,69,75,80,91,79,96,88,97,90,89,90,85,93,93,71,66,96,82,73,36,87
great,1034,3226,28,28,35,15,15,79.653,77.846,9,2.5523,unknown,regular,81,35,71,76,78,76,72,78,90,77,95,87,96,89,79,80,69,85,93,70,73,95,82,72,39,86
starter,1035,3226,29,29,34,2,4,76.888,75.038,6,2.5799,unknown,regular,76,34,70,76,77,74,65,78,90,71,94,82,95,85,79,80,69,85,89,63,66,95,76,65,36,81
bench,1036,3226,28,28,8,0,0,71.471,70.0,0,0.3485,unknown,regular,71,29,60,67,68,66,62,69,83,68,91,79,92,82,74,71,64,79,84,58,63,90,72,61,39,78
zero,1037,3226,27,27,0,0,0,70.058,68.5,2,0.4433,unknown,regular,70,29,58,66,67,65,60,67,81,66,89,77,90,80,73,71,63,79,83,57,61,89,70,59,35,76
low,1038,3226,29,29,12,1,1,71.274,69.846,0,0.4632,unknown,regular,72,30,59,68,68,65,61,68,82,67,90,78,91,81,75,71,65,81,85,59,62,89,72,61,39,77
medium,1039,3226,29,29,26,6,5,70.813,69.269,3,0.5493,unknown,regular,70,29,59,68,68,66,61,68,82,67,91,78,91,80,73,72,63,79,83,57,63,90,70,59,37,77
great,1040,3226,29,29,35,15,15,74.855,73.115,2,1.7868,unknown,regular,75,33,63,72,71,69,65,72,86,71,94,82,95,85,78,74,68,84,88,62,66,93,75,64,35,81
starter,1041,3226,28,28,34,2,4,75.325,73.654,2,1.9825,unknown,regular,75,34,63,75,71,69,65,72,86,71,94,82,95,85,78,80,68,84,88,62,66,93,75,65,38,81
bench,1042,3226,27,27,8,0,0,75.124,73.615,1,1.1969,unknown,regular,76,34,63,73,71,69,65,72,86,71,94,82,95,85,79,74,68,84,88,63,66,93,76,65,41,81
zero,1043,3226,28,28,0,0,0,72.642,71.154,0,0.6502,unknown,regular,73,32,61,69,69,67,62,70,84,68,92,79,93,82,76,72,66,82,86,60,64,91,73,62,39,78
low,1044,3226,29,29,12,1,1,67.793,66.385,0,-0.4777,decliner,regular,67,24,57,63,65,63,59,66,80,65,88,76,89,78,69,68,59,74,79,54,60,87,67,57,38,74
medium,1045,3226,27,27,26,6,5,74.893,73.5,0,0.8586,unknown,sharpie,75,33,59,67,68,66,65,72,86,71,94,82,95,85,83,80,74,88,88,62,63,93,75,64,42,81
great,1046,3226,28,28,35,15,15,76.111,74.192,4,1.8918,unknown,genetic_freak,75,33,73,79,79,78,65,72,86,71,94,82,95,85,74,71,64,80,88,62,75,93,75,64,35,81
starter,1047,3226,27,27,34,2,4,70.395,68.885,2,0.4289,unknown,regular,71,30,58,67,67,64,60,67,81,66,89,77,90,80,74,71,64,80,84,58,61,89,71,60,36,76
bench,1048,3226,29,29,8,0,0,74.238,72.731,2,1.2978,unknown,regular,74,33,62,74,71,69,64,71,86,70,93,81,94,84,77,74,67,83,87,61,65,93,74,63,41,80
zero,1049,3226,28,28,0,0,0,73.698,72.115,0,1.1004,unknown,regular,74,32,62,69,70,68,64,71,85,70,93,81,94,84,76,74,67,82,86,61,65,92,74,63,38,80
low,1050,3226,28,28,12,1,1,74.151,72.615,1,1.2636,unknown,regular,74,33,62,73,71,69,64,71,85,70,93,81,94,84,77,74,67,83,87,61,65,93,74,63,40,80
medium,1051,3226,28,28,26,6,5,82.773,80.962,1,3.3858,unknown,regular,82,46,76,81,81,80,74,82,91,79,97,88,98,90,85,84,77,90,93,72,78,96,83,74,41,87
great,1052,3226,29,29,35,15,15,75.557,74.038,0,2.1369,unknown,regular,76,34,63,76,71,69,65,72,86,71,94,82,95,85,78,80,68,85,89,63,66,93,76,65,42,81
starter,1053,3226,28,28,34,2,4,73.791,72.115,3,1.2567,unknown,regular,74,32,62,70,71,68,64,71,85,70,93,81,94,84,76,74,66,82,86,61,65,93,74,63,36,80
bench,1054,3226,28,28,8,0,0,69.788,68.308,0,0.2422,unknown,regular,69,26,59,66,67,65,60,68,82,66,90,77,91,80,71,70,62,77,82,56,62,89,69,58,38,76
zero,1055,3226,27,27,0,0,0,72.803,71.308,0,0.4245,unknown,regular,73,31,61,68,69,67,63,70,84,69,92,80,93,83,76,72,66,82,86,60,64,91,73,63,39,79
low,1056,3226,29,29,12,1,1,74.176,72.769,0,1.1234,unknown,regular,75,34,62,69,70,68,64,71,85,70,93,81,94,84,78,74,68,84,88,62,65,92,75,64,42,80
medium,1057,3226,28,28,26,6,5,73.546,71.846,20,1.1637,unknown,regular,74,31,62,69,70,68,64,71,85,70,93,81,94,83,76,74,66,82,86,61,65,92,74,63,35,79
great,1058,3226,29,29,35,15,15,74.945,73.308,2,1.9645,unknown,regular,75,33,63,74,71,69,65,72,86,71,94,82,95,85,78,74,68,84,88,62,66,93,75,64,38,81
starter,1059,3226,28,28,34,2,4,73.307,71.769,2,1.0035,regular,regular,73,32,62,69,70,68,63,71,85,69,93,80,94,83,76,74,66,82,86,60,65,92,73,62,39,79
bench,1060,3226,28,28,8,0,0,67.686,66.269,0,-0.5514,decliner,regular,68,26,56,62,64,62,58,65,79,64,87,75,88,78,70,67,61,76,80,55,59,86,69,58,36,74
zero,1061,3226,28,28,0,0,0,72.756,71.346,0,0.3269,unknown,regular,73,30,61,69,70,67,63,70,84,69,92,80,93,83,75,73,65,81,85,60,64,92,73,62,42,79
low,1062,3226,29,29,12,1,1,70.176,68.692,0,0.0,early_peak,regular,71,30,58,65,66,64,60,67,81,66,89,77,90,80,74,70,64,80,84,58,61,88,71,60,36,76
medium,1063,3226,27,27,26,6,5,84.753,82.923,1,3.6176,unknown,regular,85,56,77,82,82,81,78,83,93,82,98,90,98,92,86,85,79,91,94,76,79,97,85,77,41,89
great,1064,3226,28,28,35,15,15,76.893,75.192,2,2.2625,unknown,regular,76,34,63,76,77,75,65,78,90,71,95,82,95,85,79,80,69,84,89,63,73,94,76,65,40,81
starter,1065,3226,29,29,34,2,4,74.176,72.769,0,1.0262,unknown,regular,75,34,62,69,70,68,64,71,85,70,93,81,94,84,78,74,68,84,88,62,65,92,75,64,42,80
bench,1066,3226,27,27,8,0,0,70.771,69.231,1,0.4854,unknown,regular,71,30,59,67,68,65,60,68,82,66,90,77,91,80,74,71,64,80,84,58,62,90,71,60,36,76
zero,1067,3226,29,29,0,0,0,67.365,65.923,1,0.2364,unknown,regular,68,26,55,66,64,61,57,64,78,63,86,74,87,77,71,67,61,77,81,55,58,85,68,57,35,73
low,1068,3226,27,27,12,1,1,74.782,73.115,2,1.6325,unknown,regular,75,33,63,72,71,69,65,72,86,71,94,82,95,85,77,74,68,83,88,62,66,93,75,64,37,81
medium,1069,3226,28,28,26,6,5,75.363,73.692,2,2.121,unknown,regular,75,34,63,75,71,69,65,72,86,71,94,82,95,85,78,80,68,84,88,63,66,93,75,65,38,81
great,1070,3226,27,27,35,15,15,79.206,77.269,14,2.8828,unknown,jokester,76,35,70,77,77,75,72,78,90,77,95,87,96,89,79,81,69,85,89,69,73,95,82,71,36,86
starter,1071,3226,28,28,34,2,4,75.163,73.423,4,1.9204,unknown,regular,75,33,63,74,71,69,65,72,86,71,94,82,95,85,78,79,68,84,88,62,66,93,75,64,36,81
bench,1072,3226,29,29,8,0,0,73.626,71.962,3,1.1536,unknown,regular,74,31,62,69,70,68,64,71,85,70,93,81,94,84,76,74,66,82,86,61,65,92,74,63,36,80
zero,1073,3226,28,28,0,0,0,69.317,68.038,4,0.1706,unknown,sharpie,68,25,53,59,61,59,60,68,81,65,90,76,90,79,80,75,70,86,81,56,56,89,69,59,39,75
low,1074,3226,28,28,12,1,1,72.836,71.385,0,0.4343,unknown,regular,73,30,62,68,70,67,63,71,84,69,92,80,93,83,75,73,65,81,85,60,65,92,73,62,41,79
medium,1075,3226,27,27,26,6,5,71.231,69.731,1,0.4236,unknown,regular,72,30,59,68,67,65,61,68,82,67,90,78,91,81,75,71,65,81,85,59,62,89,72,61,37,77
great,1076,3226,28,28,35,15,15,81.453,79.654,13,3.348,unknown,regular,82,45,71,79,79,77,73,79,91,78,96,87,96,90,85,82,76,90,93,71,74,96,82,73,39,87
starter,1077,3226,29,29,34,2,4,80.561,78.654,4,3.773,unknown,regular,76,35,73,79,80,78,74,80,91,79,96,88,96,90,79,82,69,85,89,72,75,96,83,74,39,87
bench,1078,3226,28,28,8,0,0,74.654,73.154,1,1.3234,unknown,regular,75,34,63,74,71,69,64,72,86,70,93,81,94,84,78,74,68,84,88,62,65,93,75,64,41,80
zero,1079,3226,29,29,0,0,0,74.042,72.577,0,1.1416,unknown,sharpie,74,32,59,65,67,65,64,71,85,70,93,81,94,84,83,80,74,89,86,61,62,92,74,63,39,80
low,1080,3226,29,29,12,1,1,74.302,72.577,10,1.459,unknown,regular,74,32,63,70,71,69,64,72,86,70,94,81,94,84,77,74,67,83,87,62,66,93,75,64,35,80
medium,1081,3226,28,28,26,6,5,74.625,72.923,4,1.659,unknown,regular,75,33,63,72,71,69,65,72,86,70,94,82,95,84,77,74,68,83,87,62,66,93,75,64,36,80
great,1082,3226,29,29,35,15,15,75.358,73.654,4,2.3328,unknown,regular,75,34,63,75,71,69,65,72,86,71,94,82,95,85,78,79,68,84,88,63,66,93,76,65,37,81
starter,1083,3226,27,27,34,2,4,73.26,71.769,0,0.5073,unknown,regular,73,31,62,68,70,68,63,71,85,69,93,80,94,83,76,73,66,82,86,60,65,92,74,63,40,79
bench,1084,3226,29,29,8,0,0,70.983,69.577,0,0.2701,unknown,regular,70,27,60,67,68,66,61,69,83,67,91,78,92,81,73,72,63,78,83,58,63,90,71,60,41,77
zero,1085,3226,29,29,0,0,0,73.597,72.154,0,0.8641,unknown,regular,74,33,62,69,70,68,63,71,85,69,93,80,94,83,77,73,67,83,87,61,65,92,74,63,41,79
low,1086,3226,27,27,12,1,1,73.583,72.0,1,1.1178,unknown,regular,73,32,62,69,70,68,64,71,85,70,93,81,94,84,76,74,66,82,86,61,65,92,74,63,38,79
medium,1087,3226,27,27,26,6,5,83.068,81.115,1,3.9254,unknown,regular,83,55,75,80,81,79,76,82,91,79,97,88,97,90,85,83,77,90,93,73,77,96,83,75,36,88
great,1088,3226,28,28,35,15,15,73.221,71.769,1,0.6793,unknown,regular,74,33,61,69,69,67,63,70,84,69,92,80,93,83,77,73,67,83,87,61,64,91,74,63,40,79
starter,1089,3226,28,28,34,2,4,80.758,78.962,5,2.909,unknown,regular,82,35,73,77,78,77,74,79,91,78,96,87,97,90,84,81,76,85,93,70,75,95,82,72,40,86
bench,1090,3226,28,28,8,0,0,74.601,73.0,2,1.5311,unknown,regular,74,33,63,74,71,69,65,72,86,70,94,81,95,84,77,74,67,83,87,62,66,93,75,64,39,80
zero,1091,3226,29,29,0,0,0,71.134,69.577,1,0.5926,unknown,regular,70,29,60,68,68,66,61,69,83,67,91,78,92,81,73,72,63,79,83,58,63,90,71,60,37,77
low,1092,3226,29,29,12,1,1,74.176,72.769,0,1.0392,unknown,regular,75,34,62,69,70,68,64,71,85,70,93,81,94,84,78,74,68,84,88,62,65,92,75,64,42,80
medium,1093,3226,27,27,26,6,5,72.087,70.5,25,2.0486,late_bloomer,regular,73,32,60,66,68,66,62,69,83,68,91,79,92,82,76,71,66,82,86,60,63,90,73,62,35,78
great,1094,3226,29,29,35,15,15,77.803,75.923,9,3.1283,unknown,regular,76,35,71,77,78,76,66,79,91,71,96,82,96,85,79,81,69,85,89,63,74,96,76,65,37,81
starter,1095,3226,29,29,34,2,4,73.505,72.0,2,1.0864,unknown,regular,73,32,62,69,70,68,64,71,85,70,93,80,94,84,76,74,66,82,86,60,65,92,74,63,40,79
bench,1096,3226,29,29,8,0,0,70.112,68.731,0,0.2326,unknown,regular,69,27,59,67,68,65,60,68,82,66,90,77,91,80,72,72,62,77,81,57,62,89,70,59,41,76
zero,1097,3226,29,29,0,0,0,73.298,71.885,0,0.4351,unknown,regular,73,31,62,68,70,68,63,71,85,69,93,80,94,83,76,73,66,82,86,61,65,92,74,63,42,79
low,1098,3226,28,28,12,1,1,74.796,73.154,3,1.6458,unknown,regular,75,33,63,74,71,69,65,72,86,71,94,82,95,85,77,74,68,83,87,62,66,93,75,64,38,80
medium,1099,3226,29,29,26,6,5,65.537,64.231,-21,-1.0057,decliner,regular,66,27,53,63,61,59,56,62,76,61,84,72,85,75,69,65,59,75,79,55,56,83,66,56,36,71
great,1100,3226,28,28,35,15,15,82.579,80.808,1,3.5495,unknown,regular,83,46,74,79,80,79,76,81,91,80,96,88,97,90,85,83,77,90,93,74,77,96,83,75,41,87
zero,1101,3226,30,30,0,0,0,73.221,71.808,0,0.0,unknown,regular,74,33,61,69,69,67,63,70,84,69,92,80,93,83,77,73,67,83,87,61,64,91,74,63,41,79
low,1102,3226,30,30,12,1,1,68.578,67.115,0,0.0,unknown,regular,69,27,56,67,66,63,58,65,79,64,87,75,88,78,72,70,62,78,82,56,59,87,69,58,36,74
medium,1103,3226,30,30,26,6,5,74.985,73.231,0,0.0,unknown,regular,75,33,63,72,71,69,65,72,86,71,94,82,95,85,78,77,68,84,88,62,66,93,75,64,35,81
great,1104,3226,28,28,35,15,15,75.247,73.5,4,2.1022,unknown,regular,75,33,63,75,71,69,65,72,86,71,94,82,95,85,78,79,68,84,88,62,66,93,75,65,36,81
starter,1105,3226,28,28,34,2,4,73.306,71.808,0,0.7987,unknown,regular,74,33,61,69,70,67,63,70,84,69,92,80,93,83,77,73,67,83,87,61,64,92,74,63,39,79
bench,1106,3226,30,30,8,0,0,73.202,71.615,0,0.0,unknown,regular,73,31,62,69,70,68,63,71,85,69,93,80,94,83,75,74,66,81,85,60,65,92,73,63,38,79
zero,1107,3226,28,28,0,0,0,72.524,70.885,0,0.7995,unknown,regular,72,30,61,69,70,67,63,70,84,69,92,79,93,82,75,73,65,80,85,59,64,92,73,62,36,78
low,1108,3226,29,29,12,1,1,74.915,73.346,1,1.6614,unknown,regular,75,33,63,75,71,69,65,72,86,71,94,82,95,85,78,74,68,83,88,62,66,93,75,64,40,80
medium,1109,3226,30,30,26,6,5,74.945,73.462,0,0.0,unknown,regular,75,34,63,75,71,69,65,72,86,71,94,82,95,84,78,74,68,84,88,62,66,93,75,64,42,80
great,1110,3226,28,28,35,15,15,79.41,77.615,3,2.2795,unknown,regular,76,35,71,77,78,76,72,78,90,77,96,87,97,89,79,80,69,85,89,70,73,95,81,72,40,86
starter,1111,3226,30,30,34,2,4,72.924,71.423,0,0.0,unknown,sharpie,73,30,57,63,65,63,63,71,85,69,93,80,93,83,82,79,72,88,85,60,60,92,73,62,37,79
bench,1112,3226,30,30,8,0,0,74.469,72.731,0,0.0,unknown,regular,74,33,63,72,71,69,64,72,86,70,94,81,95,84,77,74,67,83,87,62,66,93,75,64,35,80
zero,1113,3226,28,28,0,0,0,70.155,68.692,0,0.1894,unknown,regular,69,26,59,67,68,66,60,68,82,66,90,77,91,80,72,71,62,77,82,57,62,90,70,59,39,76
low,1114,3226,29,29,12,1,1,73.84,72.269,1,1.1972,unknown,regular,74,32,62,72,71,68,64,71,85,70,93,81,94,84,76,74,66,82,86,61,65,92,74,63,39,80
medium,1115,3226,29,29,26,6,5,72.583,71.115,0,0.4474,unknown,regular,73,30,61,68,69,67,63,70,84,69,92,80,93,83,75,72,65,81,85,60,64,91,73,62,40,79
great,1116,3226,28,28,35,15,15,73.006,71.346,1,0.9671,unknown,regular,73,30,62,69,70,68,63,71,85,69,93,80,93,83,75,73,65,81,85,60,65,92,73,62,36,79
starter,1117,3226,29,29,34,2,4,75.123,73.615,0,1.863,unknown,sharpie,75,33,60,66,68,66,65,72,86,71,94,82,95,85,84,82,76,89,88,62,63,93,75,64,39,81
bench,1118,3226,28,28,8,0,0,74.17,72.692,0,1.0385,unknown,sharpie,74,33,60,67,68,66,63,71,85,69,93,80,94,83,83,80,74,89,87,61,63,92,74,63,39,79
zero,1119,3226,28,28,0,0,0,72.352,70.885,0,0.3116,unknown,regular,72,30,61,68,69,67,63,70,84,68,92,79,93,82,75,73,65,81,85,59,64,91,72,62,40,78
low,1120,3226,29,29,12,1,1,76.664,75.077,0,1.7632,unknown,regular,76,35,69,75,77,69,65,77,86,71,95,82,96,85,79,79,69,85,89,63,72,94,76,65,42,81
medium,1121,3226,28,28,26,6,5,84.336,82.577,1,3.6853,unknown,regular,85,57,76,81,82,80,77,82,92,82,98,89,98,92,86,84,79,90,94,75,78,97,85,77,42,89
great,1122,3226,30,30,35,15,15,77.637,75.923,0,0.0,unknown,regular,76,35,71,77,78,77,65,79,90,71,95,82,96,85,79,81,69,85,89,63,73,95,76,65,41,81
starter,1123,3226,28,28,34,2,4,78.855,77.0,7,2.3146,unknown,regular,76,34,70,76,77,76,72,78,90,77,95,87,96,89,79,80,69,85,89,63,73,94,81,72,38,86
bench,1124,3226,29,29,8,0,0,73.497,72.038,0,0.5473,regular,regular,74,31,62,68,70,68,64,71,85,70,93,81,94,83,76,73,66,82,86,61,65,92,74,63,41,80
zero,1125,3226,29,29,0,0,0,74.119,72.423,1,1.285,unknown,regular,74,32,62,74,71,68,64,71,85,70,93,81,94,84,77,74,67,83,87,61,65,93,74,63,36,80
low,1126,3226,30,30,12,1,1,74.584,72.923,0,0.0,unknown,regular,75,33,63,72,71,69,65,72,86,70,94,81,95,84,77,74,68,83,87,62,66,93,75,64,37,80
medium,1127,3226,29,29,26,6,5,83.148,81.346,1,3.7742,unknown,regular,83,55,75,80,81,79,75,81,91,80,97,88,98,91,85,83,77,90,93,74,77,97,83,75,40,87
great,1128,3226,30,30,35,15,15,74.991,73.423,0,0.0,unknown,regular,75,33,63,75,71,69,65,72,86,71,94,82,95,85,78,74,68,84,88,62,66,93,75,64,40,81
starter,1129,3226,28,28,34,2,4,78.285,76.308,8,2.93,unknown,regular,76,35,71,78,78,76,65,79,91,71,95,87,96,90,79,81,69,85,89,63,73,95,76,65,35,86
bench,1130,3226,29,29,8,0,0,74.838,73.231,0,1.6145,unknown,regular,75,33,63,75,71,69,65,72,86,71,94,82,95,84,77,74,68,83,88,62,66,93,75,64,39,80
zero,1131,3226,28,28,0,0,0,69.085,67.577,0,0.2634,unknown,regular,70,28,57,66,65,63,59,66,80,65,88,76,89,79,72,69,62,78,82,57,60,87,70,59,35,75
low,1132,3226,29,29,12,1,1,70.86,69.346,0,0.5013,unknown,regular,71,30,59,68,68,65,60,68,82,66,90,77,91,80,74,72,64,80,84,58,62,90,71,60,37,76
medium,1133,3226,29,29,26,6,5,81.019,79.269,5,3.6898,unknown,sharpie,83,47,62,69,71,69,75,80,91,79,96,88,97,90,89,90,85,93,93,72,66,96,83,74,36,87
great,1134,3226,29,29,35,15,15,80.103,78.269,11,2.8916,unknown,regular,82,35,71,77,78,77,73,79,90,78,95,87,96,90,79,81,69,85,93,71,74,95,82,73,39,86
starter,1135,3226,30,30,34,2,4,76.888,75.038,0,0.0,unknown,regular,76,34,70,76,77,74,65,78,90,71,94,82,95,85,79,80,69,85,89,63,66,95,76,65,36,81
bench,1136,3226,29,29,8,0,0,71.471,70.0,0,0.348,unknown,regular,71,29,60,67,68,66,62,69,83,68,91,79,92,82,74,71,64,79,84,58,63,90,72,61,39,78
zero,1137,3226,28,28,0,0,0,70.103,68.538,1,0.4433,unknown,regular,70,29,58,67,67,65,60,67,81,66,89,77,90,80,73,71,63,79,83,57,61,89,70,59,35,76
low,1138,3226,30,30,12,1,1,71.274,69.846,0,0.0,unknown,regular,72,30,59,68,68,65,61,68,82,67,90,78,91,81,75,71,65,81,85,59,62,89,72,61,39,77
medium,1139,3226,30,30,26,6,5,70.813,69.269,0,0.0,unknown,regular,70,29,59,68,68,66,61,68,82,67,91,78,91,80,73,72,63,79,83,57,63,90,70,59,37,77
great,1140,3226,30,30,35,15,15,74.855,73.115,0,0.0,unknown,regular,75,33,63,72,71,69,65,72,86,71,94,82,95,85,78,74,68,84,88,62,66,93,75,64,35,81
starter,1141,3226,29,29,34,2,4,75.325,73.654,0,1.9786,unknown,regular,75,34,63,75,71,69,65,72,86,71,94,82,95,85,78,80,68,84,88,62,66,93,75,65,38,81
bench,1142,3226,28,28,8,0,0,75.169,73.654,1,1.1942,unknown,regular,76,34,63,74,71,69,65,72,86,71,94,82,95,85,79,74,68,84,88,63,66,93,76,65,41,81
zero,1143,3226,29,29,0,0,0,72.686,71.192,1,0.6502,unknown,regular,73,32,61,69,69,67,62,70,84,68,92,79,93,82,76,73,66,82,86,60,64,91,73,62,39,78
low,1144,3226,30,30,12,1,1,67.793,66.385,0,-0.4788,decliner,regular,67,24,57,63,65,63,59,66,80,65,88,76,89,78,69,68,59,74,79,54,60,87,67,57,38,74
medium,1145,3226,28,28,26,6,5,74.893,73.5,0,0.8619,unknown,sharpie,75,33,59,67,68,66,65,72,86,71,94,82,95,85,83,80,74,88,88,62,63,93,75,64,42,81
great,1146,3226,29,29,35,15,15,76.111,74.192,0,1.6509,unknown,genetic_freak,75,33,73,79,79,78,65,72,86,71,94,82,95,85,74,71,64,80,88,62,75,93,75,64,35,81
starter,1147,3226,28,28,34,2,4,70.44,68.923,1,0.4231,unknown,regular,71,30,58,68,67,64,60,67,81,66,89,77,90,80,74,71,64,80,84,58,61,89,71,60,36,76
bench,1148,3226,30,30,8,0,0,74.238,72.731,0,0.0,unknown,regular,74,33,62,74,71,69,64,71,86,70,93,81,94,84,77,74,67,83,87,61,65,93,74,63,41,80
zero,1149,3226,29,29,0,0,0,73.698,72.115,0,1.1004,unknown,regular,74,32,62,69,70,68,64,71,85,70,93,81,94,84,76,74,67,82,86,61,65,92,74,63,38,80
low,1150,3226,29,29,12,1,1,74.196,72.654,1,1.2699,unknown,regular,74,33,62,74,71,69,64,71,85,70,93,81,94,84,77,74,67,83,87,61,65,93,74,63,40,80
medium,1151,3226,29,29,26,6,5,82.808,81.0,1,3.2617,unknown,regular,82,47,76,81,81,80,74,82,91,79,97,88,98,90,85,84,77,90,93,72,78,96,83,74,41,87
great,1152,3226,30,30,35,15,15,75.557,74.038,0,0.0,unknown,regular,76,34,63,76,71,69,65,72,86,71,94,82,95,85,78,80,68,85,89,63,66,93,76,65,42,81
starter,1153,3226,29,29,34,2,4,73.882,72.192,2,1.2219,unknown,regular,74,32,62,72,71,68,64,71,85,70,93,81,94,84,76,74,66,82,86,61,65,93,74,63,36,80
bench,1154,3226,29,29,8,0,0,69.788,68.308,0,0.2423,unknown,regular,69,26,59,66,67,65,60,68,82,66,90,77,91,80,71,70,62,77,82,56,62,89,69,58,38,76
zero,1155,3226,28,28,0,0,0,72.803,71.308,0,0.4245,unknown,regular,73,31,61,68,69,67,63,70,84,69,92,80,93,83,76,72,66,82,86,60,64,91,73,63,39,79
low,1156,3226,30,30,12,1,1,74.176,72.769,0,0.0,unknown,regular,75,34,62,69,70,68,64,71,85,70,93,81,94,84,78,74,68,84,88,62,65,92,75,64,42,80
medium,1157,3226,29,29,26,6,5,73.756,72.038,5,1.2184,unknown,regular,74,31,62,70,71,68,64,71,85,70,93,81,94,84,76,74,66,82,86,61,65,93,74,63,35,80
great,1158,3226,30,30,35,15,15,74.945,73.308,0,0.0,unknown,regular,75,33,63,74,71,69,65,72,86,71,94,82,95,85,78,74,68,84,88,62,66,93,75,64,38,81
starter,1159,3226,29,29,34,2,4,73.346,71.808,1,1.0146,regular,regular,73,32,62,69,70,68,63,71,85,69,93,80,94,83,76,74,66,82,86,60,65,92,73,63,39,79
bench,1160,3226,29,29,8,0,0,67.686,66.269,0,-0.548,decliner,regular,68,26,56,62,64,62,58,65,79,64,87,75,88,78,70,67,61,76,80,55,59,86,69,58,36,74
zero,1161,3226,29,29,0,0,0,72.756,71.346,0,0.3269,unknown,regular,73,30,61,69,70,67,63,70,84,69,92,80,93,83,75,73,65,81,85,60,64,92,73,62,42,79
low,1162,3226,30,30,12,1,1,69.968,68.5,-5,-0.7144,early_peak,regular,71,30,58,65,66,64,60,67,80,66,88,77,89,79,74,70,64,80,84,58,61,87,71,60,36,76
medium,1163,3226,28,28,26,6,5,84.788,82.962,1,3.7252,unknown,regular,85,57,77,82,82,81,78,83,93,82,98,90,98,92,86,85,79,91,94,76,79,97,85,77,41,89
great,1164,3226,29,29,35,15,15,76.934,75.231,1,2.3515,unknown,regular,76,34,63,76,77,76,65,78,90,71,95,82,95,85,79,80,69,84,89,63,73,94,76,65,40,81
starter,1165,3226,30,30,34,2,4,74.176,72.769,0,0.0,unknown,regular,75,34,62,69,70,68,64,71,85,70,93,81,94,84,78,74,68,84,88,62,65,92,75,64,42,80
bench,1166,3226,28,28,8,0,0,70.816,69.269,1,0.4846,unknown,regular,71,30,59,68,68,65,60,68,82,66,90,77,91,80,74,71,64,80,84,58,62,90,71,60,36,76
zero,1167,3226,30,30,0,0,0,67.365,65.923,0,0.0,unknown,regular,68,26,55,66,64,61,57,64,78,63,86,74,87,77,71,67,61,77,81,55,58,85,68,57,35,73
low,1168,3226,28,28,12,1,1,74.873,73.192,2,1.6424,unknown,regular,75,33,63,74,71,69,65,72,86,71,94,82,95,85,77,74,68,83,88,62,66,93,75,64,37,81
medium,1169,3226,29,29,26,6,5,75.408,73.731,1,2.1989,unknown,regular,75,34,63,76,71,69,65,72,86,71,94,82,95,85,78,80,68,84,88,63,66,93,75,65,38,81
great,1170,3226,28,28,35,15,15,79.615,77.654,10,2.9041,unknown,jokester,76,35,71,77,78,76,73,79,91,78,95,87,96,89,79,81,69,85,89,70,74,95,82,72,36,86
starter,1171,3226,29,29,34,2,4,75.208,73.462,1,2.0138,unknown,regular,75,33,63,75,71,69,65,72,86,71,94,82,95,85,78,79,68,84,88,62,66,93,75,64,36,81
bench,1172,3226,30,30,8,0,0,73.626,71.962,0,0.0,unknown,regular,74,31,62,69,70,68,64,71,85,70,93,81,94,84,76,74,66,82,86,61,65,92,74,63,36,80
zero,1173,3226,29,29,0,0,0,69.317,68.038,0,0.1706,unknown,sharpie,68,25,53,59,61,59,60,68,81,65,90,76,90,79,80,75,70,86,81,56,56,89,69,59,39,75
low,1174,3226,29,29,12,1,1,72.836,71.385,0,0.423,unknown,regular,73,30,62,68,70,67,63,71,84,69,92,80,93,83,75,73,65,81,85,60,65,92,73,62,41,79
medium,1175,3226,28,28,26,6,5,71.231,69.731,0,0.4038,unknown,regular,72,30,59,68,67,65,61,68,82,67,90,78,91,81,75,71,65,81,85,59,62,89,72,61,37,77
great,1176,3226,29,29,35,15,15,81.53,79.731,2,3.0437,unknown,regular,82,46,72,79,79,77,73,79,91,78,96,87,96,90,85,82,76,90,93,71,74,96,82,73,39,87
starter,1177,3226,30,30,34,2,4,80.561,78.654,0,0.0,unknown,regular,76,35,73,79,80,78,74,80,91,79,96,88,96,90,79,82,69,85,89,72,75,96,83,74,39,87
bench,1178,3226,29,29,8,0,0,74.654,73.154,0,1.324,unknown,regular,75,34,63,74,71,69,64,72,86,70,93,81,94,84,78,74,68,84,88,62,65,93,75,64,41,80
zero,1179,3226,30,30,0,0,0,74.042,72.577,0,0.0,unknown,sharpie,74,32,59,65,67,65,64,71,85,70,93,81,94,84,83,80,74,89,86,61,62,92,74,63,39,80
low,1180,3226,30,30,12,1,1,74.302,72.577,0,0.0,unknown,regular,74,32,63,70,71,69,64,72,86,70,94,81,94,84,77,74,67,83,87,62,66,93,75,64,35,80
medium,1181,3226,29,29,26,6,5,74.716,73.0,2,1.6177,unknown,regular,75,33,63,74,71,69,65,72,86,70,94,82,95,84,77,74,68,83,87,62,66,93,75,64,36,80
great,1182,3226,30,30,35,15,15,75.358,73.654,0,0.0,unknown,regular,75,34,63,75,71,69,65,72,86,71,94,82,95,85,78,79,68,84,88,63,66,93,76,65,37,81
starter,1183,3226,28,28,34,2,4,73.26,71.769,0,0.545,unknown,regular,73,31,62,68,70,68,63,71,85,69,93,80,94,83,76,73,66,82,86,60,65,92,74,63,40,79
bench,1184,3226,30,30,8,0,0,70.983,69.577,0,0.0,unknown,regular,70,27,60,67,68,66,61,69,83,67,91,78,92,81,73,72,63,78,83,58,63,90,71,60,41,77
zero,1185,3226,30,30,0,0,0,73.597,72.154,0,0.0,unknown,regular,74,33,62,69,70,68,63,71,85,69,93,80,94,83,77,73,67,83,87,61,65,92,74,63,41,79
low,1186,3226,28,28,12,1,1,73.624,72.038,1,1.11,unknown,regular,73,32,62,69,70,68,64,71,85,70,93,81,94,84,76,74,66,82,86,61,65,92,74,63,38,80
medium,1187,3226,28,28,26,6,5,83.103,81.154,1,3.6884,unknown,regular,83,56,75,80,81,79,76,82,91,79,97,88,97,90,85,83,77,90,93,73,77,96,83,75,36,88
great,1188,3226,29,29,35,15,15,73.221,71.769,0,0.6506,unknown,regular,74,33,61,69,69,67,63,70,84,69,92,80,93,83,77,73,67,83,87,61,64,91,74,63,40,79
starter,1189,3226,29,29,34,2,4,80.834,79.038,2,2.9592,unknown,regular,82,35,73,77,78,77,74,79,91,78,96,87,97,90,84,81,76,85,93,71,75,95,82,73,40,86
bench,1190,3226,29,29,8,0,0,74.601,73.0,0,1.5252,unknown,regular,74,33,63,74,71,69,65,72,86,70,94,81,95,84,77,74,67,83,87,62,66,93,75,64,39,80
zero,1191,3226,30,30,0,0,0,71.134,69.577,0,0.0,unknown,regular,70,29,60,68,68,66,61,69,83,67,91,78,92,81,73,72,63,79,83,58,63,90,71,60,37,77
low,1192,3226,30,30,12,1,1,74.176,72.769,0,0.0,unknown,regular,75,34,62,69,70,68,64,71,85,70,93,81,94,84,78,74,68,84,88,62,65,92,75,64,42,80
medium,1193,3226,28,28,26,6,5,73.087,71.462,25,2.0532,late_bloomer,regular,74,33,61,67,69,67,63,70,84,69,92,80,93,83,77,72,67,83,87,61,64,91,74,63,35,79
great,1194,3226,30,30,35,15,15,77.803,75.923,0,0.0,unknown,regular,76,35,71,77,78,76,66,79,91,71,96,82,96,85,79,81,69,85,89,63,74,96,76,65,37,81
starter,1195,3226,30,30,34,2,4,73.505,72.0,0,0.0,unknown,regular,73,32,62,69,70,68,64,71,85,70,93,80,94,84,76,74,66,82,86,60,65,92,74,63,40,79
bench,1196,3226,30,30,8,0,0,70.112,68.731,0,0.0,unknown,regular,69,27,59,67,68,65,60,68,82,66,90,77,91,80,72,72,62,77,81,57,62,89,70,59,41,76
zero,1197,3226,30,30,0,0,0,73.298,71.885,0,0.0,unknown,regular,73,31,62,68,70,68,63,71,85,69,93,80,94,83,76,73,66,82,86,61,65,92,74,63,42,79
low,1198,3226,29,29,12,1,1,74.842,73.192,1,1.6574,unknown,regular,75,33,63,75,71,69,65,72,86,71,94,82,95,85,77,74,68,83,87,62,66,93,75,64,38,80
medium,1199,3226,30,30,26,6,5,64.61,63.346,-23,-1.0984,decliner,regular,65,27,52,62,60,58,55,61,75,60,83,71,84,74,68,64,58,74,78,55,55,82,65,55,36,70
great,1200,3226,29,29,35,15,15,82.614,80.846,1,3.6047,unknown,regular,83,47,74,79,80,79,76,81,91,80,96,88,97,90,85,83,77,90,93,74,77,96,83,75,41,87
zero,1201,3226,31,31,0,0,0,73.221,71.808,0,0.0,unknown,regular,74,33,61,69,69,67,63,70,84,69,92,80,93,83,77,73,67,83,87,61,64,91,74,63,41,79
low,1202,3226,31,31,12,1,1,68.578,67.115,0,0.0,unknown,regular,69,27,56,67,66,63,58,65,79,64,87,75,88,78,72,70,62,78,82,56,59,87,69,58,36,74
medium,1203,3226,31,31,26,6,5,74.985,73.231,0,0.0,unknown,regular,75,33,63,72,71,69,65,72,86,71,94,82,95,85,78,77,68,84,88,62,66,93,75,64,35,81
great,1204,3226,29,29,35,15,15,75.29,73.538,1,2.0484,unknown,regular,75,33,63,75,71,69,65,72,86,71,94,82,95,85,78,80,68,84,88,62,66,93,75,65,36,81
starter,1205,3226,29,29,34,2,4,73.306,71.808,0,0.7837,unknown,regular,74,33,61,69,70,67,63,70,84,69,92,80,93,83,77,73,67,83,87,61,64,92,74,63,39,79
bench,1206,3226,31,31,8,0,0,73.202,71.615,0,0.0,unknown,regular,73,31,62,69,70,68,63,71,85,69,93,80,94,83,75,74,66,81,85,60,65,92,73,63,38,79
zero,1207,3226,29,29,0,0,0,72.524,70.885,0,0.7995,unknown,regular,72,30,61,69,70,67,63,70,84,69,92,79,93,82,75,73,65,80,85,59,64,92,73,62,36,78
low,1208,3226,30,30,12,1,1,74.915,73.346,0,0.0,unknown,regular,75,33,63,75,71,69,65,72,86,71,94,82,95,85,78,74,68,83,88,62,66,93,75,64,40,80
medium,1209,3226,31,31,26,6,5,74.945,73.462,0,0.0,unknown,regular,75,34,63,75,71,69,65,72,86,71,94,82,95,84,78,74,68,84,88,62,66,93,75,64,42,80
great,1210,3226,29,29,35,15,15,79.41,77.615,0,2.31,unknown,regular,76,35,71,77,78,76,72,78,90,77,96,87,97,89,79,80,69,85,89,70,73,95,81,72,40,86
starter,1211,3226,31,31,34,2,4,72.924,71.423,0,0.0,unknown,sharpie,73,30,57,63,65,63,63,71,85,69,93,80,93,83,82,79,72,88,85,60,60,92,73,62,37,79
bench,1212,3226,31,31,8,0,0,74.469,72.731,0,0.0,unknown,regular,74,33,63,72,71,69,64,72,86,70,94,81,95,84,77,74,67,83,87,62,66,93,75,64,35,80
zero,1213,3226,29,29,0,0,0,70.155,68.692,0,0.1894,unknown,regular,69,26,59,67,68,66,60,68,82,66,90,77,91,80,72,71,62,77,82,57,62,90,70,59,39,76
low,1214,3226,30,30,12,1,1,73.84,72.269,0,0.0,unknown,regular,74,32,62,72,71,68,64,71,85,70,93,81,94,84,76,74,66,82,86,61,65,92,74,63,39,80
medium,1215,3226,30,30,26,6,5,72.583,71.115,0,0.0,unknown,regular,73,30,61,68,69,67,63,70,84,69,92,80,93,83,75,72,65,81,85,60,64,91,73,62,40,79
great,1216,3226,29,29,35,15,15,73.006,71.346,0,0.9269,unknown,regular,73,30,62,69,70,68,63,71,85,69,93,80,93,83,75,73,65,81,85,60,65,92,73,62,36,79
starter,1217,3226,30,30,34,2,4,75.123,73.615,0,0.0,unknown,sharpie,75,33,60,66,68,66,65,72,86,71,94,82,95,85,84,82,76,89,88,62,63,93,75,64,39,81
bench,1218,3226,29,29,8,0,0,74.211,72.731,1,1.0317,unknown,sharpie,74,33,60,67,68,66,64,71,85,69,93,80,94,83,83,80,74,89,87,61,63,92,74,63,39,79
zero,1219,3226,29,29,0,0,0,72.352,70.885,0,0.3116,unknown,regular,72,30,61,68,69,67,63,70,84,68,92,79,93,82,75,73,65,81,85,59,64,91,72,62,40,78
low,1220,3226,30,30,12,1,1,76.664,75.077,0,0.0,unknown,regular,76,35,69,75,77,69,65,77,86,71,95,82,96,85,79,79,69,85,89,63,72,94,76,65,42,81
medium,1221,3226,29,29,26,6,5,84.371,82.615,1,3.6142,unknown,regular,85,58,76,81,82,80,77,82,92,82,98,89,98,92,86,84,79,90,94,75,78,97,85,77,42,89
great,1222,3226,31,31,35,15,15,77.637,75.923,0,0.0,unknown,regular,76,35,71,77,78,77,65,79,90,71,95,82,96,85,79,81,69,85,89,63,73,95,76,65,41,81
starter,1223,3226,29,29,34,2,4,78.855,77.0,0,2.2513,unknown,regular,76,34,70,76,77,76,72,78,90,77,95,87,96,89,79,80,69,85,89,63,73,94,81,72,38,86
bench,1224,3226,30,30,8,0,0,73.497,72.038,0,0.0,regular,regular,74,31,62,68,70,68,64,71,85,70,93,81,94,83,76,73,66,82,86,61,65,92,74,63,41,80
zero,1225,3226,30,30,0,0,0,74.119,72.423,0,0.0,unknown,regular,74,32,62,74,71,68,64,71,85,70,93,81,94,84,77,74,67,83,87,61,65,93,74,63,36,80
low,1226,3226,31,31,12,1,1,74.584,72.923,0,0.0,unknown,regular,75,33,63,72,71,69,65,72,86,70,94,81,95,84,77,74,68,83,87,62,66,93,75,64,37,80
medium,1227,3226,30,30,26,6,5,83.148,81.346,0,0.0,unknown,regular,83,55,75,80,81,79,75,81,91,80,97,88,98,91,85,83,77,90,93,74,77,97,83,75,40,87
great,1228,3226,31,31,35,15,15,74.991,73.423,0,0.0,unknown,regular,75,33,63,75,71,69,65,72,86,71,94,82,95,85,78,74,68,84,88,62,66,93,75,64,40,81
starter,1229,3226,29,29,34,2,4,78.327,76.346,1,2.895,unknown,regular,76,35,71,78,78,76,65,79,91,71,95,87,96,90,79,81,69,85,89,63,74,95,76,65,35,86
bench,1230,3226,30,30,8,0,0,74.838,73.231,0,0.0,unknown,regular,75,33,63,75,71,69,65,72,86,71,94,82,95,84,77,74,68,83,88,62,66,93,75,64,39,80
zero,1231,3226,29,29,0,0,0,69.085,67.577,0,0.2634,unknown,regular,70,28,57,66,65,63,59,66,80,65,88,76,89,79,72,69,62,78,82,57,60,87,70,59,35,75
low,1232,3226,30,30,12,1,1,70.86,69.346,0,0.0,unknown,regular,71,30,59,68,68,65,60,68,82,66,90,77,91,80,74,72,64,80,84,58,62,90,71,60,37,76
medium,1233,3226,30,30,26,6,5,81.019,79.269,0,0.0,unknown,sharpie,83,47,62,69,71,69,75,80,91,79,96,88,97,90,89,90,85,93,93,72,66,96,83,74,36,87
great,1234,3226,30,30,35,15,15,80.103,78.269,0,0.0,unknown,regular,82,35,71,77,78,77,73,79,90,78,95,87,96,90,79,81,69,85,93,71,74,95,82,73,39,86
starter,1235,3226,31,31,34,2,4,76.888,75.038,0,0.0,unknown,regular,76,34,70,76,77,74,65,78,90,71,94,82,95,85,79,80,69,85,89,63,66,95,76,65,36,81
bench,1236,3226,30,30,8,0,0,71.471,70.0,0,0.0,unknown,regular,71,29,60,67,68,66,62,69,83,68,91,79,92,82,74,71,64,79,84,58,63,90,72,61,39,78
zero,1237,3226,29,29,0,0,0,70.19,68.615,2,0.4433,unknown,regular,70,29,58,68,67,65,60,67,81,66,90,77,90,80,73,71,63,79,83,57,61,89,70,59,35,76
low,1238,3226,31,31,12,1,1,71.274,69.846,0,0.0,unknown,regular,72,30,59,68,68,65,61,68,82,67,90,78,91,81,75,71,65,81,85,59,62,89,72,61,39,77
medium,1239,3226,31,31,26,6,5,70.813,69.269,0,0.0,unknown,regular,70,29,59,68,68,66,61,68,82,67,91,78,91,80,73,72,63,79,83,57,63,90,70,59,37,77
great,1240,3226,31,31,35,15,15,74.855,73.115,0,0.0,unknown,regular,75,33,63,72,71,69,65,72,86,71,94,82,95,85,78,74,68,84,88,62,66,93,75,64,35,81
starter,1241,3226,30,30,34,2,4,75.325,73.654,0,0.0,unknown,regular,75,34,63,75,71,69,65,72,86,71,94,82,95,85,78,80,68,84,88,62,66,93,75,65,38,81
bench,1242,3226,29,29,8,0,0,75.169,73.654,0,1.1911,unknown,regular,76,34,63,74,71,69,65,72,86,71,94,82,95,85,79,74,68,84,88,63,66,93,76,65,41,81
zero,1243,3226,30,30,0,0,0,72.686,71.192,0,0.0,unknown,regular,73,32,61,69,69,67,62,70,84,68,92,79,93,82,76,73,66,82,86,60,64,91,73,62,39,78
low,1244,3226,31,31,12,1,1,67.793,66.385,0,-0.4786,decliner,regular,67,24,57,63,65,63,59,66,80,65,88,76,89,78,69,68,59,74,79,54,60,87,67,57,38,74
medium,1245,3226,29,29,26,6,5,74.929,73.538,1,0.9206,unknown,sharpie,75,33,59,67,68,66,65,72,86,71,94,82,95,85,83,80,74,89,88,62,63,93,75,64,42,81
great,1246,3226,30,30,35,15,15,76.111,74.192,0,0.0,unknown,genetic_freak,75,33,73,79,79,78,65,72,86,71,94,82,95,85,74,71,64,80,88,62,75,93,75,64,35,81
starter,1247,3226,29,29,34,2,4,70.44,68.923,0,0.4314,unknown,regular,71,30,58,68,67,64,60,67,81,66,89,77,90,80,74,71,64,80,84,58,61,89,71,60,36,76
bench,1248,3226,31,31,8,0,0,74.238,72.731,0,0.0,unknown,regular,74,33,62,74,71,69,64,71,86,70,93,81,94,84,77,74,67,83,87,61,65,93,74,63,41,80
zero,1249,3226,30,30,0,0,0,73.698,72.115,0,0.0,unknown,regular,74,32,62,69,70,68,64,71,85,70,93,81,94,84,76,74,67,82,86,61,65,92,74,63,38,80
low,1250,3226,30,30,12,1,1,74.196,72.654,0,0.0,unknown,regular,74,33,62,74,71,69,64,71,85,70,93,81,94,84,77,74,67,83,87,61,65,93,74,63,40,80
medium,1251,3226,30,30,26,6,5,82.808,81.0,0,0.0,unknown,regular,82,47,76,81,81,80,74,82,91,79,97,88,98,90,85,84,77,90,93,72,78,96,83,74,41,87
great,1252,3226,31,31,35,15,15,75.557,74.038,0,0.0,unknown,regular,76,34,63,76,71,69,65,72,86,71,94,82,95,85,78,80,68,85,89,63,66,93,76,65,42,81
starter,1253,3226,30,30,34,2,4,73.882,72.192,0,0.0,unknown,regular,74,32,62,72,71,68,64,71,85,70,93,81,94,84,76,74,66,82,86,61,65,93,74,63,36,80
bench,1254,3226,30,30,8,0,0,69.788,68.308,0,0.0,unknown,regular,69,26,59,66,67,65,60,68,82,66,90,77,91,80,71,70,62,77,82,56,62,89,69,58,38,76
zero,1255,3226,29,29,0,0,0,72.803,71.308,0,0.4245,unknown,regular,73,31,61,68,69,67,63,70,84,69,92,80,93,83,76,72,66,82,86,60,64,91,73,63,39,79
low,1256,3226,31,31,12,1,1,74.176,72.769,0,0.0,unknown,regular,75,34,62,69,70,68,64,71,85,70,93,81,94,84,78,74,68,84,88,62,65,92,75,64,42,80
medium,1257,3226,30,30,26,6,5,73.756,72.038,0,0.0,unknown,regular,74,31,62,70,71,68,64,71,85,70,93,81,94,84,76,74,66,82,86,61,65,93,74,63,35,80
great,1258,3226,31,31,35,15,15,74.945,73.308,0,0.0,unknown,regular,75,33,63,74,71,69,65,72,86,71,94,82,95,85,78,74,68,84,88,62,66,93,75,64,38,81
starter,1259,3226,30,30,34,2,4,73.346,71.808,0,0.0,regular,regular,73,32,62,69,70,68,63,71,85,69,93,80,94,83,76,74,66,82,86,60,65,92,73,63,39,79
bench,1260,3226,30,30,8,0,0,67.686,66.269,0,-0.5533,decliner,regular,68,26,56,62,64,62,58,65,79,64,87,75,88,78,70,67,61,76,80,55,59,86,69,58,36,74
zero,1261,3226,30,30,0,0,0,72.756,71.346,0,0.0,unknown,regular,73,30,61,69,70,67,63,70,84,69,92,80,93,83,75,73,65,81,85,60,64,92,73,62,42,79
low,1262,3226,31,31,12,1,1,69.843,68.385,-3,-0.699,early_peak,regular,71,30,58,65,66,64,60,67,80,66,87,77,88,79,74,70,64,80,84,58,61,86,71,60,36,76
medium,1263,3226,29,29,26,6,5,84.823,83.0,1,4.0439,unknown,regular,85,58,77,82,82,81,78,83,93,82,98,90,98,92,86,85,79,91,94,76,79,97,85,77,41,89
great,1264,3226,30,30,35,15,15,76.934,75.231,0,0.0,unknown,regular,76,34,63,76,77,76,65,78,90,71,95,82,95,85,79,80,69,84,89,63,73,94,76,65,40,81
starter,1265,3226,31,31,34,2,4,74.176,72.769,0,0.0,unknown,regular,75,34,62,69,70,68,64,71,85,70,93,81,94,84,78,74,68,84,88,62,65,92,75,64,42,80
bench,1266,3226,29,29,8,0,0,70.816,69.269,0,0.4837,unknown,regular,71,30,59,68,68,65,60,68,82,66,90,77,91,80,74,71,64,80,84,58,62,90,71,60,36,76
zero,1267,3226,31,31,0,0,0,67.365,65.923,0,0.0,unknown,regular,68,26,55,66,64,61,57,64,78,63,86,74,87,77,71,67,61,77,81,55,58,85,68,57,35,73
low,1268,3226,29,29,12,1,1,74.955,73.269,2,1.6717,unknown,regular,75,33,63,75,71,69,65,72,86,71,94,82,95,85,78,74,68,83,88,62,66,93,75,64,37,81
medium,1269,3226,30,30,26,6,5,75.408,73.731,0,0.0,unknown,regular,75,34,63,76,71,69,65,72,86,71,94,82,95,85,78,80,68,84,88,63,66,93,75,65,38,81
great,1270,3226,29,29,35,15,15,79.691,77.731,2,2.6739,unknown,jokester,76,35,71,77,78,76,73,79,91,78,95,87,96,89,79,81,69,85,89,71,74,95,82,73,36,86
starter,1271,3226,30,30,34,2,4,75.208,73.462,0,0.0,unknown,regular,75,33,63,75,71,69,65,72,86,71,94,82,95,85,78,79,68,84,88,62,66,93,75,64,36,81
bench,1272,3226,31,31,8,0,0,73.626,71.962,0,0.0,unknown,regular,74,31,62,69,70,68,64,71,85,70,93,81,94,84,76,74,66,82,86,61,65,92,74,63,36,80
zero,1273,3226,30,30,0,0,0,69.317,68.038,0,0.0,unknown,sharpie,68,25,53,59,61,59,60,68,81,65,90,76,90,79,80,75,70,86,81,56,56,89,69,59,39,75
low,1274,3226,30,30,12,1,1,72.836,71.385,0,0.0,unknown,regular,73,30,62,68,70,67,63,71,84,69,92,80,93,83,75,73,65,81,85,60,65,92,73,62,41,79
medium,1275,3226,29,29,26,6,5,71.231,69.731,0,0.4312,unknown,regular,72,30,59,68,67,65,61,68,82,67,90,78,91,81,75,71,65,81,85,59,62,89,72,61,37,77
great,1276,3226,30,30,35,15,15,81.53,79.731,0,0.0,unknown,regular,82,46,72,79,79,77,73,79,91,78,96,87,96,90,85,82,76,90,93,71,74,96,82,73,39,87
starter,1277,3226,31,31,34,2,4,80.561,78.654,0,0.0,unknown,regular,76,35,73,79,80,78,74,80,91,79,96,88,96,90,79,82,69,85,89,72,75,96,83,74,39,87
bench,1278,3226,30,30,8,0,0,74.654,73.154,0,0.0,unknown,regular,75,34,63,74,71,69,64,72,86,70,93,81,94,84,78,74,68,84,88,62,65,93,75,64,41,80
zero,1279,3226,31,31,0,0,0,74.042,72.577,0,0.0,unknown,sharpie,74,32,59,65,67,65,64,71,85,70,93,81,94,84,83,80,74,89,86,61,62,92,74,63,39,80
low,1280,3226,31,31,12,1,1,74.302,72.577,0,0.0,unknown,regular,74,32,63,70,71,69,64,72,86,70,94,81,94,84,77,74,67,83,87,62,66,93,75,64,35,80
medium,1281,3226,30,30,26,6,5,74.716,73.0,0,0.0,unknown,regular,75,33,63,74,71,69,65,72,86,70,94,82,95,84,77,74,68,83,87,62,66,93,75,64,36,80
great,1282,3226,31,31,35,15,15,75.358,73.654,0,0.0,unknown,regular,75,34,63,75,71,69,65,72,86,71,94,82,95,85,78,79,68,84,88,63,66,93,76,65,37,81
starter,1283,3226,29,29,34,2,4,73.26,71.769,0,0.4992,unknown,regular,73,31,62,68,70,68,63,71,85,69,93,80,94,83,76,73,66,82,86,60,65,92,74,63,40,79
bench,1284,3226,31,31,8,0,0,70.983,69.577,0,0.0,unknown,regular,70,27,60,67,68,66,61,69,83,67,91,78,92,81,73,72,63,78,83,58,63,90,71,60,41,77
zero,1285,3226,31,31,0,0,0,73.597,72.154,0,0.0,unknown,regular,74,33,62,69,70,68,63,71,85,69,93,80,94,83,77,73,67,83,87,61,65,92,74,63,41,79
low,1286,3226,29,29,12,1,1,73.624,72.038,0,1.1132,unknown,regular,73,32,62,69,70,68,64,71,85,70,93,81,94,84,76,74,66,82,86,61,65,92,74,63,38,80
medium,1287,3226,29,29,26,6,5,83.138,81.192,1,3.7599,unknown,regular,83,57,75,80,81,79,76,82,91,79,97,88,97,90,85,83,77,90,93,73,77,96,83,75,36,88
great,1288,3226,30,30,35,15,15,73.221,71.769,0,0.0,unknown,regular,74,33,61,69,69,67,63,70,84,69,92,80,93,83,77,73,67,83,87,61,64,91,74,63,40,79
starter,1289,3226,30,30,34,2,4,80.834,79.038,0,0.0,unknown,regular,82,35,73,77,78,77,74,79,91,78,96,87,97,90,84,81,76,85,93,71,75,95,82,73,40,86
bench,1290,3226,30,30,8,0,0,74.601,73.0,0,0.0,unknown,regular,74,33,63,74,71,69,65,72,86,70,94,81,95,84,77,74,67,83,87,62,66,93,75,64,39,80
zero,1291,3226,31,31,0,0,0,71.134,69.577,0,0.0,unknown,regular,70,29,60,68,68,66,61,69,83,67,91,78,92,81,73,72,63,79,83,58,63,90,71,60,37,77
low,1292,3226,31,31,12,1,1,74.176,72.769,0,0.0,unknown,regular,75,34,62,69,70,68,64,71,85,70,93,81,94,84,78,74,68,84,88,62,65,92,75,64,42,80
medium,1293,3226,29,29,26,6,5,74.087,72.423,25,2.0217,late_bloomer,regular,75,34,62,68,70,68,64,71,85,70,93,81,94,84,78,73,68,84,88,62,65,92,75,64,35,80
great,1294,3226,31,31,35,15,15,77.803,75.923,0,0.0,unknown,regular,76,35,71,77,78,76,66,79,91,71,96,82,96,85,79,81,69,85,89,63,74,96,76,65,37,81
starter,1295,3226,31,31,34,2,4,73.505,72.0,0,0.0,unknown,regular,73,32,62,69,70,68,64,71,85,70,93,80,94,84,76,74,66,82,86,60,65,92,74,63,40,79
bench,1296,3226,31,31,8,0,0,70.112,68.731,0,0.0,unknown,regular,69,27,59,67,68,65,60,68,82,66,90,77,91,80,72,72,62,77,81,57,62,89,70,59,41,76
zero,1297,3226,31,31,0,0,0,73.298,71.885,0,0.0,unknown,regular,73,31,62,68,70,68,63,71,85,69,93,80,94,83,76,73,66,82,86,61,65,92,74,63,42,79
low,1298,3226,30,30,12,1,1,74.842,73.192,0,0.0,unknown,regular,75,33,63,75,71,69,65,72,86,71,94,82,95,85,77,74,68,83,87,62,66,93,75,64,38,80
medium,1299,3226,31,31,26,6,5,63.645,62.423,-24,-1.0708,decliner,regular,64,27,51,61,59,57,54,60,74,59,82,70,83,73,67,63,57,73,77,54,54,81,64,54,36,69
great,1300,3226,30,30,35,15,15,82.614,80.846,0,0.0,unknown,regular,83,47,74,79,80,79,76,81,91,80,96,88,97,90,85,83,77,90,93,74,77,96,83,75,41,87
zero,1301,3226,32,32,0,0,0,73.221,71.808,0,0.0,unknown,regular,74,33,61,69,69,67,63,70,84,69,92,80,93,83,77,73,67,83,87,61,64,91,74,63,41,79
low,1302,3226,32,32,12,1,1,68.578,67.115,0,0.0,unknown,regular,69,27,56,67,66,63,58,65,79,64,87,75,88,78,72,70,62,78,82,56,59,87,69,58,36,74
medium,1303,3226,32,32,26,6,5,74.985,73.231,0,0.0,unknown,regular,75,33,63,72,71,69,65,72,86,71,94,82,95,85,78,77,68,84,88,62,66,93,75,64,35,81
great,1304,3226,30,30,35,15,15,75.29,73.538,0,0.0,unknown,regular,75,33,63,75,71,69,65,72,86,71,94,82,95,85,78,80,68,84,88,62,66,93,75,65,36,81
starter,1305,3226,30,30,34,2,4,73.306,71.808,0,0.0,unknown,regular,74,33,61,69,70,67,63,70,84,69,92,80,93,83,77,73,67,83,87,61,64,92,74,63,39,79
bench,1306,3226,32,32,8,0,0,73.202,71.615,0,0.0,unknown,regular,73,31,62,69,70,68,63,71,85,69,93,80,94,83,75,74,66,81,85,60,65,92,73,63,38,79
zero,1307,3226,30,30,0,0,0,72.524,70.885,0,0.0,unknown,regular,72,30,61,69,70,67,63,70,84,69,92,79,93,82,75,73,65,80,85,59,64,92,73,62,36,78
low,1308,3226,31,31,12,1,1,74.915,73.346,0,0.0,unknown,regular,75,33,63,75,71,69,65,72,86,71,94,82,95,85,78,74,68,83,88,62,66,93,75,64,40,80
medium,1309,3226,32,32,26,6,5,74.945,73.462,0,0.0,unknown,regular,75,34,63,75,71,69,65,72,86,71,94,82,95,84,78,74,68,84,88,62,66,93,75,64,42,80
great,1310,3226,30,30,35,15,15,79.41,77.615,0,0.0,unknown,regular,76,35,71,77,78,76,72,78,90,77,96,87,97,89,79,80,69,85,89,70,73,95,81,72,40,86
starter,1311,3226,32,32,34,2,4,72.924,71.423,0,0.0,unknown,sharpie,73,30,57,63,65,63,63,71,85,69,93,80,93,83,82,79,72,88,85,60,60,92,73,62,37,79
bench,1312,3226,32,32,8,0,0,74.469,72.731,0,0.0,unknown,regular,74,33,63,72,71,69,64,72,86,70,94,81,95,84,77,74,67,83,87,62,66,93,75,64,35,80
zero,1313,3226,30,30,0,0,0,70.155,68.692,0,0.0,unknown,regular,69,26,59,67,68,66,60,68,82,66,90,77,91,80,72,71,62,77,82,57,62,90,70,59,39,76
low,1314,3226,31,31,12,1,1,73.84,72.269,0,0.0,unknown,regular,74,32,62,72,71,68,64,71,85,70,93,81,94,84,76,74,66,82,86,61,65,92,74,63,39,80
medium,1315,3226,31,31,26,6,5,72.583,71.115,0,0.0,unknown,regular,73,30,61,68,69,67,63,70,84,69,92,80,93,83,75,72,65,81,85,60,64,91,73,62,40,79
great,1316,3226,30,30,35,15,15,73.006,71.346,0,0.0,unknown,regular,73,30,62,69,70,68,63,71,85,69,93,80,93,83,75,73,65,81,85,60,65,92,73,62,36,79
starter,1317,3226,31,31,34,2,4,75.123,73.615,0,0.0,unknown,sharpie,75,33,60,66,68,66,65,72,86,71,94,82,95,85,84,82,76,89,88,62,63,93,75,64,39,81
bench,1318,3226,30,30,8,0,0,74.211,72.731,0,0.0,unknown,sharpie,74,33,60,67,68,66,64,71,85,69,93,80,94,83,83,80,74,89,87,61,63,92,74,63,39,79
zero,1319,3226,30,30,0,0,0,72.352,70.885,0,0.0,unknown,regular,72,30,61,68,69,67,63,70,84,68,92,79,93,82,75,73,65,81,85,59,64,91,72,62,40,78
low,1320,3226,31,31,12,1,1,76.664,75.077,0,0.0,unknown,regular,76,35,69,75,77,69,65,77,86,71,95,82,96,85,79,79,69,85,89,63,72,94,76,65,42,81
medium,1321,3226,30,30,26,6,5,84.371,82.615,0,0.0,unknown,regular,85,58,76,81,82,80,77,82,92,82,98,89,98,92,86,84,79,90,94,75,78,97,85,77,42,89
great,1322,3226,32,32,35,15,15,77.637,75.923,0,0.0,unknown,regular,76,35,71,77,78,77,65,79,90,71,95,82,96,85,79,81,69,85,89,63,73,95,76,65,41,81
starter,1323,3226,30,30,34,2,4,78.855,77.0,0,0.0,unknown,regular,76,34,70,76,77,76,72,78,90,77,95,87,96,89,79,80,69,85,89,63,73,94,81,72,38,86
bench,1324,3226,31,31,8,0,0,73.497,72.038,0,0.0,regular,regular,74,31,62,68,70,68,64,71,85,70,93,81,94,83,76,73,66,82,86,61,65,92,74,63,41,80
zero,1325,3226,31,31,0,0,0,74.119,72.423,0,0.0,unknown,regular,74,32,62,74,71,68,64,71,85,70,93,81,94,84,77,74,67,83,87,61,65,93,74,63,36,80
low,1326,3226,32,32,12,1,1,74.584,72.923,0,0.0,unknown,regular,75,33,63,72,71,69,65,72,86,70,94,81,95,84,77,74,68,83,87,62,66,93,75,64,37,80
medium,1327,3226,31,31,26,6,5,83.148,81.346,0,0.0,unknown,regular,83,55,75,80,81,79,75,81,91,80,97,88,98,91,85,83,77,90,93,74,77,97,83,75,40,87
great,1328,3226,32,32,35,15,15,74.991,73.423,0,0.0,unknown,regular,75,33,63,75,71,69,65,72,86,71,94,82,95,85,78,74,68,84,88,62,66,93,75,64,40,81
starter,1329,3226,30,30,34,2,4,78.327,76.346,0,0.0,unknown,regular,76,35,71,78,78,76,65,79,91,71,95,87,96,90,79,81,69,85,89,63,74,95,76,65,35,86
bench,1330,3226,31,31,8,0,0,74.838,73.231,0,0.0,unknown,regular,75,33,63,75,71,69,65,72,86,71,94,82,95,84,77,74,68,83,88,62,66,93,75,64,39,80
zero,1331,3226,30,30,0,0,0,69.085,67.577,0,0.0,unknown,regular,70,28,57,66,65,63,59,66,80,65,88,76,89,79,72,69,62,78,82,57,60,87,70,59,35,75
low,1332,3226,31,31,12,1,1,70.86,69.346,0,0.0,unknown,regular,71,30,59,68,68,65,60,68,82,66,90,77,91,80,74,72,64,80,84,58,62,90,71,60,37,76
medium,1333,3226,31,31,26,6,5,81.019,79.269,0,0.0,unknown,sharpie,83,47,62,69,71,69,75,80,91,79,96,88,97,90,89,90,85,93,93,72,66,96,83,74,36,87
great,1334,3226,31,31,35,15,15,80.103,78.269,0,0.0,unknown,regular,82,35,71,77,78,77,73,79,90,78,95,87,96,90,79,81,69,85,93,71,74,95,82,73,39,86
starter,1335,3226,32,32,34,2,4,76.888,75.038,0,0.0,unknown,regular,76,34,70,76,77,74,65,78,90,71,94,82,95,85,79,80,69,85,89,63,66,95,76,65,36,81
bench,1336,3226,31,31,8,0,0,71.471,70.0,0,0.0,unknown,regular,71,29,60,67,68,66,62,69,83,68,91,79,92,82,74,71,64,79,84,58,63,90,72,61,39,78
zero,1337,3226,30,30,0,0,0,70.19,68.615,0,0.0,unknown,regular,70,29,58,68,67,65,60,67,81,66,90,77,90,80,73,71,63,79,83,57,61,89,70,59,35,76
low,1338,3226,32,32,12,1,1,71.274,69.846,0,0.0,unknown,regular,72,30,59,68,68,65,61,68,82,67,90,78,91,81,75,71,65,81,85,59,62,89,72,61,39,77
medium,1339,3226,32,32,26,6,5,70.813,69.269,0,0.0,unknown,regular,70,29,59,68,68,66,61,68,82,67,91,78,91,80,73,72,63,79,83,57,63,90,70,59,37,77
great,1340,3226,32,32,35,15,15,74.855,73.115,0,0.0,unknown,regular,75,33,63,72,71,69,65,72,86,71,94,82,95,85,78,74,68,84,88,62,66,93,75,64,35,81
starter,1341,3226,31,31,34,2,4,75.325,73.654,0,0.0,unknown,regular,75,34,63,75,71,69,65,72,86,71,94,82,95,85,78,80,68,84,88,62,66,93,75,65,38,81
bench,1342,3226,30,30,8,0,0,75.169,73.654,0,0.0,unknown,regular,76,34,63,74,71,69,65,72,86,71,94,82,95,85,79,74,68,84,88,63,66,93,76,65,41,81
zero,1343,3226,31,31,0,0,0,72.686,71.192,0,0.0,unknown,regular,73,32,61,69,69,67,62,70,84,68,92,79,93,82,76,73,66,82,86,60,64,91,73,62,39,78
low,1344,3226,32,32,12,1,1,67.668,66.269,-3,-0.6931,decliner,regular,67,24,57,63,65,63,59,66,80,65,87,76,88,78,69,68,59,74,79,54,60,86,67,57,38,74
medium,1345,3226,30,30,26,6,5,74.929,73.538,0,0.0,unknown,sharpie,75,33,59,67,68,66,65,72,86,71,94,82,95,85,83,80,74,89,88,62,63,93,75,64,42,81
great,1346,3226,31,31,35,15,15,76.111,74.192,0,0.0,unknown,genetic_freak,75,33,73,79,79,78,65,72,86,71,94,82,95,85,74,71,64,80,88,62,75,93,75,64,35,81
starter,1347,3226,30,30,34,2,4,70.44,68.923,0,0.0,unknown,regular,71,30,58,68,67,64,60,67,81,66,89,77,90,80,74,71,64,80,84,58,61,89,71,60,36,76
bench,1348,3226,32,32,8,0,0,74.238,72.731,0,0.0,unknown,regular,74,33,62,74,71,69,64,71,86,70,93,81,94,84,77,74,67,83,87,61,65,93,74,63,41,80
zero,1349,3226,31,31,0,0,0,73.698,72.115,0,0.0,unknown,regular,74,32,62,69,70,68,64,71,85,70,93,81,94,84,76,74,67,82,86,61,65,92,74,63,38,80
low,1350,3226,31,31,12,1,1,74.196,72.654,0,0.0,unknown,regular,74,33,62,74,71,69,64,71,85,70,93,81,94,84,77,74,67,83,87,61,65,93,74,63,40,80
medium,1351,3226,31,31,26,6,5,82.808,81.0,0,0.0,unknown,regular,82,47,76,81,81,80,74,82,91,79,97,88,98,90,85,84,77,90,93,72,78,96,83,74,41,87
great,1352,3226,32,32,35,15,15,75.557,74.038,0,0.0,unknown,regular,76,34,63,76,71,69,65,72,86,71,94,82,95,85,78,80,68,85,89,63,66,93,76,65,42,81
starter,1353,3226,31,31,34,2,4,73.882,72.192,0,0.0,unknown,regular,74,32,62,72,71,68,64,71,85,70,93,81,94,84,76,74,66,82,86,61,65,93,74,63,36,80
bench,1354,3226,31,31,8,0,0,69.788,68.308,0,0.0,unknown,regular,69,26,59,66,67,65,60,68,82,66,90,77,91,80,71,70,62,77,82,56,62,89,69,58,38,76
zero,1355,3226,30,30,0,0,0,72.803,71.308,0,0.0,unknown,regular,73,31,61,68,69,67,63,70,84,69,92,80,93,83,76,72,66,82,86,60,64,91,73,63,39,79
low,1356,3226,32,32,12,1,1,74.176,72.769,0,0.0,unknown,regular,75,34,62,69,70,68,64,71,85,70,93,81,94,84,78,74,68,84,88,62,65,92,75,64,42,80
medium,1357,3226,31,31,26,6,5,73.756,72.038,0,0.0,unknown,regular,74,31,62,70,71,68,64,71,85,70,93,81,94,84,76,74,66,82,86,61,65,93,74,63,35,80
great,1358,3226,32,32,35,15,15,74.945,73.308,0,0.0,unknown,regular,75,33,63,74,71,69,65,72,86,71,94,82,95,85,78,74,68,84,88,62,66,93,75,64,38,81
starter,1359,3226,31,31,34,2,4,73.346,71.808,0,0.0,regular,regular,73,32,62,69,70,68,63,71,85,69,93,80,94,83,76,74,66,82,86,60,65,92,73,63,39,79
bench,1360,3226,31,31,8,0,0,67.686,66.269,0,-0.5529,decliner,regular,68,26,56,62,64,62,58,65,79,64,87,75,88,78,70,67,61,76,80,55,59,86,69,58,36,74
zero,1361,3226,31,31,0,0,0,72.756,71.346,0,0.0,unknown,regular,73,30,61,69,70,67,63,70,84,69,92,80,93,83,75,73,65,81,85,60,64,92,73,62,42,79
low,1362,3226,32,32,12,1,1,69.636,68.192,-5,-0.7181,early_peak,regular,71,30,58,65,66,64,60,67,79,66,86,76,87,79,74,70,64,80,84,58,61,85,71,60,36,76
medium,1363,3226,30,30,26,6,5,84.823,83.0,0,0.0,unknown,regular,85,58,77,82,82,81,78,83,93,82,98,90,98,92,86,85,79,91,94,76,79,97,85,77,41,89
great,1364,3226,31,31,35,15,15,76.934,75.231,0,0.0,unknown,regular,76,34,63,76,77,76,65,78,90,71,95,82,95,85,79,80,69,84,89,63,73,94,76,65,40,81
starter,1365,3226,32,32,34,2,4,74.176,72.769,0,0.0,unknown,regular,75,34,62,69,70,68,64,71,85,70,93,81,94,84,78,74,68,84,88,62,65,92,75,64,42,80
bench,1366,3226,30,30,8,0,0,70.816,69.269,0,0.0,unknown,regular,71,30,59,68,68,65,60,68,82,66,90,77,91,80,74,71,64,80,84,58,62,90,71,60,36,76
zero,1367,3226,32,32,0,0,0,67.365,65.923,0,0.0,unknown,regular,68,26,55,66,64,61,57,64,78,63,86,74,87,77,71,67,61,77,81,55,58,85,68,57,35,73
low,1368,3226,30,30,12,1,1,74.955,73.269,0,0.0,unknown,regular,75,33,63,75,71,69,65,72,86,71,94,82,95,85,78,74,68,83,88,62,66,93,75,64,37,81
medium,1369,3226,31,31,26,6,5,75.408,73.731,0,0.0,unknown,regular,75,34,63,76,71,69,65,72,86,71,94,82,95,85,78,80,68,84,88,63,66,93,75,65,38,81
great,1370,3226,30,30,35,15,15,79.691,77.731,0,0.0,unknown,jokester,76,35,71,77,78,76,73,79,91,78,95,87,96,89,79,81,69,85,89,71,74,95,82,73,36,86
starter,1371,3226,31,31,34,2,4,75.208,73.462,0,0.0,unknown,regular,75,33,63,75,71,69,65,72,86,71,94,82,95,85,78,79,68,84,88,62,66,93,75,64,36,81
bench,1372,3226,32,32,8,0,0,73.626,71.962,0,0.0,unknown,regular,74,31,62,69,70,68,64,71,85,70,93,81,94,84,76,74,66,82,86,61,65,92,74,63,36,80
zero,1373,3226,31,31,0,0,0,69.317,68.038,0,0.0,unknown,sharpie,68,25,53,59,61,59,60,68,81,65,90,76,90,79,80,75,70,86,81,56,56,89,69,59,39,75
low,1374,3226,31,31,12,1,1,72.836,71.385,0,0.0,unknown,regular,73,30,62,68,70,67,63,71,84,69,92,80,93,83,75,73,65,81,85,60,65,92,73,62,41,79
medium,1375,3226,30,30,26,6,5,71.231,69.731,0,0.0,unknown,regular,72,30,59,68,67,65,61,68,82,67,90,78,91,81,75,71,65,81,85,59,62,89,72,61,37,77
great,1376,3226,31,31,35,15,15,81.53,79.731,0,0.0,unknown,regular,82,46,72,79,79,77,73,79,91,78,96,87,96,90,85,82,76,90,93,71,74,96,82,73,39,87
starter,1377,3226,32,32,34,2,4,80.561,78.654,0,0.0,unknown,regular,76,35,73,79,80,78,74,80,91,79,96,88,96,90,79,82,69,85,89,72,75,96,83,74,39,87
bench,1378,3226,31,31,8,0,0,74.654,73.154,0,0.0,unknown,regular,75,34,63,74,71,69,64,72,86,70,93,81,94,84,78,74,68,84,88,62,65,93,75,64,41,80
zero,1379,3226,32,32,0,0,0,74.042,72.577,0,0.0,unknown,sharpie,74,32,59,65,67,65,64,71,85,70,93,81,94,84,83,80,74,89,86,61,62,92,74,63,39,80
low,1380,3226,32,32,12,1,1,74.302,72.577,0,0.0,unknown,regular,74,32,63,70,71,69,64,72,86,70,94,81,94,84,77,74,67,83,87,62,66,93,75,64,35,80
medium,1381,3226,31,31,26,6,5,74.716,73.0,0,0.0,unknown,regular,75,33,63,74,71,69,65,72,86,70,94,82,95,84,77,74,68,83,87,62,66,93,75,64,36,80
great,1382,3226,32,32,35,15,15,75.358,73.654,0,0.0,unknown,regular,75,34,63,75,71,69,65,72,86,71,94,82,95,85,78,79,68,84,88,63,66,93,76,65,37,81
starter,1383,3226,30,30,34,2,4,73.26,71.769,0,0.0,unknown,regular,73,31,62,68,70,68,63,71,85,69,93,80,94,83,76,73,66,82,86,60,65,92,74,63,40,79
bench,1384,3226,32,32,8,0,0,70.983,69.577,0,0.0,unknown,regular,70,27,60,67,68,66,61,69,83,67,91,78,92,81,73,72,63,78,83,58,63,90,71,60,41,77
zero,1385,3226,32,32,0,0,0,73.597,72.154,0,0.0,unknown,regular,74,33,62,69,70,68,63,71,85,69,93,80,94,83,77,73,67,83,87,61,65,92,74,63,41,79
low,1386,3226,30,30,12,1,1,73.624,72.038,0,0.0,unknown,regular,73,32,62,69,70,68,64,71,85,70,93,81,94,84,76,74,66,82,86,61,65,92,74,63,38,80
medium,1387,3226,30,30,26,6,5,83.138,81.192,0,0.0,unknown,regular,83,57,75,80,81,79,76,82,91,79,97,88,97,90,85,83,77,90,93,73,77,96,83,75,36,88
great,1388,3226,31,31,35,15,15,73.221,71.769,0,0.0,unknown,regular,74,33,61,69,69,67,63,70,84,69,92,80,93,83,77,73,67,83,87,61,64,91,74,63,40,79
starter,1389,3226,31,31,34,2,4,80.834,79.038,0,0.0,unknown,regular,82,35,73,77,78,77,74,79,91,78,96,87,97,90,84,81,76,85,93,71,75,95,82,73,40,86
bench,1390,3226,31,31,8,0,0,74.601,73.0,0,0.0,unknown,regular,74,33,63,74,71,69,65,72,86,70,94,81,95,84,77,74,67,83,87,62,66,93,75,64,39,80
zero,1391,3226,32,32,0,0,0,71.134,69.577,0,0.0,unknown,regular,70,29,60,68,68,66,61,69,83,67,91,78,92,81,73,72,63,79,83,58,63,90,71,60,37,77
low,1392,3226,32,32,12,1,1,74.176,72.769,0,0.0,unknown,regular,75,34,62,69,70,68,64,71,85,70,93,81,94,84,78,74,68,84,88,62,65,92,75,64,42,80
medium,1393,3226,30,30,26,6,5,74.753,73.038,16,1.9471,late_bloomer,regular,75,34,63,69,71,69,65,72,86,71,94,82,95,85,78,74,68,84,88,62,66,93,75,64,35,81
great,1394,3226,32,32,35,15,15,77.803,75.923,0,0.0,unknown,regular,76,35,71,77,78,76,66,79,91,71,96,82,96,85,79,81,69,85,89,63,74,96,76,65,37,81
starter,1395,3226,32,32,34,2,4,73.505,72.0,0,0.0,unknown,regular,73,32,62,69,70,68,64,71,85,70,93,80,94,84,76,74,66,82,86,60,65,92,74,63,40,79
bench,1396,3226,32,32,8,0,0,70.112,68.731,0,0.0,unknown,regular,69,27,59,67,68,65,60,68,82,66,90,77,91,80,72,72,62,77,81,57,62,89,70,59,41,76
zero,1397,3226,32,32,0,0,0,73.298,71.885,0,0.0,unknown,regular,73,31,62,68,70,68,63,71,85,69,93,80,94,83,76,73,66,82,86,61,65,92,74,63,42,79
low,1398,3226,31,31,12,1,1,74.842,73.192,0,0.0,unknown,regular,75,33,63,75,71,69,65,72,86,71,94,82,95,85,77,74,68,83,87,62,66,93,75,64,38,80
medium,1399,3226,32,32,26,6,5,62.68,61.5,-24,-1.4623,decliner,regular,63,27,50,60,58,56,53,59,73,58,81,69,82,72,66,62,56,72,76,53,53,80,63,53,36,68
great,1400,3226,31,31,35,15,15,82.614,80.846,0,0.0,unknown,regular,83,47,74,79,80,79,76,81,91,80,96,88,97,90,85,83,77,90,93,74,77,96,83,75,41,87
zero,1401,3226,33,33,0,0,0,73.221,71.808,0,0.0,unknown,regular,74,33,61,69,69,67,63,70,84,69,92,80,93,83,77,73,67,83,87,61,64,91,74,63,41,79
low,1402,3226,33,33,12,1,1,68.578,67.115,0,0.0,unknown,regular,69,27,56,67,66,63,58,65,79,64,87,75,88,78,72,70,62,78,82,56,59,87,69,58,36,74
medium,1403,3226,33,33,26,6,5,74.985,73.231,0,0.0,unknown,regular,75,33,63,72,71,69,65,72,86,71,94,82,95,85,78,77,68,84,88,62,66,93,75,64,35,81
great,1404,3226,31,31,35,15,15,75.29,73.538,0,0.0,unknown,regular,75,33,63,75,71,69,65,72,86,71,94,82,95,85,78,80,68,84,88,62,66,93,75,65,36,81
starter,1405,3226,31,31,34,2,4,73.306,71.808,0,0.0,unknown,regular,74,33,61,69,70,67,63,70,84,69,92,80,93,83,77,73,67,83,87,61,64,92,74,63,39,79
bench,1406,3226,33,33,8,0,0,73.202,71.615,0,0.0,unknown,regular,73,31,62,69,70,68,63,71,85,69,93,80,94,83,75,74,66,81,85,60,65,92,73,63,38,79
zero,1407,3226,31,31,0,0,0,72.524,70.885,0,0.0,unknown,regular,72,30,61,69,70,67,63,70,84,69,92,79,93,82,75,73,65,80,85,59,64,92,73,62,36,78
low,1408,3226,32,32,12,1,1,74.915,73.346,0,0.0,unknown,regular,75,33,63,75,71,69,65,72,86,71,94,82,95,85,78,74,68,83,88,62,66,93,75,64,40,80
medium,1409,3226,33,33,26,6,5,74.945,73.462,0,0.0,unknown,regular,75,34,63,75,71,69,65,72,86,71,94,82,95,84,78,74,68,84,88,62,66,93,75,64,42,80
great,1410,3226,31,31,35,15,15,79.41,77.615,0,0.0,unknown,regular,76,35,71,77,78,76,72,78,90,77,96,87,97,89,79,80,69,85,89,70,73,95,81,72,40,86
starter,1411,3226,33,33,34,2,4,72.924,71.423,0,0.0,unknown,sharpie,73,30,57,63,65,63,63,71,85,69,93,80,93,83,82,79,72,88,85,60,60,92,73,62,37,79
bench,1412,3226,33,33,8,0,0,74.469,72.731,0,0.0,unknown,regular,74,33,63,72,71,69,64,72,86,70,94,81,95,84,77,74,67,83,87,62,66,93,75,64,35,80
zero,1413,3226,31,31,0,0,0,70.155,68.692,0,0.0,unknown,regular,69,26,59,67,68,66,60,68,82,66,90,77,91,80,72,71,62,77,82,57,62,90,70,59,39,76
low,1414,3226,32,32,12,1,1,73.84,72.269,0,0.0,unknown,regular,74,32,62,72,71,68,64,71,85,70,93,81,94,84,76,74,66,82,86,61,65,92,74,63,39,80
medium,1415,3226,32,32,26,6,5,72.583,71.115,0,0.0,unknown,regular,73,30,61,68,69,67,63,70,84,69,92,80,93,83,75,72,65,81,85,60,64,91,73,62,40,79
great,1416,3226,31,31,35,15,15,73.006,71.346,0,0.0,unknown,regular,73,30,62,69,70,68,63,71,85,69,93,80,93,83,75,73,65,81,85,60,65,92,73,62,36,79
starter,1417,3226,32,32,34,2,4,75.123,73.615,0,0.0,unknown,sharpie,75,33,60,66,68,66,65,72,86,71,94,82,95,85,84,82,76,89,88,62,63,93,75,64,39,81
bench,1418,3226,31,31,8,0,0,74.211,72.731,0,0.0,unknown,sharpie,74,33,60,67,68,66,64,71,85,69,93,80,94,83,83,80,74,89,87,61,63,92,74,63,39,79
zero,1419,3226,31,31,0,0,0,72.352,70.885,0,0.0,unknown,regular,72,30,61,68,69,67,63,70,84,68,92,79,93,82,75,73,65,81,85,59,64,91,72,62,40,78
low,1420,3226,32,32,12,1,1,76.664,75.077,0,0.0,unknown,regular,76,35,69,75,77,69,65,77,86,71,95,82,96,85,79,79,69,85,89,63,72,94,76,65,42,81
medium,1421,3226,31,31,26,6,5,84.371,82.615,0,0.0,unknown,regular,85,58,76,81,82,80,77,82,92,82,98,89,98,92,86,84,79,90,94,75,78,97,85,77,42,89
great,1422,3226,33,33,35,15,15,77.637,75.923,0,0.0,unknown,regular,76,35,71,77,78,77,65,79,90,71,95,82,96,85,79,81,69,85,89,63,73,95,76,65,41,81
starter,1423,3226,31,31,34,2,4,78.855,77.0,0,0.0,unknown,regular,76,34,70,76,77,76,72,78,90,77,95,87,96,89,79,80,69,85,89,63,73,94,81,72,38,86
bench,1424,3226,32,32,8,0,0,73.497,72.038,0,0.0,regular,regular,74,31,62,68,70,68,64,71,85,70,93,81,94,83,76,73,66,82,86,61,65,92,74,63,41,80
zero,1425,3226,32,32,0,0,0,74.119,72.423,0,0.0,unknown,regular,74,32,62,74,71,68,64,71,85,70,93,81,94,84,77,74,67,83,87,61,65,93,74,63,36,80
low,1426,3226,33,33,12,1,1,74.584,72.923,0,0.0,unknown,regular,75,33,63,72,71,69,65,72,86,70,94,81,95,84,77,74,68,83,87,62,66,93,75,64,37,80
medium,1427,3226,32,32,26,6,5,83.148,81.346,0,0.0,unknown,regular,83,55,75,80,81,79,75,81,91,80,97,88,98,91,85,83,77,90,93,74,77,97,83,75,40,87
great,1428,3226,33,33,35,15,15,74.991,73.423,0,0.0,unknown,regular,75,33,63,75,71,69,65,72,86,71,94,82,95,85,78,74,68,84,88,62,66,93,75,64,40,81
starter,1429,3226,31,31,34,2,4,78.327,76.346,0,0.0,unknown,regular,76,35,71,78,78,76,65,79,91,71,95,87,96,90,79,81,69,85,89,63,74,95,76,65,35,86
bench,1430,3226,32,32,8,0,0,74.838,73.231,0,0.0,unknown,regular,75,33,63,75,71,69,65,72,86,71,94,82,95,84,77,74,68,83,88,62,66,93,75,64,39,80
zero,1431,3226,31,31,0,0,0,69.085,67.577,0,0.0,unknown,regular,70,28,57,66,65,63,59,66,80,65,88,76,89,79,72,69,62,78,82,57,60,87,70,59,35,75
low,1432,3226,32,32,12,1,1,70.86,69.346,0,0.0,unknown,regular,71,30,59,68,68,65,60,68,82,66,90,77,91,80,74,72,64,80,84,58,62,90,71,60,37,76
medium,1433,3226,32,32,26,6,5,81.019,79.269,0,0.0,unknown,sharpie,83,47,62,69,71,69,75,80,91,79,96,88,97,90,89,90,85,93,93,72,66,96,83,74,36,87
great,1434,3226,32,32,35,15,15,80.103,78.269,0,0.0,unknown,regular,82,35,71,77,78,77,73,79,90,78,95,87,96,90,79,81,69,85,93,71,74,95,82,73,39,86
starter,1435,3226,33,33,34,2,4,76.888,75.038,0,0.0,unknown,regular,76,34,70,76,77,74,65,78,90,71,94,82,95,85,79,80,69,85,89,63,66,95,76,65,36,81
bench,1436,3226,32,32,8,0,0,71.471,70.0,0,0.0,unknown,regular,71,29,60,67,68,66,62,69,83,68,91,79,92,82,74,71,64,79,84,58,63,90,72,61,39,78
zero,1437,3226,31,31,0,0,0,70.19,68.615,0,0.0,unknown,regular,70,29,58,68,67,65,60,67,81,66,90,77,90,80,73,71,63,79,83,57,61,89,70,59,35,76
low,1438,3226,33,33,12,1,1,71.274,69.846,0,0.0,unknown,regular,72,30,59,68,68,65,61,68,82,67,90,78,91,81,75,71,65,81,85,59,62,89,72,61,39,77
medium,1439,3226,33,33,26,6,5,70.813,69.269,0,0.0,unknown,regular,70,29,59,68,68,66,61,68,82,67,91,78,91,80,73,72,63,79,83,57,63,90,70,59,37,77
great,1440,3226,33,33,35,15,15,74.855,73.115,0,0.0,unknown,regular,75,33,63,72,71,69,65,72,86,71,94,82,95,85,78,74,68,84,88,62,66,93,75,64,35,81
starter,1441,3226,32,32,34,2,4,75.325,73.654,0,0.0,unknown,regular,75,34,63,75,71,69,65,72,86,71,94,82,95,85,78,80,68,84,88,62,66,93,75,65,38,81
bench,1442,3226,31,31,8,0,0,75.169,73.654,0,0.0,unknown,regular,76,34,63,74,71,69,65,72,86,71,94,82,95,85,79,74,68,84,88,63,66,93,76,65,41,81
zero,1443,3226,32,32,0,0,0,72.686,71.192,0,0.0,unknown,regular,73,32,61,69,69,67,62,70,84,68,92,79,93,82,76,73,66,82,86,60,64,91,73,62,39,78
low,1444,3226,33,33,12,1,1,67.501,66.115,-4,-0.6892,decliner,regular,67,24,57,63,65,63,59,66,79,65,86,76,87,78,69,68,59,74,79,54,60,85,67,57,38,74
medium,1445,3226,31,31,26,6,5,74.929,73.538,0,0.0,unknown,sharpie,75,33,59,67,68,66,65,72,86,71,94,82,95,85,83,80,74,89,88,62,63,93,75,64,42,81
great,1446,3226,32,32,35,15,15,76.111,74.192,0,0.0,unknown,genetic_freak,75,33,73,79,79,78,65,72,86,71,94,82,95,85,74,71,64,80,88,62,75,93,75,64,35,81
starter,1447,3226,31,31,34,2,4,70.44,68.923,0,0.0,unknown,regular,71,30,58,68,67,64,60,67,81,66,89,77,90,80,74,71,64,80,84,58,61,89,71,60,36,76
bench,1448,3226,33,33,8,0,0,74.238,72.731,0,0.0,unknown,regular,74,33,62,74,71,69,64,71,86,70,93,81,94,84,77,74,67,83,87,61,65,93,74,63,41,80
zero,1449,3226,32,32,0,0,0,73.698,72.115,0,0.0,unknown,regular,74,32,62,69,70,68,64,71,85,70,93,81,94,84,76,74,67,82,86,61,65,92,74,63,38,80
low,1450,3226,32,32,12,1,1,74.196,72.654,0,0.0,unknown,regular,74,33,62,74,71,69,64,71,85,70,93,81,94,84,77,74,67,83,87,61,65,93,74,63,40,80
medium,1451,3226,32,32,26,6,5,82.808,81.0,0,0.0,unknown,regular,82,47,76,81,81,80,74,82,91,79,97,88,98,90,85,84,77,90,93,72,78,96,83,74,41,87
great,1452,3226,33,33,35,15,15,75.557,74.038,0,0.0,unknown,regular,76,34,63,76,71,69,65,72,86,71,94,82,95,85,78,80,68,85,89,63,66,93,76,65,42,81
starter,1453,3226,32,32,34,2,4,73.882,72.192,0,0.0,unknown,regular,74,32,62,72,71,68,64,71,85,70,93,81,94,84,76,74,66,82,86,61,65,93,74,63,36,80
bench,1454,3226,32,32,8,0,0,69.788,68.308,0,0.0,unknown,regular,69,26,59,66,67,65,60,68,82,66,90,77,91,80,71,70,62,77,82,56,62,89,69,58,38,76
zero,1455,3226,31,31,0,0,0,72.803,71.308,0,0.0,unknown,regular,73,31,61,68,69,67,63,70,84,69,92,80,93,83,76,72,66,82,86,60,64,91,73,63,39,79
low,1456,3226,33,33,12,1,1,74.176,72.769,0,0.0,unknown,regular,75,34,62,69,70,68,64,71,85,70,93,81,94,84,78,74,68,84,88,62,65,92,75,64,42,80
medium,1457,3226,32,32,26,6,5,73.756,72.038,0,0.0,unknown,regular,74,31,62,70,71,68,64,71,85,70,93,81,94,84,76,74,66,82,86,61,65,93,74,63,35,80
great,1458,3226,33,33,35,15,15,74.945,73.308,0,0.0,unknown,regular,75,33,63,74,71,69,65,72,86,71,94,82,95,85,78,74,68,84,88,62,66,93,75,64,38,81
starter,1459,3226,32,32,34,2,4,73.346,71.808,0,0.0,regular,regular,73,32,62,69,70,68,63,71,85,69,93,80,94,83,76,74,66,82,86,60,65,92,73,63,39,79
bench,1460,3226,32,32,8,0,0,67.319,65.923,-9,-0.7951,decliner,regular,68,26,56,62,64,62,58,65,78,64,86,74,87,77,70,66,61,76,79,55,59,85,69,58,36,73
zero,1461,3226,32,32,0,0,0,72.756,71.346,0,0.0,unknown,regular,73,30,61,69,70,67,63,70,84,69,92,80,93,83,75,73,65,81,85,60,64,92,73,62,42,79
low,1462,3226,33,33,12,1,1,69.469,68.038,-4,-0.7082,early_peak,regular,71,30,58,65,66,64,60,67,78,66,85,76,86,79,74,70,64,80,84,58,61,84,71,60,36,76
medium,1463,3226,31,31,26,6,5,84.823,83.0,0,0.0,unknown,regular,85,58,77,82,82,81,78,83,93,82,98,90,98,92,86,85,79,91,94,76,79,97,85,77,41,89
great,1464,3226,32,32,35,15,15,76.934,75.231,0,0.0,unknown,regular,76,34,63,76,77,76,65,78,90,71,95,82,95,85,79,80,69,84,89,63,73,94,76,65,40,81
starter,1465,3226,33,33,34,2,4,74.176,72.769,0,0.0,unknown,regular,75,34,62,69,70,68,64,71,85,70,93,81,94,84,78,74,68,84,88,62,65,92,75,64,42,80
bench,1466,3226,31,31,8,0,0,70.816,69.269,0,0.0,unknown,regular,71,30,59,68,68,65,60,68,82,66,90,77,91,80,74,71,64,80,84,58,62,90,71,60,36,76
zero,1467,3226,33,33,0,0,0,67.365,65.923,0,0.0,unknown,regular,68,26,55,66,64,61,57,64,78,63,86,74,87,77,71,67,61,77,81,55,58,85,68,57,35,73
low,1468,3226,31,31,12,1,1,74.955,73.269,0,0.0,unknown,regular,75,33,63,75,71,69,65,72,86,71,94,82,95,85,78,74,68,83,88,62,66,93,75,64,37,81
medium,1469,3226,32,32,26,6,5,75.408,73.731,0,0.0,unknown,regular,75,34,63,76,71,69,65,72,86,71,94,82,95,85,78,80,68,84,88,63,66,93,75,65,38,81
great,1470,3226,31,31,35,15,15,79.691,77.731,0,0.0,unknown,jokester,76,35,71,77,78,76,73,79,91,78,95,87,96,89,79,81,69,85,89,71,74,95,82,73,36,86
starter,1471,3226,32,32,34,2,4,75.208,73.462,0,0.0,unknown,regular,75,33,63,75,71,69,65,72,86,71,94,82,95,85,78,79,68,84,88,62,66,93,75,64,36,81
bench,1472,3226,33,33,8,0,0,73.626,71.962,0,0.0,unknown,regular,74,31,62,69,70,68,64,71,85,70,93,81,94,84,76,74,66,82,86,61,65,92,74,63,36,80
zero,1473,3226,32,32,0,0,0,69.317,68.038,0,0.0,unknown,sharpie,68,25,53,59,61,59,60,68,81,65,90,76,90,79,80,75,70,86,81,56,56,89,69,59,39,75
low,1474,3226,32,32,12,1,1,72.836,71.385,0,0.0,unknown,regular,73,30,62,68,70,67,63,71,84,69,92,80,93,83,75,73,65,81,85,60,65,92,73,62,41,79
medium,1475,3226,31,31,26,6,5,71.231,69.731,0,0.0,unknown,regular,72,30,59,68,67,65,61,68,82,67,90,78,91,81,75,71,65,81,85,59,62,89,72,61,37,77
great,1476,3226,32,32,35,15,15,81.53,79.731,0,0.0,unknown,regular,82,46,72,79,79,77,73,79,91,78,96,87,96,90,85,82,76,90,93,71,74,96,82,73,39,87
starter,1477,3226,33,33,34,2,4,80.561,78.654,0,0.0,unknown,regular,76,35,73,79,80,78,74,80,91,79,96,88,96,90,79,82,69,85,89,72,75,96,83,74,39,87
bench,1478,3226,32,32,8,0,0,74.654,73.154,0,0.0,unknown,regular,75,34,63,74,71,69,64,72,86,70,93,81,94,84,78,74,68,84,88,62,65,93,75,64,41,80
zero,1479,3226,33,33,0,0,0,74.042,72.577,0,0.0,unknown,sharpie,74,32,59,65,67,65,64,71,85,70,93,81,94,84,83,80,74,89,86,61,62,92,74,63,39,80
low,1480,3226,33,33,12,1,1,74.302,72.577,0,0.0,unknown,regular,74,32,63,70,71,69,64,72,86,70,94,81,94,84,77,74,67,83,87,62,66,93,75,64,35,80
medium,1481,3226,32,32,26,6,5,74.716,73.0,0,0.0,unknown,regular,75,33,63,74,71,69,65,72,86,70,94,82,95,84,77,74,68,83,87,62,66,93,75,64,36,80
great,1482,3226,33,33,35,15,15,75.358,73.654,0,0.0,unknown,regular,75,34,63,75,71,69,65,72,86,71,94,82,95,85,78,79,68,84,88,63,66,93,76,65,37,81
starter,1483,3226,31,31,34,2,4,73.26,71.769,0,0.0,unknown,regular,73,31,62,68,70,68,63,71,85,69,93,80,94,83,76,73,66,82,86,60,65,92,74,63,40,79
bench,1484,3226,33,33,8,0,0,70.983,69.577,0,0.0,unknown,regular,70,27,60,67,68,66,61,69,83,67,91,78,92,81,73,72,63,78,83,58,63,90,71,60,41,77
zero,1485,3226,33,33,0,0,0,73.597,72.154,0,0.0,unknown,regular,74,33,62,69,70,68,63,71,85,69,93,80,94,83,77,73,67,83,87,61,65,92,74,63,41,79
low,1486,3226,31,31,12,1,1,73.624,72.038,0,0.0,unknown,regular,73,32,62,69,70,68,64,71,85,70,93,81,94,84,76,74,66,82,86,61,65,92,74,63,38,80
medium,1487,3226,31,31,26,6,5,83.138,81.192,0,0.0,unknown,regular,83,57,75,80,81,79,76,82,91,79,97,88,97,90,85,83,77,90,93,73,77,96,83,75,36,88
great,1488,3226,32,32,35,15,15,73.221,71.769,0,0.0,unknown,regular,74,33,61,69,69,67,63,70,84,69,92,80,93,83,77,73,67,83,87,61,64,91,74,63,40,79
starter,1489,3226,32,32,34,2,4,80.834,79.038,0,0.0,unknown,regular,82,35,73,77,78,77,74,79,91,78,96,87,97,90,84,81,76,85,93,71,75,95,82,73,40,86
bench,1490,3226,32,32,8,0,0,74.601,73.0,0,0.0,unknown,regular,74,33,63,74,71,69,65,72,86,70,94,81,95,84,77,74,67,83,87,62,66,93,75,64,39,80
zero,1491,3226,33,33,0,0,0,71.134,69.577,0,0.0,unknown,regular,70,29,60,68,68,66,61,69,83,67,91,78,92,81,73,72,63,79,83,58,63,90,71,60,37,77
low,1492,3226,33,33,12,1,1,74.176,72.769,0,0.0,unknown,regular,75,34,62,69,70,68,64,71,85,70,93,81,94,84,78,74,68,84,88,62,65,92,75,64,42,80
medium,1493,3226,31,31,26,6,5,74.837,73.115,2,1.9785,late_bloomer,regular,75,34,63,70,71,69,65,72,86,71,94,82,95,85,78,74,68,84,88,62,66,93,75,65,35,81
great,1494,3226,33,33,35,15,15,77.803,75.923,0,0.0,unknown,regular,76,35,71,77,78,76,66,79,91,71,96,82,96,85,79,81,69,85,89,63,74,96,76,65,37,81
starter,1495,3226,33,33,34,2,4,73.505,72.0,0,0.0,unknown,regular,73,32,62,69,70,68,64,71,85,70,93,80,94,84,76,74,66,82,86,60,65,92,74,63,40,79
bench,1496,3226,33,33,8,0,0,70.112,68.731,0,0.0,unknown,regular,69,27,59,67,68,65,60,68,82,66,90,77,91,80,72,72,62,77,81,57,62,89,70,59,41,76
zero,1497,3226,33,33,0,0,0,73.298,71.885,0,0.0,unknown,regular,73,31,62,68,70,68,63,71,85,69,93,80,94,83,76,73,66,82,86,61,65,92,74,63,42,79
low,1498,3226,32,32,12,1,1,74.842,73.192,0,0.0,unknown,regular,75,33,63,75,71,69,65,72,86,71,94,82,95,85,77,74,68,83,87,62,66,93,75,64,38,80
medium,1499,3226,33,33,26,6,5,61.715,60.577,-24,-1.5475,decliner,regular,62,27,49,59,57,55,52,58,72,57,80,68,81,71,65,61,55,71,75,52,52,79,62,52,36,67
great,1500,3226,32,32,35,15,15,82.614,80.846,0,0.0,unknown,regular,83,47,74,79,80,79,76,81,91,80,96,88,97,90,85,83,77,90,93,74,77,96,83,75,41,87
zero,1501,3226,34,34,0,0,0,73.221,71.808,0,-0.5112,unknown,regular,74,33,61,69,69,67,63,70,84,69,92,80,93,83,77,73,67,83,87,61,64,91,74,63,41,79
low,1502,3226,34,34,12,1,1,68.578,67.115,0,-0.2526,unknown,regular,69,27,56,67,66,63,58,65,79,64,87,75,88,78,72,70,62,78,82,56,59,87,69,58,36,74
medium,1503,3226,34,34,26,6,5,74.02,72.308,-24,-1.3995,unknown,regular,74,33,62,71,70,68,64,71,85,70,93,81,94,84,77,76,67,83,87,61,65,92,74,63,35,80
great,1504,3226,32,32,35,15,15,75.29,73.538,0,0.0,unknown,regular,75,33,63,75,71,69,65,72,86,71,94,82,95,85,78,80,68,84,88,62,66,93,75,65,36,81
starter,1505,3226,32,32,34,2,4,73.306,71.808,0,0.0,unknown,regular,74,33,61,69,70,67,63,70,84,69,92,80,93,83,77,73,67,83,87,61,64,92,74,63,39,79
bench,1506,3226,34,34,8,0,0,72.71,71.154,-12,-0.7755,unknown,regular,73,31,62,68,69,68,63,71,84,69,92,79,93,82,75,73,66,80,84,60,65,91,73,63,38,78
zero,1507,3226,32,32,0,0,0,72.524,70.885,0,0.0,unknown,regular,72,30,61,69,70,67,63,70,84,69,92,79,93,82,75,73,65,80,85,59,64,92,73,62,36,78
low,1508,3226,33,33,12,1,1,74.915,73.346,0,0.0,unknown,regular,75,33,63,75,71,69,65,72,86,71,94,82,95,85,78,74,68,83,88,62,66,93,75,64,40,80
medium,1509,3226,34,34,26,6,5,73.98,72.538,-24,-1.2702,unknown,regular,74,34,62,74,70,68,64,71,85,70,93,81,94,83,77,73,67,83,87,61,65,92,74,63,42,79
great,1510,3226,32,32,35,15,15,79.41,77.615,0,0.0,unknown,regular,76,35,71,77,78,76,72,78,90,77,96,87,97,89,79,80,69,85,89,70,73,95,81,72,40,86
starter,1511,3226,34,34,34,2,4,72.564,71.077,-9,-0.7042,unknown,sharpie,73,30,57,63,65,63,63,71,84,69,92,80,92,82,81,78,71,87,85,60,60,91,73,62,37,79
bench,1512,3226,34,34,8,0,0,73.504,71.808,-24,-1.1703,unknown,regular,73,33,62,71,70,68,63,71,85,69,93,80,94,83,76,73,66,82,86,61,65,92,74,63,35,79
zero,1513,3226,32,32,0,0,0,70.155,68.692,0,0.0,unknown,regular,69,26,59,67,68,66,60,68,82,66,90,77,91,80,72,71,62,77,82,57,62,90,70,59,39,76
low,1514,3226,33,33,12,1,1,73.84,72.269,0,0.0,unknown,regular,74,32,62,72,71,68,64,71,85,70,93,81,94,84,76,74,66,82,86,61,65,92,74,63,39,80
medium,1515,3226,33,33,26,6,5,72.583,71.115,0,0.0,unknown,regular,73,30,61,68,69,67,63,70,84,69,92,80,93,83,75,72,65,81,85,60,64,91,73,62,40,79
great,1516,3226,32,32,35,15,15,73.006,71.346,0,0.0,unknown,regular,73,30,62,69,70,68,63,71,85,69,93,80,93,83,75,73,65,81,85,60,65,92,73,62,36,79
starter,1517,3226,33,33,34,2,4,75.123,73.615,0,0.0,unknown,sharpie,75,33,60,66,68,66,65,72,86,71,94,82,95,85,84,82,76,89,88,62,63,93,75,64,39,81
bench,1518,3226,32,32,8,0,0,74.211,72.731,0,0.0,unknown,sharpie,74,33,60,67,68,66,64,71,85,69,93,80,94,83,83,80,74,89,87,61,63,92,74,63,39,79
zero,1519,3226,32,32,0,0,0,72.352,70.885,0,0.0,unknown,regular,72,30,61,68,69,67,63,70,84,68,92,79,93,82,75,73,65,81,85,59,64,91,72,62,40,78
low,1520,3226,33,33,12,1,1,76.664,75.077,0,0.0,unknown,regular,76,35,69,75,77,69,65,77,86,71,95,82,96,85,79,79,69,85,89,63,72,94,76,65,42,81
medium,1521,3226,32,32,26,6,5,84.371,82.615,0,0.0,unknown,regular,85,58,76,81,82,80,77,82,92,82,98,89,98,92,86,84,79,90,94,75,78,97,85,77,42,89
great,1522,3226,34,34,35,15,15,76.14,74.5,-37,-2.1926,unknown,regular,75,34,70,75,76,76,64,77,88,70,93,80,94,83,78,79,68,84,87,62,72,93,75,64,41,79
starter,1523,3226,32,32,34,2,4,78.855,77.0,0,0.0,unknown,regular,76,34,70,76,77,76,72,78,90,77,95,87,96,89,79,80,69,85,89,63,73,94,81,72,38,86
bench,1524,3226,33,33,8,0,0,73.497,72.038,0,0.0,regular,regular,74,31,62,68,70,68,64,71,85,70,93,81,94,83,76,73,66,82,86,61,65,92,74,63,41,80
zero,1525,3226,33,33,0,0,0,74.119,72.423,0,0.0,unknown,regular,74,32,62,74,71,68,64,71,85,70,93,81,94,84,77,74,67,83,87,61,65,93,74,63,36,80
low,1526,3226,34,34,12,1,1,73.619,72.0,-24,-1.2605,unknown,regular,74,33,62,71,70,68,64,71,85,69,93,80,94,83,76,73,67,82,86,61,65,92,74,63,37,79
medium,1527,3226,33,33,26,6,5,83.148,81.346,0,0.0,unknown,regular,83,55,75,80,81,79,75,81,91,80,97,88,98,91,85,83,77,90,93,74,77,97,83,75,40,87
great,1528,3226,34,34,35,15,15,74.026,72.5,-24,-1.379,unknown,regular,74,33,62,74,70,68,64,71,85,70,93,81,94,84,77,73,67,83,87,61,65,92,74,63,40,80
starter,1529,3226,32,32,34,2,4,78.327,76.346,0,0.0,unknown,regular,76,35,71,78,78,76,65,79,91,71,95,87,96,90,79,81,69,85,89,63,74,95,76,65,35,86
bench,1530,3226,33,33,8,0,0,74.838,73.231,0,0.0,unknown,regular,75,33,63,75,71,69,65,72,86,71,94,82,95,84,77,74,68,83,88,62,66,93,75,64,39,80
zero,1531,3226,32,32,0,0,0,69.085,67.577,0,0.0,unknown,regular,70,28,57,66,65,63,59,66,80,65,88,76,89,79,72,69,62,78,82,57,60,87,70,59,35,75
low,1532,3226,33,33,12,1,1,70.86,69.346,0,0.0,unknown,regular,71,30,59,68,68,65,60,68,82,66,90,77,91,80,74,72,64,80,84,58,62,90,71,60,37,76
medium,1533,3226,33,33,26,6,5,81.019,79.269,0,0.0,unknown,sharpie,83,47,62,69,71,69,75,80,91,79,96,88,97,90,89,90,85,93,93,72,66,96,83,74,36,87
great,1534,3226,33,33,35,15,15,80.103,78.269,0,0.0,unknown,regular,82,35,71,77,78,77,73,79,90,78,95,87,96,90,79,81,69,85,93,71,74,95,82,73,39,86
starter,1535,3226,34,34,34,2,4,75.427,73.654,-36,-2.1143,unknown,regular,75,33,69,74,75,73,64,76,88,70,92,80,93,83,78,78,68,84,88,62,65,93,75,64,36,79
bench,1536,3226,33,33,8,0,0,71.471,70.0,0,0.0,unknown,regular,71,29,60,67,68,66,62,69,83,68,91,79,92,82,74,71,64,79,84,58,63,90,72,61,39,78
zero,1537,3226,32,32,0,0,0,70.19,68.615,0,0.0,unknown,regular,70,29,58,68,67,65,60,67,81,66,90,77,90,80,73,71,63,79,83,57,61,89,70,59,35,76
low,1538,3226,34,34,12,1,1,71.274,69.846,0,-0.3502,unknown,regular,72,30,59,68,68,65,61,68,82,67,90,78,91,81,75,71,65,81,85,59,62,89,72,61,39,77
medium,1539,3226,34,34,26,6,5,70.813,69.269,0,-0.3785,unknown,regular,70,29,59,68,68,66,61,68,82,67,91,78,91,80,73,72,63,79,83,57,63,90,70,59,37,77
great,1540,3226,34,34,35,15,15,73.89,72.192,-24,-1.4193,unknown,regular,74,33,62,71,70,68,64,71,85,70,93,81,94,84,77,73,67,83,87,61,65,92,74,63,35,80
starter,1541,3226,33,33,34,2,4,75.325,73.654,0,0.0,unknown,regular,75,34,63,75,71,69,65,72,86,71,94,82,95,85,78,80,68,84,88,62,66,93,75,65,38,81
bench,1542,3226,32,32,8,0,0,75.169,73.654,0,0.0,unknown,regular,76,34,63,74,71,69,65,72,86,71,94,82,95,85,79,74,68,84,88,63,66,93,76,65,41,81
zero,1543,3226,33,33,0,0,0,72.686,71.192,0,0.0,unknown,regular,73,32,61,69,69,67,62,70,84,68,92,79,93,82,76,73,66,82,86,60,64,91,73,62,39,78
low,1544,3226,34,34,12,1,1,67.334,65.962,-4,-0.6831,decliner,regular,67,24,57,63,65,63,59,66,78,65,85,76,86,78,69,68,59,74,79,54,60,84,67,57,38,74
medium,1545,3226,32,32,26,6,5,74.929,73.538,0,0.0,unknown,sharpie,75,33,59,67,68,66,65,72,86,71,94,82,95,85,83,80,74,89,88,62,63,93,75,64,42,81
great,1546,3226,33,33,35,15,15,76.111,74.192,0,0.0,unknown,genetic_freak,75,33,73,79,79,78,65,72,86,71,94,82,95,85,74,71,64,80,88,62,75,93,75,64,35,81
starter,1547,3226,32,32,34,2,4,70.44,68.923,0,0.0,unknown,regular,71,30,58,68,67,64,60,67,81,66,89,77,90,80,74,71,64,80,84,58,61,89,71,60,36,76
bench,1548,3226,34,34,8,0,0,73.273,71.808,-24,-1.0067,unknown,regular,73,33,61,73,70,68,63,70,85,69,92,80,93,83,76,73,66,82,86,60,64,92,73,62,41,79
zero,1549,3226,33,33,0,0,0,73.698,72.115,0,0.0,unknown,regular,74,32,62,69,70,68,64,71,85,70,93,81,94,84,76,74,67,82,86,61,65,92,74,63,38,80
low,1550,3226,33,33,12,1,1,74.196,72.654,0,0.0,unknown,regular,74,33,62,74,71,69,64,71,85,70,93,81,94,84,77,74,67,83,87,61,65,93,74,63,40,80
medium,1551,3226,33,33,26,6,5,82.808,81.0,0,0.0,unknown,regular,82,47,76,81,81,80,74,82,91,79,97,88,98,90,85,84,77,90,93,72,78,96,83,74,41,87
great,1552,3226,34,34,35,15,15,74.592,73.115,-24,-1.5833,unknown,regular,75,34,62,75,70,68,64,71,85,70,93,81,94,84,77,79,67,84,88,62,65,92,75,64,42,80
starter,1553,3226,33,33,34,2,4,73.882,72.192,0,0.0,unknown,regular,74,32,62,72,71,68,64,71,85,70,93,81,94,84,76,74,66,82,86,61,65,93,74,63,36,80
bench,1554,3226,33,33,8,0,0,69.788,68.308,0,0.0,unknown,regular,69,26,59,66,67,65,60,68,82,66,90,77,91,80,71,70,62,77,82,56,62,89,69,58,38,76
zero,1555,3226,32,32,0,0,0,72.803,71.308,0,0.0,unknown,regular,73,31,61,68,69,67,63,70,84,69,92,80,93,83,76,72,66,82,86,60,64,91,73,63,39,79
low,1556,3226,34,34,12,1,1,73.365,72.0,-20,-0.8621,unknown,regular,74,34,61,68,69,67,64,70,84,69,92,80,93,83,77,73,68,83,87,62,64,91,74,64,42,79
medium,1557,3226,33,33,26,6,5,73.756,72.038,0,0.0,unknown,regular,74,31,62,70,71,68,64,71,85,70,93,81,94,84,76,74,66,82,86,61,65,93,74,63,35,80
great,1558,3226,34,34,35,15,15,73.98,72.385,-24,-1.4824,unknown,regular,74,33,62,73,70,68,64,71,85,70,93,81,94,84,77,73,67,83,87,61,65,92,74,63,38,80
starter,1559,3226,33,33,34,2,4,73.346,71.808,0,0.0,regular,regular,73,32,62,69,70,68,63,71,85,69,93,80,94,83,76,74,66,82,86,60,65,92,73,63,39,79
bench,1560,3226,33,33,8,0,0,66.906,65.538,-10,-0.7946,decliner,regular,68,26,56,61,64,62,58,65,77,64,85,73,86,76,70,65,61,76,78,55,59,84,69,58,36,72
zero,1561,3226,33,33,0,0,0,72.756,71.346,0,0.0,unknown,regular,73,30,61,69,70,67,63,70,84,69,92,80,93,83,75,73,65,81,85,60,64,92,73,62,42,79
low,1562,3226,34,34,12,1,1,68.504,67.115,-24,-1.2329,early_peak,regular,70,30,57,64,65,63,59,66,77,65,84,75,85,78,73,69,63,79,83,57,60,83,70,59,36,75
medium,1563,3226,32,32,26,6,5,84.823,83.0,0,0.0,unknown,regular,85,58,77,82,82,81,78,83,93,82,98,90,98,92,86,85,79,91,94,76,79,97,85,77,41,89
great,1564,3226,33,33,35,15,15,76.934,75.231,0,0.0,unknown,regular,76,34,63,76,77,76,65,78,90,71,95,82,95,85,79,80,69,84,89,63,73,94,76,65,40,81
starter,1565,3226,34,34,34,2,4,73.486,72.115,-17,-0.8171,unknown,regular,74,34,62,68,69,67,64,70,84,69,92,80,93,83,77,73,68,83,87,62,65,91,75,64,42,79
bench,1566,3226,32,32,8,0,0,70.816,69.269,0,0.0,unknown,regular,71,30,59,68,68,65,60,68,82,66,90,77,91,80,74,71,64,80,84,58,62,90,71,60,36,76
zero,1567,3226,34,34,0,0,0,67.365,65.923,0,-0.1839,unknown,regular,68,26,55,66,64,61,57,64,78,63,86,74,87,77,71,67,61,77,81,55,58,85,68,57,35,73
low,1568,3226,32,32,12,1,1,74.955,73.269,0,0.0,unknown,regular,75,33,63,75,71,69,65,72,86,71,94,82,95,85,78,74,68,83,88,62,66,93,75,64,37,81
medium,1569,3226,33,33,26,6,5,75.408,73.731,0,0.0,unknown,regular,75,34,63,76,71,69,65,72,86,71,94,82,95,85,78,80,68,84,88,63,66,93,75,65,38,81
great,1570,3226,32,32,35,15,15,79.691,77.731,0,0.0,unknown,jokester,76,35,71,77,78,76,73,79,91,78,95,87,96,89,79,81,69,85,89,71,74,95,82,73,36,86
starter,1571,3226,33,33,34,2,4,75.208,73.462,0,0.0,unknown,regular,75,33,63,75,71,69,65,72,86,71,94,82,95,85,78,79,68,84,88,62,66,93,75,64,36,81
bench,1572,3226,34,34,8,0,0,72.775,71.154,-21,-0.897,unknown,regular,73,31,61,68,69,67,63,70,84,69,92,80,93,83,75,73,66,81,85,61,64,91,73,63,36,79
zero,1573,3226,33,33,0,0,0,69.317,68.038,0,0.0,unknown,sharpie,68,25,53,59,61,59,60,68,81,65,90,76,90,79,80,75,70,86,81,56,56,89,69,59,39,75
low,1574,3226,33,33,12,1,1,72.836,71.385,0,0.0,unknown,regular,73,30,62,68,70,67,63,71,84,69,92,80,93,83,75,73,65,81,85,60,65,92,73,62,41,79
medium,1575,3226,32,32,26,6,5,71.231,69.731,0,0.0,unknown,regular,72,30,59,68,67,65,61,68,82,67,90,78,91,81,75,71,65,81,85,59,62,89,72,61,37,77
great,1576,3226,33,33,35,15,15,81.53,79.731,0,0.0,unknown,regular,82,46,72,79,79,77,73,79,91,78,96,87,96,90,85,82,76,90,93,71,74,96,82,73,39,87
starter,1577,3226,34,34,34,2,4,78.554,76.731,-50,-2.7601,unknown,regular,74,34,71,77,78,76,72,78,89,77,94,86,94,88,77,80,67,83,87,70,73,93,81,72,39,85
bench,1578,3226,33,33,8,0,0,74.654,73.154,0,0.0,unknown,regular,75,34,63,74,71,69,64,72,86,70,93,81,94,84,78,74,68,84,88,62,65,93,75,64,41,80
zero,1579,3226,34,34,0,0,0,73.366,71.923,-17,-0.8879,unknown,sharpie,73,32,59,65,67,65,63,70,84,69,92,80,93,83,82,79,73,88,85,61,62,91,73,63,39,79
low,1580,3226,34,34,12,1,1,73.337,71.654,-24,-1.1355,unknown,regular,73,32,62,69,70,68,63,71,85,69,93,80,93,83,76,73,66,82,86,61,65,92,74,63,35,79
medium,1581,3226,33,33,26,6,5,74.716,73.0,0,0.0,unknown,regular,75,33,63,74,71,69,65,72,86,70,94,82,95,84,77,74,68,83,87,62,66,93,75,64,36,80
great,1582,3226,34,34,35,15,15,74.393,72.731,-24,-1.606,unknown,regular,74,34,62,74,70,68,64,71,85,70,93,81,94,84,77,78,67,83,87,62,65,92,75,64,37,80
starter,1583,3226,32,32,34,2,4,73.26,71.769,0,0.0,unknown,regular,73,31,62,68,70,68,63,71,85,69,93,80,94,83,76,73,66,82,86,60,65,92,74,63,40,79
bench,1584,3226,34,34,8,0,0,70.983,69.577,0,-0.2094,unknown,regular,70,27,60,67,68,66,61,69,83,67,91,78,92,81,73,72,63,78,83,58,63,90,71,60,41,77
zero,1585,3226,34,34,0,0,0,73.39,71.962,-5,-0.6721,unknown,regular,74,33,62,69,70,68,63,71,84,69,92,80,93,82,77,73,67,83,87,61,65,91,74,63,41,79
low,1586,3226,32,32,12,1,1,73.624,72.038,0,0.0,unknown,regular,73,32,62,69,70,68,64,71,85,70,93,81,94,84,76,74,66,82,86,61,65,92,74,63,38,80
medium,1587,3226,32,32,26,6,5,83.138,81.192,0,0.0,unknown,regular,83,57,75,80,81,79,76,82,91,79,97,88,97,90,85,83,77,90,93,73,77,96,83,75,36,88
great,1588,3226,33,33,35,15,15,73.221,71.769,0,0.0,unknown,regular,74,33,61,69,69,67,63,70,84,69,92,80,93,83,77,73,67,83,87,61,64,91,74,63,40,79
starter,1589,3226,33,33,34,2,4,80.834,79.038,0,0.0,unknown,regular,82,35,73,77,78,77,74,79,91,78,96,87,97,90,84,81,76,85,93,71,75,95,82,73,40,86
bench,1590,3226,33,33,8,0,0,74.601,73.0,0,0.0,unknown,regular,74,33,63,74,71,69,65,72,86,70,94,81,95,84,77,74,67,83,87,62,66,93,75,64,39,80
zero,1591,3226,34,34,0,0,0,71.134,69.577,0,-0.4609,unknown,regular,70,29,60,68,68,66,61,69,83,67,91,78,92,81,73,72,63,79,83,58,63,90,71,60,37,77
low,1592,3226,34,34,12,1,1,73.648,72.269,-13,-0.7966,unknown,regular,75,34,62,68,69,68,64,71,84,70,92,80,93,83,77,73,68,83,87,62,65,91,75,64,42,79
medium,1593,3226,32,32,26,6,5,74.883,73.154,1,0.6279,late_bloomer,regular,75,34,63,71,71,69,65,72,86,71,94,82,95,85,78,74,68,84,88,62,66,93,75,65,35,81
great,1594,3226,34,34,35,15,15,75.992,74.192,-45,-2.4696,unknown,regular,74,34,69,75,76,74,65,77,89,69,94,80,94,83,77,79,68,83,87,62,72,94,74,64,37,79
starter,1595,3226,34,34,34,2,4,72.81,71.346,-17,-0.8266,unknown,regular,73,32,62,68,69,67,64,70,84,69,92,79,93,83,76,73,66,81,85,60,64,91,73,63,40,78
bench,1596,3226,34,34,8,0,0,70.112,68.731,0,-0.1799,unknown,regular,69,27,59,67,68,65,60,68,82,66,90,77,91,80,72,72,62,77,81,57,62,89,70,59,41,76
zero,1597,3226,34,34,0,0,0,73.298,71.885,0,-0.3384,unknown,regular,73,31,62,68,70,68,63,71,85,69,93,80,94,83,76,73,66,82,86,61,65,92,74,63,42,79
low,1598,3226,33,33,12,1,1,74.842,73.192,0,0.0,unknown,regular,75,33,63,75,71,69,65,72,86,71,94,82,95,85,77,74,68,83,87,62,66,93,75,64,38,80
medium,1599,3226,34,34,26,6,5,60.75,59.654,-24,-1.5333,decliner,regular,61,27,48,58,56,54,51,57,71,56,79,67,80,70,64,60,54,70,74,51,51,78,61,51,36,66
great,1600,3226,33,33,35,15,15,82.614,80.846,0,0.0,unknown,regular,83,47,74,79,80,79,76,81,91,80,96,88,97,90,85,83,77,90,93,74,77,96,83,75,41,87
zero,1601,3226,35,35,0,0,0,73.221,71.808,0,-0.5112,unknown,regular,74,33,61,69,69,67,63,70,84,69,92,80,93,83,77,73,67,83,87,61,64,91,74,63,41,79
low,1602,3226,35,35,12,1,1,68.578,67.115,0,-0.2473,unknown,regular,69,27,56,67,66,63,58,65,79,64,87,75,88,78,72,70,62,78,82,56,59,87,69,58,36,74
medium,1603,3226,35,35,26,6,5,73.055,71.385,-24,-1.3205,unknown,regular,73,33,61,70,69,67,63,70,84,69,92,80,93,83,76,75,66,82,86,60,64,91,73,62,35,79
great,1604,3226,33,33,35,15,15,75.29,73.538,0,0.0,unknown,regular,75,33,63,75,71,69,65,72,86,71,94,82,95,85,78,80,68,84,88,62,66,93,75,65,36,81
starter,1605,3226,33,33,34,2,4,73.306,71.808,0,0.0,unknown,regular,74,33,61,69,70,67,63,70,84,69,92,80,93,83,77,73,67,83,87,61,64,92,74,63,39,79
bench,1606,3226,35,35,8,0,0,72.262,70.731,-11,-0.7728,unknown,regular,73,31,62,67,69,68,63,71,83,69,91,78,92,81,75,72,66,79,83,60,65,90,73,63,38,77
zero,1607,3226,33,33,0,0,0,72.524,70.885,0,0.0,unknown,regular,72,30,61,69,70,67,63,70,84,69,92,79,93,82,75,73,65,80,85,59,64,92,73,62,36,78
low,1608,3226,34,34,12,1,1,73.95,72.423,-24,-1.2979,unknown,regular,74,33,62,74,70,68,64,71,85,70,93,81,94,84,77,73,67,82,87,61,65,92,74,63,40,79
medium,1609,3226,35,35,26,6,5,73.015,71.615,-24,-1.2378,unknown,regular,73,34,61,73,69,67,63,70,84,69,92,80,93,82,76,72,66,82,86,60,64,91,73,62,42,78
great,1610,3226,33,33,35,15,15,79.41,77.615,0,0.0,unknown,regular,76,35,71,77,78,76,72,78,90,77,96,87,97,89,79,80,69,85,89,70,73,95,81,72,40,86
starter,1611,3226,35,35,34,2,4,72.045,70.577,-13,-0.7479,unknown,sharpie,73,30,57,63,65,63,63,70,83,69,91,79,91,81,80,77,70,86,84,60,60,90,73,62,37,78
bench,1612,3226,35,35,8,0,0,72.539,70.885,-24,-1.1706,unknown,regular,72,33,61,70,69,67,62,70,84,68,92,79,93,82,75,72,65,81,85,60,64,91,73,62,35,78
zero,1613,3226,33,33,0,0,0,70.155,68.692,0,0.0,unknown,regular,69,26,59,67,68,66,60,68,82,66,90,77,91,80,72,71,62,77,82,57,62,90,70,59,39,76
low,1614,3226,34,34,12,1,1,72.988,71.462,-21,-0.9093,unknown,regular,73,32,61,71,70,67,63,70,84,69,92,80,93,83,75,73,66,81,85,61,64,91,73,63,39,79
medium,1615,3226,34,34,26,6,5,72.583,71.115,0,-0.3631,unknown,regular,73,30,61,68,69,67,63,70,84,69,92,80,93,83,75,72,65,81,85,60,64,91,73,62,40,79
great,1616,3226,33,33,35,15,15,73.006,71.346,0,0.0,unknown,regular,73,30,62,69,70,68,63,71,85,69,93,80,93,83,75,73,65,81,85,60,65,92,73,62,36,79
starter,1617,3226,34,34,34,2,4,74.114,72.654,-25,-1.3299,unknown,sharpie,74,33,59,65,67,65,64,71,85,70,93,81,94,84,83,80,75,88,87,61,62,92,74,63,39,80
bench,1618,3226,33,33,8,0,0,74.211,72.731,0,0.0,unknown,sharpie,74,33,60,67,68,66,64,71,85,69,93,80,94,83,83,80,74,89,87,61,63,92,74,63,39,79
zero,1619,3226,33,33,0,0,0,72.352,70.885,0,0.0,unknown,regular,72,30,61,68,69,67,63,70,84,68,92,79,93,82,75,73,65,81,85,59,64,91,72,62,40,78
low,1620,3226,34,34,12,1,1,75.699,74.154,-24,-1.3452,unknown,regular,75,35,68,74,76,68,64,76,85,70,94,81,95,84,78,78,68,84,88,62,71,93,75,64,42,80
medium,1621,3226,33,33,26,6,5,84.371,82.615,0,0.0,unknown,regular,85,58,76,81,82,80,77,82,92,82,98,89,98,92,86,84,79,90,94,75,78,97,85,77,42,89
great,1622,3226,35,35,35,15,15,74.844,73.269,-32,-2.0808,unknown,regular,74,33,69,73,75,75,63,76,86,69,91,78,92,82,77,77,67,83,86,61,71,91,74,63,41,78
starter,1623,3226,33,33,34,2,4,78.855,77.0,0,0.0,unknown,regular,76,34,70,76,77,76,72,78,90,77,95,87,96,89,79,80,69,85,89,63,73,94,81,72,38,86
bench,1624,3226,34,34,8,0,0,73.497,72.038,0,-0.4248,regular,regular,74,31,62,68,70,68,64,71,85,70,93,81,94,83,76,73,66,82,86,61,65,92,74,63,41,80
zero,1625,3226,34,34,0,0,0,73.192,71.538,-23,-0.9994,unknown,regular,73,32,61,73,70,67,63,70,84,69,92,80,93,83,76,73,66,82,86,61,64,92,73,62,36,79
low,1626,3226,35,35,12,1,1,72.654,71.077,-24,-1.2845,unknown,regular,73,33,61,70,69,67,63,70,84,68,92,79,93,82,75,72,66,81,85,60,64,91,73,62,37,78
medium,1627,3226,34,34,26,6,5,81.016,79.308,-53,-3.0572,unknown,regular,81,54,73,78,79,77,73,79,88,78,94,86,95,89,83,81,75,88,91,72,75,94,81,73,40,85
great,1628,3226,35,35,35,15,15,73.061,71.577,-24,-1.2575,unknown,regular,73,33,61,73,69,67,63,70,84,69,92,80,93,83,76,72,66,82,86,60,64,91,73,62,40,79
starter,1629,3226,33,33,34,2,4,78.327,76.346,0,0.0,unknown,regular,76,35,71,78,78,76,65,79,91,71,95,87,96,90,79,81,69,85,89,63,74,95,76,65,35,86
bench,1630,3226,34,34,8,0,0,73.873,72.308,-24,-1.2645,unknown,regular,74,33,62,74,70,68,64,71,85,70,93,81,94,83,76,73,67,82,87,61,65,92,74,63,39,79
zero,1631,3226,33,33,0,0,0,69.085,67.577,0,0.0,unknown,regular,70,28,57,66,65,63,59,66,80,65,88,76,89,79,72,69,62,78,82,57,60,87,70,59,35,75
low,1632,3226,34,34,12,1,1,70.86,69.346,0,-0.3851,unknown,regular,71,30,59,68,68,65,60,68,82,66,90,77,91,80,74,72,64,80,84,58,62,90,71,60,37,76
medium,1633,3226,34,34,26,6,5,79.029,77.346,-50,-2.837,unknown,sharpie,81,46,61,68,70,68,73,78,89,77,94,86,94,88,86,86,82,90,91,70,65,94,81,72,36,85
great,1634,3226,34,34,35,15,15,78.37,76.615,-43,-2.2323,unknown,regular,80,34,70,75,76,75,72,77,88,76,93,85,94,88,78,79,68,83,91,70,72,93,80,72,39,84
starter,1635,3226,35,35,34,2,4,74.131,72.423,-32,-2.0286,unknown,regular,74,32,68,72,74,72,63,75,86,69,90,79,91,81,77,76,67,83,87,61,64,91,74,63,36,78
bench,1636,3226,34,34,8,0,0,71.471,70.0,0,-0.271,unknown,regular,71,29,60,67,68,66,62,69,83,68,91,79,92,82,74,71,64,79,84,58,63,90,72,61,39,78
zero,1637,3226,33,33,0,0,0,70.19,68.615,0,0.0,unknown,regular,70,29,58,68,67,65,60,67,81,66,90,77,90,80,73,71,63,79,83,57,61,89,70,59,35,76
low,1638,3226,35,35,12,1,1,71.274,69.846,0,-0.3584,unknown,regular,72,30,59,68,68,65,61,68,82,67,90,78,91,81,75,71,65,81,85,59,62,89,72,61,39,77
medium,1639,3226,35,35,26,6,5,70.813,69.269,0,-0.4199,unknown,regular,70,29,59,68,68,66,61,68,82,67,91,78,91,80,73,72,63,79,83,57,63,90,70,59,37,77
great,1640,3226,35,35,35,15,15,72.925,71.269,-24,-1.3523,unknown,regular,73,33,61,70,69,67,63,70,84,69,92,80,93,83,76,72,66,82,86,60,64,91,73,62,35,79
starter,1641,3226,34,34,34,2,4,74.36,72.731,-24,-1.6226,unknown,regular,74,34,62,74,70,68,64,71,85,70,93,81,94,84,77,79,67,83,87,61,65,92,74,64,38,80
bench,1642,3226,33,33,8,0,0,75.169,73.654,0,0.0,unknown,regular,76,34,63,74,71,69,65,72,86,71,94,82,95,85,79,74,68,84,88,63,66,93,76,65,41,81
zero,1643,3226,34,34,0,0,0,72.686,71.192,0,-0.5057,unknown,regular,73,32,61,69,69,67,62,70,84,68,92,79,93,82,76,73,66,82,86,60,64,91,73,62,39,78
low,1644,3226,35,35,12,1,1,67.127,65.769,-5,-0.6969,decliner,regular,67,24,57,63,65,63,59,66,77,65,84,76,85,77,69,68,59,74,79,54,60,83,67,57,38,74
medium,1645,3226,33,33,26,6,5,74.929,73.538,0,0.0,unknown,sharpie,75,33,59,67,68,66,65,72,86,71,94,82,95,85,83,80,74,89,88,62,63,93,75,64,42,81
great,1646,3226,34,34,35,15,15,75.058,73.192,-26,-1.3792,unknown,genetic_freak,74,33,72,77,77,77,64,71,85,70,93,81,94,84,73,70,63,79,87,61,74,92,74,63,35,80
starter,1647,3226,33,33,34,2,4,70.44,68.923,0,0.0,unknown,regular,71,30,58,68,67,64,60,67,81,66,89,77,90,80,74,71,64,80,84,58,61,89,71,60,36,76
bench,1648,3226,35,35,8,0,0,72.308,70.885,-24,-1.0079,unknown,regular,72,33,60,72,69,67,62,69,84,68,91,79,92,82,75,72,65,81,85,59,63,91,72,61,41,78
zero,1649,3226,34,34,0,0,0,72.888,71.346,-20,-0.8559,unknown,regular,73,32,62,68,69,67,63,70,84,69,92,80,93,83,75,73,67,81,85,61,64,91,73,63,38,79
low,1650,3226,34,34,12,1,1,73.231,71.731,-24,-0.9698,unknown,regular,73,33,61,73,70,68,63,70,84,69,92,80,93,83,76,73,66,82,86,60,64,92,73,62,40,79
medium,1651,3226,34,34,26,6,5,80.802,79.077,-50,-2.7169,unknown,regular,80,46,74,79,79,78,72,80,89,77,95,86,95,88,83,82,75,88,91,70,76,94,81,72,41,85
great,1652,3226,35,35,35,15,15,73.501,72.077,-27,-1.7848,unknown,regular,74,34,61,74,69,67,63,70,84,69,91,80,92,83,76,78,66,83,87,61,64,90,74,63,42,79
starter,1653,3226,34,34,34,2,4,72.917,71.269,-24,-1.0352,unknown,regular,73,32,61,71,70,67,63,70,84,69,92,80,93,83,75,73,65,81,85,60,64,92,73,62,36,79
bench,1654,3226,34,34,8,0,0,69.788,68.308,0,-0.1879,unknown,regular,69,26,59,66,67,65,60,68,82,66,90,77,91,80,71,70,62,77,82,56,62,89,69,58,38,76
zero,1655,3226,33,33,0,0,0,72.803,71.308,0,0.0,unknown,regular,73,31,61,68,69,67,63,70,84,69,92,80,93,83,76,72,66,82,86,60,64,91,73,63,39,79
low,1656,3226,35,35,12,1,1,72.555,71.231,-20,-0.8711,unknown,regular,73,34,60,67,68,66,63,69,83,68,91,79,92,82,76,72,68,82,86,62,64,90,73,64,42,78
medium,1657,3226,34,34,26,6,5,72.905,71.231,-21,-0.8874,unknown,regular,73,31,61,69,70,67,63,70,84,69,92,80,93,83,75,73,66,81,85,61,64,92,73,63,35,79
great,1658,3226,35,35,35,15,15,73.015,71.462,-24,-1.4921,unknown,regular,73,33,61,72,69,67,63,70,84,69,92,80,93,83,76,72,66,82,86,60,64,91,73,62,38,79
starter,1659,3226,34,34,34,2,4,73.055,71.538,-7,-0.7267,regular,regular,73,32,62,69,70,68,63,71,84,69,92,80,93,82,76,73,66,82,86,60,65,91,73,63,39,78
bench,1660,3226,34,34,8,0,0,66.617,65.269,-7,-0.7923,decliner,regular,68,26,56,60,64,62,58,65,76,64,84,73,85,75,70,65,61,75,78,55,59,83,69,58,36,72
zero,1661,3226,34,34,0,0,0,72.756,71.346,0,-0.2543,unknown,regular,73,30,61,69,70,67,63,70,84,69,92,80,93,83,75,73,65,81,85,60,64,92,73,62,42,79
low,1662,3226,35,35,12,1,1,67.539,66.192,-24,-1.2176,early_peak,regular,69,30,56,63,64,62,58,65,76,64,83,74,84,77,72,68,62,78,82,56,59,82,69,58,36,74
medium,1663,3226,33,33,26,6,5,84.823,83.0,0,0.0,unknown,regular,85,58,77,82,82,81,78,83,93,82,98,90,98,92,86,85,79,91,94,76,79,97,85,77,41,89
great,1664,3226,34,34,35,15,15,75.885,74.231,-26,-1.7407,unknown,regular,75,34,62,75,76,75,64,77,89,70,93,81,94,84,78,79,68,83,88,62,72,92,75,64,40,80
starter,1665,3226,35,35,34,2,4,72.999,71.654,-12,-0.7812,unknown,regular,74,34,62,67,69,67,64,70,83,69,91,79,92,82,77,72,68,82,86,62,65,90,74,64,42,78
bench,1666,3226,33,33,8,0,0,70.816,69.269,0,0.0,unknown,regular,71,30,59,68,68,65,60,68,82,66,90,77,91,80,74,71,64,80,84,58,62,90,71,60,36,76
zero,1667,3226,35,35,0,0,0,67.365,65.923,0,-0.1839,unknown,regular,68,26,55,66,64,61,57,64,78,63,86,74,87,77,71,67,61,77,81,55,58,85,68,57,35,73
low,1668,3226,33,33,12,1,1,74.955,73.269,0,0.0,unknown,regular,75,33,63,75,71,69,65,72,86,71,94,82,95,85,78,74,68,83,88,62,66,93,75,64,37,81
medium,1669,3226,34,34,26,6,5,74.443,72.808,-24,-1.6369,unknown,regular,74,34,62,75,70,68,64,71,85,70,93,81,94,84,77,79,67,83,87,62,65,92,74,64,38,80
great,1670,3226,33,33,35,15,15,79.691,77.731,0,0.0,unknown,jokester,76,35,71,77,78,76,73,79,91,78,95,87,96,89,79,81,69,85,89,71,74,95,82,73,36,86
starter,1671,3226,34,34,34,2,4,74.243,72.538,-24,-1.4403,unknown,regular,74,33,62,74,70,68,64,71,85,70,93,81,94,84,77,78,67,83,87,61,65,92,74,63,36,80
bench,1672,3226,35,35,8,0,0,71.923,70.346,-21,-0.8979,unknown,regular,72,31,60,67,68,66,62,69,83,68,91,79,92,82,74,72,66,80,84,61,63,90,72,63,36,78
zero,1673,3226,34,34,0,0,0,69.317,68.038,0,-0.1327,unknown,sharpie,68,25,53,59,61,59,60,68,81,65,90,76,90,79,80,75,70,86,81,56,56,89,69,59,39,75
low,1674,3226,34,34,12,1,1,72.836,71.385,0,-0.3369,unknown,regular,73,30,62,68,70,67,63,71,84,69,92,80,93,83,75,73,65,81,85,60,65,92,73,62,41,79
medium,1675,3226,33,33,26,6,5,71.231,69.731,0,0.0,unknown,regular,72,30,59,68,67,65,61,68,82,67,90,78,91,81,75,71,65,81,85,59,62,89,72,61,37,77
great,1676,3226,34,34,35,15,15,79.682,77.962,-46,-2.3659,unknown,regular,80,45,70,77,77,75,72,77,89,76,94,85,94,88,83,80,74,88,91,70,72,94,80,72,39,85
starter,1677,3226,35,35,34,2,4,76.589,74.846,-49,-2.7764,unknown,regular,72,33,69,75,76,74,70,76,87,75,92,84,92,86,75,78,65,81,85,68,71,91,79,70,39,83
bench,1678,3226,34,34,8,0,0,73.689,72.231,-24,-1.0254,unknown,regular,74,34,62,73,70,68,63,71,85,69,92,80,93,83,77,73,67,83,87,61,64,92,74,63,41,79
zero,1679,3226,35,35,0,0,0,72.732,71.308,-16,-0.8879,unknown,sharpie,72,32,59,65,67,65,63,69,83,68,91,79,92,82,81,78,72,87,84,61,62,90,72,63,39,78
low,1680,3226,35,35,12,1,1,72.372,70.731,-24,-1.1208,unknown,regular,72,32,61,68,69,67,62,70,84,68,92,79,92,82,75,72,65,81,85,60,64,91,73,62,35,78
medium,1681,3226,34,34,26,6,5,73.75,72.077,-24,-1.3514,unknown,regular,74,33,62,73,70,68,64,71,85,69,93,81,94,83,76,73,67,82,86,61,65,92,74,63,36,79
great,1682,3226,35,35,35,15,15,73.302,71.692,-27,-1.8132,unknown,regular,73,34,61,73,69,67,63,70,84,69,91,80,92,83,76,77,66,82,86,61,64,90,74,63,37,79
starter,1683,3226,33,33,34,2,4,73.26,71.769,0,0.0,unknown,regular,73,31,62,68,70,68,63,71,85,69,93,80,94,83,76,73,66,82,86,60,65,92,74,63,40,79
bench,1684,3226,35,35,8,0,0,70.983,69.577,0,-0.2092,unknown,regular,70,27,60,67,68,66,61,69,83,67,91,78,92,81,73,72,63,78,83,58,63,90,71,60,41,77
zero,1685,3226,35,35,0,0,0,73.223,71.808,-4,-0.6721,unknown,regular,74,33,62,69,70,68,63,71,83,69,91,80,92,82,77,73,67,83,87,61,65,90,74,63,41,79
low,1686,3226,33,33,12,1,1,73.624,72.038,0,0.0,unknown,regular,73,32,62,69,70,68,64,71,85,70,93,81,94,84,76,74,66,82,86,61,65,92,74,63,38,80
medium,1687,3226,33,33,26,6,5,83.138,81.192,0,0.0,unknown,regular,83,57,75,80,81,79,76,82,91,79,97,88,97,90,85,83,77,90,93,73,77,96,83,75,36,88
great,1688,3226,34,34,35,15,15,73.221,71.769,0,-0.4895,unknown,regular,74,33,61,69,69,67,63,70,84,69,92,80,93,83,77,73,67,83,87,61,64,91,74,63,40,79
starter,1689,3226,34,34,34,2,4,78.983,77.269,-46,-2.3474,unknown,regular,80,34,71,75,76,75,72,77,89,76,94,85,95,88,82,79,75,83,91,70,73,93,80,72,40,84
bench,1690,3226,34,34,8,0,0,73.636,72.077,-24,-1.1853,unknown,regular,73,33,62,73,70,68,64,71,85,69,93,80,94,83,76,73,66,82,86,61,65,92,74,63,39,79
zero,1691,3226,35,35,0,0,0,71.134,69.577,0,-0.4609,unknown,regular,70,29,60,68,68,66,61,69,83,67,91,78,92,81,73,72,63,79,83,58,63,90,71,60,37,77
low,1692,3226,35,35,12,1,1,73.031,71.692,-15,-0.8138,unknown,regular,75,34,62,67,68,67,64,70,83,70,91,79,92,82,77,72,68,82,86,62,64,90,75,64,42,78
medium,1693,3226,33,33,26,6,5,74.928,73.192,1,0.6668,late_bloomer,regular,75,34,63,72,71,69,65,72,86,71,94,82,95,85,78,74,68,84,88,62,66,93,75,65,35,81
great,1694,3226,35,35,35,15,15,74.38,72.654,-40,-2.3714,unknown,regular,72,33,68,73,74,72,64,75,87,68,92,78,92,81,76,77,67,81,85,61,71,92,73,63,37,77
starter,1695,3226,35,35,34,2,4,72.041,70.615,-19,-0.829,unknown,regular,72,32,62,67,68,66,64,69,83,68,91,78,92,82,75,72,66,80,84,60,63,90,72,63,40,77
bench,1696,3226,35,35,8,0,0,70.112,68.731,0,-0.1807,unknown,regular,69,27,59,67,68,65,60,68,82,66,90,77,91,80,72,72,62,77,81,57,62,89,70,59,41,76
zero,1697,3226,35,35,0,0,0,73.298,71.885,0,-0.3384,unknown,regular,73,31,62,68,70,68,63,71,85,69,93,80,94,83,76,73,66,82,86,61,65,92,74,63,42,79
low,1698,3226,34,34,12,1,1,73.877,72.269,-24,-1.3045,unknown,regular,74,33,62,74,70,68,64,71,85,70,93,81,94,84,76,73,67,82,86,61,65,92,74,63,38,79
medium,1699,3226,35,35,26,6,5,59.785,58.731,-24,-1.4801,decliner,regular,60,27,47,57,55,53,50,56,70,55,78,66,79,69,63,59,53,69,73,50,50,77,60,50,36,65
great,1700,3226,34,34,35,15,15,80.649,78.962,-49,-2.5204,unknown,regular,81,46,72,77,78,77,74,79,89,78,94,86,95,88,83,81,75,88,91,72,75,94,81,73,41,85
great,1701,3226,34,34,35,15,15,74.325,72.615,-24,-1.5378,unknown,regular,74,33,62,74,70,68,64,71,85,70,93,81,94,84,77,79,67,83,87,61,65,92,74,64,36,80
starter,1702,3226,34,34,34,2,4,73.222,71.731,-2,-0.6162,unknown,regular,74,33,61,69,70,67,63,70,84,69,92,80,92,83,77,73,67,83,87,61,64,91,74,63,39,79
zero,1703,3226,34,34,0,0,0,72.399,70.769,-3,-0.6218,unknown,regular,72,30,61,69,70,67,63,70,84,69,91,79,92,82,75,73,65,80,85,59,64,91,73,62,36,78
low,1704,3226,35,35,12,1,1,72.985,71.5,-24,-1.2814,unknown,regular,73,33,61,73,69,67,63,70,84,69,92,80,93,83,76,72,66,81,86,60,64,91,73,62,40,78
great,1705,3226,34,34,35,15,15,78.117,76.385,-32,-1.9443,unknown,regular,75,34,70,75,77,75,71,77,88,76,94,85,95,87,78,79,68,84,88,69,72,93,80,71,40,85
zero,1706,3226,34,34,0,0,0,70.155,68.692,0,-0.1473,unknown,regular,69,26,59,67,68,66,60,68,82,66,90,77,91,80,72,71,62,77,82,57,62,90,70,59,39,76
low,1707,3226,35,35,12,1,1,72.179,70.692,-20,-0.9178,unknown,regular,72,32,61,70,69,66,62,69,83,68,91,79,92,82,74,72,66,80,84,61,63,90,72,63,39,78
medium,1708,3226,35,35,26,6,5,72.583,71.115,0,-0.3483,unknown,regular,73,30,61,68,69,67,63,70,84,69,92,80,93,83,75,72,65,81,85,60,64,91,73,62,40,79
great,1709,3226,34,34,35,15,15,72.588,70.962,-10,-0.7419,unknown,regular,73,30,62,68,69,68,63,71,84,69,92,79,92,82,75,72,65,81,85,60,65,91,73,62,36,78
starter,1710,3226,35,35,34,2,4,73.069,71.654,-26,-1.4419,unknown,sharpie,73,33,58,64,66,64,63,70,84,69,92,80,93,83,81,78,74,87,86,60,61,91,73,62,39,79
bench,1711,3226,34,34,8,0,0,73.692,72.231,-13,-0.8089,unknown,sharpie,74,33,60,67,68,66,64,70,84,69,92,79,93,82,82,79,73,88,86,61,63,91,74,63,39,78
zero,1712,3226,34,34,0,0,0,72.352,70.885,0,-0.2424,unknown,regular,72,30,61,68,69,67,63,70,84,68,92,79,93,82,75,73,65,81,85,59,64,91,72,62,40,78
low,1713,3226,35,35,12,1,1,74.734,73.231,-24,-1.3765,unknown,regular,74,35,67,73,75,67,63,75,84,69,93,80,94,83,77,77,67,83,87,61,70,92,74,63,42,79
medium,1714,3226,34,34,26,6,5,82.364,80.692,-50,-2.7937,unknown,regular,83,57,74,79,80,78,75,80,90,80,96,87,95,90,84,82,77,88,92,73,76,95,83,75,42,87
starter,1715,3226,34,34,34,2,4,77.764,75.962,-27,-1.7944,unknown,regular,75,34,69,75,76,75,71,77,89,76,93,86,94,88,78,79,68,84,88,62,72,92,80,71,38,85
bench,1716,3226,35,35,8,0,0,73.497,72.038,0,-0.426,regular,regular,74,31,62,68,70,68,64,71,85,70,93,81,94,83,76,73,66,82,86,61,65,92,74,63,41,80
zero,1717,3226,35,35,0,0,0,72.265,70.654,-23,-0.9994,unknown,regular,72,32,60,72,69,66,62,69,83,68,91,79,92,82,75,72,65,81,85,61,63,91,72,61,36,78
medium,1718,3226,35,35,26,6,5,79.051,77.423,-49,-2.9568,unknown,regular,79,53,71,76,77,75,71,77,86,76,92,84,93,87,81,79,73,86,89,70,73,92,79,71,40,83
starter,1719,3226,34,34,34,2,4,76.788,74.885,-38,-2.2595,unknown,regular,75,34,70,76,76,74,64,77,89,70,93,85,94,88,78,79,68,84,87,62,73,93,75,64,35,84
bench,1720,3226,35,35,8,0,0,72.908,71.385,-24,-1.2548,unknown,regular,73,33,61,73,69,67,63,70,84,69,92,80,93,82,75,72,66,81,86,60,64,91,73,62,39,78
zero,1721,3226,34,34,0,0,0,69.085,67.577,0,-0.2049,unknown,regular,70,28,57,66,65,63,59,66,80,65,88,76,89,79,72,69,62,78,82,57,60,87,70,59,35,75
low,1722,3226,35,35,12,1,1,70.86,69.346,0,-0.38,unknown,regular,71,30,59,68,68,65,60,68,82,66,90,77,91,80,74,72,64,80,84,58,62,90,71,60,37,76
medium,1723,3226,35,35,26,6,5,77.038,75.423,-50,-2.8467,unknown,sharpie,79,45,60,67,69,67,71,76,87,75,92,84,92,86,83,82,79,87,89,68,64,91,79,70,36,83
great,1724,3226,35,35,35,15,15,76.875,75.192,-37,-2.1362,unknown,regular,79,33,69,73,75,74,71,75,86,74,91,83,92,86,77,77,67,82,89,69,71,91,79,71,39,82
bench,1725,3226,35,35,8,0,0,71.471,70.0,0,-0.2711,unknown,regular,71,29,60,67,68,66,62,69,83,68,91,79,92,82,74,71,64,79,84,58,63,90,72,61,39,78
zero,1726,3226,34,34,0,0,0,70.19,68.615,0,-0.3448,unknown,regular,70,29,58,68,67,65,60,67,81,66,90,77,90,80,73,71,63,79,83,57,61,89,70,59,35,76
starter,1727,3226,35,35,34,2,4,73.395,71.808,-24,-1.5414,unknown,regular,73,34,61,73,69,67,63,70,84,69,92,80,93,83,76,78,66,82,86,60,64,91,73,63,38,79
bench,1728,3226,34,34,8,0,0,74.204,72.731,-24,-0.9333,unknown,regular,75,34,62,73,70,68,64,71,85,70,93,81,94,84,78,73,67,83,87,62,65,92,75,64,41,80
zero,1729,3226,35,35,0,0,0,72.686,71.192,0,-0.5057,unknown,regular,73,32,61,69,69,67,62,70,84,68,92,79,93,82,76,73,66,82,86,60,64,91,73,62,39,78
medium,1730,3226,34,34,26,6,5,74.569,73.192,-9,-0.6618,unknown,sharpie,75,33,59,67,68,66,65,72,85,71,93,82,94,84,82,79,73,88,88,62,63,92,75,64,42,81
great,1731,3226,35,35,35,15,15,73.921,72.115,-28,-1.462,unknown,genetic_freak,73,33,71,75,75,75,63,70,84,69,92,80,93,83,72,69,62,78,86,60,72,91,73,62,35,79
starter,1732,3226,34,34,34,2,4,70.44,68.923,0,-0.3319,unknown,regular,71,30,58,68,67,64,60,67,81,66,89,77,90,80,74,71,64,80,84,58,61,89,71,60,36,76
zero,1733,3226,35,35,0,0,0,72.119,70.615,-19,-0.8559,unknown,regular,72,32,62,67,68,66,63,69,83,68,91,79,92,82,74,72,67,80,84,61,63,90,72,63,38,78
low,1734,3226,35,35,12,1,1,72.304,70.846,-23,-0.9811,unknown,regular,72,33,60,72,69,67,62,69,83,68,91,79,92,82,75,72,65,81,85,60,63,91,72,61,40,78
medium,1735,3226,35,35,26,6,5,78.912,77.269,-47,-2.5256,unknown,regular,78,45,72,77,77,76,70,78,87,75,93,84,93,86,81,80,74,86,89,69,74,92,79,70,41,83
starter,1736,3226,35,35,34,2,4,72.027,70.423,-22,-0.9709,unknown,regular,72,32,60,70,69,66,62,69,83,68,91,79,92,82,74,72,65,80,84,60,63,91,72,61,36,78
bench,1737,3226,35,35,8,0,0,69.788,68.308,0,-0.1886,unknown,regular,69,26,59,66,67,65,60,68,82,66,90,77,91,80,71,70,62,77,82,56,62,89,69,58,38,76
zero,1738,3226,34,34,0,0,0,72.803,71.308,0,-0.3302,unknown,regular,73,31,61,68,69,67,63,70,84,69,92,80,93,83,76,72,66,82,86,60,64,91,73,63,39,79
medium,1739,3226,35,35,26,6,5,71.978,70.346,-23,-0.9747,unknown,regular,72,31,60,68,69,66,62,69,83,68,91,79,92,82,74,72,65,80,84,61,63,91,72,62,35,78
starter,1740,3226,35,35,34,2,4,72.601,71.115,-11,-0.7423,regular,regular,73,32,62,68,70,68,63,70,83,69,91,79,92,81,76,72,66,82,85,60,65,90,73,63,39,77
bench,1741,3226,35,35,8,0,0,66.327,65.0,-7,-0.7937,decliner,regular,68,26,56,60,64,62,58,65,75,64,83,73,84,74,70,64,61,75,78,55,59,82,69,58,36,71
zero,1742,3226,35,35,0,0,0,72.756,71.346,0,-0.2543,unknown,regular,73,30,61,69,70,67,63,70,84,69,92,80,93,83,75,73,65,81,85,60,64,92,73,62,42,79
medium,1743,3226,34,34,26,6,5,82.733,81.0,-52,-2.8402,unknown,regular,83,57,75,80,80,79,76,81,91,80,95,88,95,90,84,83,77,89,92,74,77,94,83,75,41,87
great,1744,3226,35,35,35,15,15,74.92,73.308,-24,-1.6351,unknown,regular,74,34,61,74,75,74,63,76,88,69,92,80,93,83,77,78,67,82,87,61,71,91,74,63,40,79
bench,1745,3226,34,34,8,0,0,70.816,69.269,0,-0.379,unknown,regular,71,30,59,68,68,65,60,68,82,66,90,77,91,80,74,71,64,80,84,58,62,90,71,60,36,76
low,1746,3226,34,34,12,1,1,73.99,72.346,-24,-1.268,unknown,regular,74,33,62,74,70,68,64,71,85,70,93,81,94,84,77,73,67,82,87,61,65,92,74,63,37,80
medium,1747,3226,35,35,26,6,5,73.436,71.846,-25,-1.7446,unknown,regular,73,34,61,74,69,67,63,70,84,69,92,80,93,83,76,78,66,82,86,61,64,90,73,63,38,79
great,1748,3226,34,34,35,15,15,78.315,76.423,-34,-2.0347,unknown,jokester,75,34,70,75,77,75,72,78,89,77,93,85,94,87,78,79,68,84,88,70,73,93,81,72,36,84
starter,1749,3226,35,35,34,2,4,73.278,71.615,-24,-1.5313,unknown,regular,73,33,61,73,69,67,63,70,84,69,92,80,93,83,76,77,66,82,86,60,64,91,73,62,36,79
zero,1750,3226,35,35,0,0,0,69.317,68.038,0,-0.1327,unknown,sharpie,68,25,53,59,61,59,60,68,81,65,90,76,90,79,80,75,70,86,81,56,56,89,69,59,39,75
low,1751,3226,35,35,12,1,1,72.836,71.385,0,-0.3375,unknown,regular,73,30,62,68,70,67,63,71,84,69,92,80,93,83,75,73,65,81,85,60,65,92,73,62,41,79
medium,1752,3226,34,34,26,6,5,71.231,69.731,0,-0.3196,unknown,regular,72,30,59,68,67,65,61,68,82,67,90,78,91,81,75,71,65,81,85,59,62,89,72,61,37,77
great,1753,3226,35,35,35,15,15,77.717,76.077,-49,-2.6082,unknown,regular,78,44,68,75,75,73,70,75,87,74,92,83,92,86,81,78,72,86,89,68,70,92,78,70,39,83
bench,1754,3226,35,35,8,0,0,72.724,71.308,-24,-1.029,unknown,regular,73,34,61,72,69,67,62,70,84,68,91,79,92,82,76,72,66,82,86,60,63,91,73,62,41,78
medium,1755,3226,35,35,26,6,5,72.785,71.154,-24,-1.3925,unknown,regular,73,33,61,72,69,67,63,70,84,68,92,80,93,82,75,72,66,81,85,60,64,91,73,62,36,78
starter,1756,3226,34,34,34,2,4,73.26,71.769,0,-0.4162,unknown,regular,73,31,62,68,70,68,63,71,85,69,93,80,94,83,76,73,66,82,86,60,65,92,74,63,40,79
low,1757,3226,34,34,12,1,1,72.896,71.346,-18,-0.8654,unknown,regular,72,32,62,68,69,67,64,70,84,69,92,80,93,83,75,73,66,81,85,61,65,91,73,63,38,79
medium,1758,3226,34,34,26,6,5,81.173,79.308,-49,-2.8349,unknown,regular,81,56,73,78,79,77,74,80,89,77,95,86,95,88,83,81,75,88,91,71,75,94,81,73,36,86
great,1759,3226,35,35,35,15,15,73.221,71.769,0,-0.4798,unknown,regular,74,33,61,69,69,67,63,70,84,69,92,80,93,83,77,73,67,83,87,61,64,91,74,63,40,79
starter,1760,3226,35,35,34,2,4,77.327,75.692,-41,-2.282,unknown,regular,78,33,70,73,74,73,71,75,87,75,92,83,93,86,81,77,74,82,89,69,71,91,78,71,40,82
bench,1761,3226,35,35,8,0,0,72.671,71.154,-24,-1.1847,unknown,regular,72,33,61,72,69,67,63,70,84,68,92,79,93,82,75,72,65,81,85,60,64,91,73,62,39,78
medium,1762,3226,34,34,26,6,5,74.974,73.231,1,0.6495,late_bloomer,regular,75,34,63,73,71,69,65,72,86,71,94,82,95,85,78,74,68,84,88,62,66,93,75,65,35,81
low,1763,3226,35,35,12,1,1,72.911,71.346,-24,-1.3029,unknown,regular,73,33,61,73,69,67,63,70,84,69,92,80,93,83,75,72,66,81,85,60,64,91,73,62,38,78
great,1764,3226,35,35,35,15,15,78.684,77.077,-49,-2.6562,unknown,regular,79,45,70,75,76,75,72,77,87,76,92,84,93,86,81,79,73,86,89,70,73,92,79,71,41,83
great,1765,3226,35,35,35,15,15,73.36,71.692,-24,-1.5441,unknown,regular,73,33,61,73,69,67,63,70,84,69,92,80,93,83,76,78,66,82,86,60,64,91,73,63,36,79
starter,1766,3226,35,35,34,2,4,73.097,71.615,-3,-0.5997,unknown,regular,74,33,61,69,70,67,63,70,84,69,91,80,91,83,77,73,67,83,87,61,64,90,74,63,39,79
zero,1767,3226,35,35,0,0,0,72.274,70.654,-3,-0.6218,unknown,regular,72,30,61,69,70,67,63,70,84,69,90,79,91,82,75,73,65,80,85,59,64,90,73,62,36,78
great,1768,3226,35,35,35,15,15,76.947,75.269,-29,-1.918,unknown,regular,74,33,69,73,76,74,70,76,87,75,92,84,93,86,77,78,67,83,87,68,71,91,79,70,40,84
zero,1769,3226,35,35,0,0,0,70.155,68.692,0,-0.1473,unknown,regular,69,26,59,67,68,66,60,68,82,66,90,77,91,80,72,71,62,77,82,57,62,90,70,59,39,76
great,1770,3226,35,35,35,15,15,72.091,70.5,-12,-0.7658,unknown,regular,73,30,62,67,68,68,63,70,83,69,91,78,91,81,75,71,65,81,84,60,65,90,73,62,36,77
bench,1771,3226,35,35,8,0,0,73.133,71.692,-14,-0.8052,unknown,sharpie,74,33,60,67,68,66,64,69,83,68,91,78,92,81,81,78,72,87,85,61,63,90,74,63,39,77
zero,1772,3226,35,35,0,0,0,72.352,70.885,0,-0.2424,unknown,regular,72,30,61,68,69,67,63,70,84,68,92,79,93,82,75,73,65,81,85,59,64,91,72,62,40,78
medium,1773,3226,35,35,26,6,5,80.399,78.808,-49,-2.7019,unknown,regular,81,56,72,77,78,76,73,78,88,78,94,85,93,88,82,80,75,86,90,71,74,93,81,73,42,85
starter,1774,3226,35,35,34,2,4,76.758,75.0,-25,-1.734,unknown,regular,74,34,68,74,75,74,70,76,88,75,91,85,93,87,77,78,67,83,87,61,71,91,79,70,38,84
starter,1775,3226,35,35,34,2,4,75.171,73.346,-40,-2.3139,unknown,regular,74,33,69,74,74,72,63,75,87,69,91,83,92,86,77,77,67,82,85,61,71,91,74,63,35,82
zero,1776,3226,35,35,0,0,0,69.085,67.577,0,-0.2049,unknown,regular,70,28,57,66,65,63,59,66,80,65,88,76,89,79,72,69,62,78,82,57,60,87,70,59,35,75
zero,1777,3226,35,35,0,0,0,70.19,68.615,0,-0.3448,unknown,regular,70,29,58,68,67,65,60,67,81,66,90,77,90,80,73,71,63,79,83,57,61,89,70,59,35,76
bench,1778,3226,35,35,8,0,0,73.277,71.846,-23,-0.9313,unknown,regular,74,34,61,72,69,67,63,70,84,69,92,80,93,83,77,72,66,82,86,62,64,91,74,63,41,79
medium,1779,3226,35,35,26,6,5,74.172,72.808,-10,-0.6908,unknown,sharpie,75,33,59,67,68,66,65,72,84,71,92,82,93,83,81,78,72,87,87,62,63,91,75,64,42,81
starter,1780,3226,35,35,34,2,4,70.44,68.923,0,-0.3121,unknown,regular,71,30,58,68,67,64,60,67,81,66,89,77,90,80,74,71,64,80,84,58,61,89,71,60,36,76
zero,1781,3226,35,35,0,0,0,72.803,71.308,0,-0.3302,unknown,regular,73,31,61,68,69,67,63,70,84,69,92,80,93,83,76,72,66,82,86,60,64,91,73,63,39,79
medium,1782,3226,35,35,26,6,5,80.601,78.962,-53,-3.0338,unknown,regular,81,56,73,78,78,77,74,79,88,78,92,86,92,88,82,81,75,87,90,72,75,91,81,73,41,85
bench,1783,3226,35,35,8,0,0,70.816,69.269,0,-0.3787,unknown,regular,71,30,59,68,68,65,60,68,82,66,90,77,91,80,74,71,64,80,84,58,62,90,71,60,36,76
low,1784,3226,35,35,12,1,1,73.025,71.423,-24,-1.2762,unknown,regular,73,33,61,73,69,67,63,70,84,69,92,80,93,83,76,72,66,81,86,60,64,91,73,62,37,79
great,1785,3226,35,35,35,15,15,76.94,75.115,-34,-2.0499,unknown,jokester,74,33,69,73,75,74,71,77,87,76,91,83,92,85,77,78,67,83,87,69,72,91,80,71,36,82
medium,1786,3226,35,35,26,6,5,71.231,69.731,0,-0.318,unknown,regular,72,30,59,68,67,65,61,68,82,67,90,78,91,81,75,71,65,81,85,59,62,89,72,61,37,77
starter,1787,3226,35,35,34,2,4,73.26,71.769,0,-0.4306,unknown,regular,73,31,62,68,70,68,63,71,85,69,93,80,94,83,76,73,66,82,86,60,65,92,74,63,40,79
low,1788,3226,35,35,12,1,1,72.168,70.654,-18,-0.8592,unknown,regular,71,32,62,67,68,66,64,69,83,68,91,79,92,82,74,72,66,80,84,61,65,90,72,63,38,78
medium,1789,3226,35,35,26,6,5,79.167,77.385,-50,-2.9121,unknown,regular,79,55,71,76,77,75,72,78,87,75,93,84,92,86,81,79,73,86,89,69,73,92,79,71,36,84
medium,1790,3226,35,35,26,6,5,74.974,73.231,0,0.6301,late_bloomer,regular,75,34,63,73,71,69,65,72,86,71,94,82,95,85,78,74,68,84,88,62,66,93,75,65,35,81
