scenario,run_id,seed_player_id,season,age,games,goals,assists,weighted_overall,avg_skill,total_skill_change,final_multiplier,profile_name,trait_name,skill_attack,skill_defense,skill_balance,skill_stamina,skill_top_speed,skill_acceleration,skill_response,skill_agility,skill_dribble_accuracy,skill_dribble_speed,skill_short_pass_accuracy,skill_short_pass_speed,skill_long_pass_accuracy,skill_long_pass_speed,skill_shot_accuracy,skill_shot_power,skill_shot_technique,skill_free_kick_accuracy,skill_swerve,skill_heading,skill_jump,skill_technique,skill_aggression,skill_mentality,skill_goal_keeping,skill_team_work
low,1,3226,19,19,12,1,1,68.112,66.885,25,2.1384,unknown,regular,69,28,56,62,64,62,58,65,79,64,87,75,88,78,72,67,62,78,82,56,59,86,69,58,41,74
medium,2,3226,19,19,26,6,5,63.112,61.885,25,1.3234,unknown,regular,64,23,51,57,59,57,53,60,74,59,82,70,83,73,67,62,57,73,77,51,54,81,64,53,36,69
great,3,3226,19,19,35,15,15,64.242,62.923,78,5.2782,unknown,regular,65,24,52,59,60,58,54,61,75,60,83,71,84,74,68,64,58,74,78,52,55,83,65,54,35,70
starter,4,3226,17,17,34,2,4,64.112,62.846,50,3.3723,unknown,regular,65,24,52,58,60,58,54,61,75,60,83,71,84,74,68,63,58,74,78,52,55,82,65,54,36,70
bench,5,3226,17,17,8,0,0,66.112,64.885,25,0.744,unknown,regular,67,26,54,60,62,60,56,63,77,62,85,73,86,76,70,65,60,76,80,54,57,84,67,56,39,72
low,6,3226,19,19,12,1,1,65.695,64.423,39,2.501,unknown,regular,66,25,54,60,62,60,56,63,77,61,85,72,86,76,69,65,59,75,79,53,57,84,66,55,38,72
medium,7,3226,17,17,26,6,5,65.077,63.769,74,4.7974,unknown,regular,66,24,53,59,61,59,55,62,76,61,84,72,85,75,69,64,59,75,79,53,56,83,66,55,36,71
great,8,3226,18,18,35,15,15,69.928,68.577,95,8.8177,unknown,regular,71,29,58,64,66,64,60,67,81,66,89,77,90,80,73,69,63,79,83,58,61,88,71,60,40,76
starter,9,3226,19,19,34,2,4,69.408,68.154,32,3.6082,unknown,regular,70,29,57,64,66,63,59,66,81,65,89,76,89,79,73,69,63,79,83,57,61,88,70,59,42,75
bench,10,3226,17,17,8,0,0,67.112,65.885,25,1.8981,unknown,regular,68,27,55,61,63,61,57,64,78,63,86,74,87,77,71,66,61,77,81,55,58,85,68,57,40,73
low,11,3226,19,19,12,1,1,64.266,63.038,29,0.9721,unknown,sharpie,65,24,52,58,60,58,54,61,75,60,83,71,84,74,69,64,59,75,78,52,55,82,65,54,37,70
medium,12,3226,19,19,26,6,5,65.157,63.808,101,6.8756,unknown,regular,66,25,53,60,61,59,55,62,76,61,84,72,85,75,69,64,59,75,79,53,56,83,66,55,35,71
great,13,3226,17,17,35,15,15,66.112,64.885,25,1.6896,unknown,regular,67,26,54,60,62,60,56,63,77,62,85,73,86,76,70,65,60,76,80,54,57,84,67,56,39,72
starter,14,3226,18,18,34,2,4,67.49,66.192,59,5.0444,unknown,regular,68,27,55,62,64,62,57,64,79,64,87,74,87,77,71,67,61,77,81,55,59,86,68,57,39,73
bench,15,3226,18,18,8,0,0,66.966,65.731,21,0.4581,unknown,regular,68,26,55,61,63,61,57,64,78,63,86,74,87,77,70,66,61,76,80,55,58,85,68,57,40,73
low,16,3226,17,17,12,1,1,63.112,61.885,25,0.779,unknown,regular,64,23,51,57,59,57,53,60,74,59,82,70,83,73,67,62,57,73,77,51,54,81,64,53,36,69
medium,17,3226,18,18,26,6,5,67.106,65.846,50,3.3693,unknown,sharpie,68,26,54,60,62,60,57,64,78,63,86,74,87,77,72,69,62,78,81,55,57,85,68,57,39,73
great,18,3226,17,17,35,15,15,68.539,67.231,86,6.9289,unknown,sharpie,69,28,55,62,63,61,58,65,79,64,87,75,88,78,75,73,65,81,82,56,58,86,69,58,39,74
starter,19,3226,17,17,34,2,4,67.112,65.885,25,2.0096,unknown,regular,68,27,55,61,63,61,57,64,78,63,86,74,87,77,71,66,61,77,81,55,58,85,68,57,40,73
bench,20,3226,18,18,8,0,0,69.242,68.0,28,3.4777,unknown,regular,70,29,57,64,65,63,59,66,80,65,88,76,89,79,73,69,63,79,83,57,60,88,70,59,42,75
low,21,3226,17,17,12,1,1,69.851,68.577,43,4.0759,unknown,regular,71,29,58,64,66,64,60,67,81,66,89,77,90,80,73,69,63,79,83,58,61,88,70,59,42,76
medium,22,3226,19,19,26,6,5,69.112,67.846,50,4.3417,unknown,regular,70,29,57,63,65,63,59,66,80,65,88,76,89,79,73,68,63,79,83,57,60,87,70,59,41,75
great,23,3226,17,17,35,15,15,67.2,65.885,77,6.4663,unknown,regular,68,27,55,62,63,61,57,64,78,63,86,74,87,77,71,67,61,77,81,55,58,85,68,57,38,73
starter,24,3226,18,18,34,2,4,68.157,66.923,26,2.8903,regular,regular,69,28,56,63,64,62,58,65,79,64,87,75,88,78,72,67,62,78,82,56,59,86,69,58,41,74
bench,25,3226,18,18,8,0,0,64.533,63.231,60,4.0001,unknown,regular,65,24,53,59,61,59,54,62,76,60,84,71,85,74,68,64,58,74,78,52,55,83,65,54,36,70
low,26,3226,19,19,12,1,1,65.112,63.846,50,3.4417,unknown,regular,66,25,53,59,61,59,55,62,76,61,84,72,85,75,69,64,59,75,79,53,56,83,66,55,37,71
medium,27,3226,18,18,26,6,5,69.325,68.0,80,8.0552,unknown,regular,70,29,58,64,66,63,59,66,80,65,89,76,89,79,73,69,63,79,83,57,60,87,70,59,40,75
great,28,3226,19,19,35,15,15,68.077,66.808,49,3.5302,unknown,regular,69,27,56,62,64,62,58,65,79,64,87,75,88,78,72,67,62,78,82,56,59,86,69,58,40,74
starter,29,3226,17,17,34,2,4,64.776,63.423,91,5.7459,unknown,regular,65,24,53,59,61,59,55,62,76,61,84,72,85,75,68,64,58,74,78,52,56,83,65,54,35,71
bench,30,3226,18,18,8,0,0,67.112,65.846,50,3.865,unknown,regular,68,27,55,61,63,61,57,64,78,63,86,74,87,77,71,66,61,77,81,55,58,85,68,57,39,73
low,31,3226,17,17,12,1,1,62.112,60.885,25,0.8643,unknown,regular,63,22,50,56,58,56,52,59,73,58,81,69,82,72,66,61,56,72,76,50,53,80,63,52,35,68
medium,32,3226,18,18,26,6,5,64.157,62.923,26,2.0145,unknown,regular,65,24,52,59,60,58,54,61,75,60,83,71,84,74,68,63,58,74,78,52,55,82,65,54,37,70
great,33,3226,18,18,35,15,15,68.492,67.077,160,10.2398,unknown,sharpie,68,27,54,60,62,60,58,65,79,64,87,75,88,78,77,77,67,83,81,55,57,86,68,58,36,74
starter,34,3226,18,18,34,2,4,67.2,65.923,52,4.8054,unknown,regular,68,27,55,62,63,61,57,64,78,63,86,74,87,77,71,67,61,77,81,55,58,85,68,57,39,73
bench,35,3226,19,19,8,0,0,64.077,62.808,49,2.5355,unknown,regular,65,23,52,58,60,58,54,61,75,60,83,71,84,74,68,63,58,74,78,52,55,82,65,54,36,70
low,36,3226,18,18,12,1,1,66.112,64.885,25,0.8935,unknown,regular,67,26,54,60,62,60,56,63,77,62,85,73,86,76,70,65,60,76,80,54,57,84,67,56,39,72
medium,37,3226,17,17,26,6,5,63.112,61.846,50,2.6013,unknown,regular,64,23,51,57,59,57,53,60,74,59,82,70,83,73,67,62,57,73,77,51,54,81,64,53,35,69
great,38,3226,19,19,35,15,15,66.2,64.962,27,2.5117,unknown,regular,67,26,54,61,62,60,56,63,77,62,85,73,86,76,70,66,60,76,80,54,57,84,67,56,39,72
starter,39,3226,19,19,34,2,4,64.112,62.885,25,1.207,unknown,regular,65,24,52,58,60,58,54,61,75,60,83,71,84,74,68,63,58,74,78,52,55,82,65,54,37,70
bench,40,3226,19,19,8,0,0,62.112,60.885,25,1.4547,unknown,regular,63,22,50,56,58,56,52,59,73,58,81,69,82,72,66,61,56,72,76,50,53,80,63,52,35,68
low,41,3226,18,18,12,1,1,65.112,63.885,25,2.1206,unknown,regular,66,25,53,59,61,59,55,62,76,61,84,72,85,75,69,64,59,75,79,53,56,83,66,55,38,71
medium,42,3226,17,17,26,6,5,69.325,68.038,55,6.003,unknown,regular,70,29,57,64,66,63,59,67,80,65,89,76,89,79,73,69,63,79,83,57,60,87,70,59,41,75
great,43,3226,18,18,35,15,15,67.614,66.308,62,5.1222,unknown,regular,68,27,56,62,64,62,58,65,79,63,87,74,88,78,71,67,61,77,81,55,58,86,68,57,39,73
starter,44,3226,19,19,34,2,4,65.112,63.885,25,0.8922,decliner,regular,66,25,53,59,61,59,55,62,76,61,84,72,85,75,69,64,59,75,79,53,56,83,66,55,38,71
bench,45,3226,17,17,8,0,0,68.944,67.731,21,0.9403,unknown,sharpie,70,29,56,62,64,62,59,66,80,65,88,76,89,79,73,69,63,79,83,57,59,87,70,59,42,75
low,46,3226,18,18,12,1,1,62.579,61.308,36,1.4822,unknown,genetic_freak,63,22,52,59,60,58,52,59,73,58,81,69,82,72,66,61,56,72,76,50,55,80,63,52,35,68
medium,47,3226,17,17,26,6,5,63.112,61.885,25,0.8361,unknown,regular,64,23,51,57,59,57,53,60,74,59,82,70,83,73,67,62,57,73,77,51,54,81,64,53,36,69
great,48,3226,19,19,35,15,15,70.112,68.808,75,7.8201,unknown,regular,71,30,58,64,66,64,60,67,81,66,89,77,90,80,74,69,64,80,84,58,61,88,71,60,41,76
starter,49,3226,18,18,34,2,4,67.695,66.346,89,7.0459,unknown,regular,68,27,56,62,64,62,58,65,79,64,87,74,88,77,71,67,61,77,81,55,59,86,68,57,38,74
bench,50,3226,18,18,8,0,0,67.157,65.923,26,2.5095,unknown,regular,68,27,55,62,63,61,57,64,78,63,86,74,87,77,71,66,61,77,81,55,58,85,68,57,40,73
low,51,3226,18,18,12,1,1,69.039,67.769,48,3.8271,unknown,regular,70,28,57,63,65,63,59,66,80,65,88,76,89,79,73,68,63,79,82,57,60,87,70,59,41,75
medium,52,3226,19,19,26,6,5,69.2,67.962,27,3.3478,unknown,regular,70,29,57,64,65,63,59,66,80,65,88,76,89,79,73,69,63,79,83,57,60,87,70,59,42,75
great,53,3226,18,18,35,15,15,64.112,62.846,50,3.2618,unknown,regular,65,24,52,58,60,58,54,61,75,60,83,71,84,74,68,63,58,74,78,52,55,82,65,54,36,70
starter,54,3226,18,18,34,2,4,65.112,63.885,25,1.2332,unknown,regular,66,25,53,59,61,59,55,62,76,61,84,72,85,75,69,64,59,75,79,53,56,83,66,55,38,71
bench,55,3226,17,17,8,0,0,66.112,64.885,25,1.3071,unknown,regular,67,26,54,60,62,60,56,63,77,62,85,73,86,76,70,65,60,76,80,54,57,84,67,56,39,72
low,56,3226,19,19,12,1,1,69.112,67.885,25,2.3613,unknown,regular,70,29,57,63,65,63,59,66,80,65,88,76,89,79,73,68,63,79,83,57,60,87,70,59,42,75
medium,57,3226,18,18,26,6,5,63.112,61.846,50,2.3892,unknown,regular,64,23,51,57,59,57,53,60,74,59,82,70,83,73,67,62,57,73,77,51,54,81,64,53,35,69
great,58,3226,19,19,35,15,15,66.112,64.846,50,3.9328,unknown,regular,67,26,54,60,62,60,56,63,77,62,85,73,86,76,70,65,60,76,80,54,57,84,67,56,38,72
starter,59,3226,18,18,34,2,4,66.112,64.885,25,2.0118,regular,regular,67,26,54,60,62,60,56,63,77,62,85,73,86,76,70,65,60,76,80,54,57,84,67,56,39,72
bench,60,3226,18,18,8,0,0,63.112,61.885,25,0.555,decliner,regular,64,23,51,57,59,57,53,60,74,59,82,70,83,73,67,62,57,73,77,51,54,81,64,53,36,69
low,61,3226,18,18,12,1,1,69.112,67.885,25,1.0685,unknown,regular,70,29,57,63,65,63,59,66,80,65,88,76,89,79,73,68,63,79,83,57,60,87,70,59,42,75
medium,62,3226,19,19,26,6,5,64.408,63.115,57,3.9217,early_peak,regular,65,24,53,59,61,58,54,62,76,60,84,71,84,74,68,64,58,74,78,52,55,82,65,54,36,70
great,63,3226,17,17,35,15,15,71.2,69.846,102,11.2819,unknown,regular,72,31,59,66,67,65,61,68,82,67,90,78,91,81,75,71,65,81,85,59,62,89,72,61,41,77
starter,64,3226,18,18,34,2,4,68.112,66.846,50,3.9414,unknown,regular,69,28,56,62,64,62,58,65,79,64,87,75,88,78,72,67,62,78,82,56,59,86,69,58,40,74
bench,65,3226,19,19,8,0,0,69.112,67.885,25,1.0094,unknown,regular,70,29,57,63,65,63,59,66,80,65,88,76,89,79,73,68,63,79,83,57,60,87,70,59,42,75
low,66,3226,17,17,12,1,1,63.112,61.885,25,1.2409,unknown,regular,64,23,51,57,59,57,53,60,74,59,82,70,83,73,67,62,57,73,77,51,54,81,64,53,36,69
medium,67,3226,19,19,26,6,5,62.112,60.885,25,1.4172,unknown,regular,63,22,50,56,58,56,52,59,73,58,81,69,82,72,66,61,56,72,76,50,53,80,63,52,35,68
great,68,3226,17,17,35,15,15,67.491,66.115,109,8.2615,unknown,regular,68,27,56,62,64,62,57,65,79,63,86,74,88,77,71,67,61,77,81,55,58,86,68,57,37,73
starter,69,3226,18,18,34,2,4,66.927,65.615,70,5.155,unknown,regular,68,26,55,61,63,61,57,64,78,63,86,74,87,77,70,66,60,76,81,54,58,85,68,57,38,73
bench,70,3226,17,17,8,0,0,63.736,62.462,40,2.2096,unknown,jokester,64,23,52,58,60,58,54,61,75,60,83,71,84,74,67,63,57,73,77,51,55,82,64,53,36,69
low,71,3226,18,18,12,1,1,63.325,62.077,30,2.0153,unknown,regular,64,23,51,58,59,57,53,61,75,59,82,70,83,73,67,63,57,73,77,51,54,82,64,53,36,69
medium,72,3226,19,19,26,6,5,65.242,63.923,78,5.5866,unknown,regular,66,25,53,60,62,59,55,62,76,61,84,72,85,75,69,65,59,75,79,53,56,83,66,55,36,71
great,73,3226,18,18,35,15,15,66.266,65.038,29,1.369,unknown,sharpie,67,26,54,60,62,60,56,63,77,62,85,73,86,76,71,66,61,77,80,54,57,84,67,56,39,72
starter,74,3226,18,18,34,2,4,68.112,66.885,25,1.8748,unknown,regular,69,28,56,62,64,62,58,65,79,64,87,75,88,78,72,67,62,78,82,56,59,86,69,58,41,74
bench,75,3226,17,17,8,0,0,64.112,62.885,25,0.4469,unknown,regular,65,24,52,58,60,58,54,61,75,60,83,71,84,74,68,63,58,74,78,52,55,82,65,54,37,70
low,76,3226,18,18,12,1,1,66.573,65.308,36,2.6827,unknown,regular,67,26,55,61,63,60,56,64,78,63,86,73,87,76,70,66,60,76,80,54,58,85,67,56,39,72
medium,77,3226,19,19,26,6,5,68.532,67.192,85,7.4956,unknown,regular,69,28,57,63,65,63,58,65,80,64,88,76,89,78,72,68,62,78,82,56,59,87,69,58,39,74
great,78,3226,18,18,35,15,15,70.2,68.885,77,8.7237,unknown,regular,71,30,58,65,66,64,60,67,81,66,89,77,90,80,74,70,64,80,84,58,61,88,71,60,41,76
starter,79,3226,19,19,34,2,4,69.145,67.808,101,7.6466,unknown,sharpie,69,28,55,62,64,61,59,66,80,65,88,76,89,79,76,74,66,82,82,56,58,87,69,58,39,75
bench,80,3226,19,19,8,0,0,63.112,61.846,50,2.9061,unknown,regular,64,23,51,57,59,57,53,60,74,59,82,70,83,73,67,62,57,73,77,51,54,81,64,53,35,69
low,81,3226,18,18,12,1,1,63.157,61.923,26,1.8817,unknown,regular,64,23,51,58,59,57,53,60,74,59,82,70,83,73,67,62,57,73,77,51,54,81,64,53,36,69
medium,82,3226,19,19,26,6,5,65.112,63.846,50,3.515,unknown,regular,66,25,53,59,61,59,55,62,76,61,84,72,85,75,69,64,59,75,79,53,56,83,66,55,37,71
great,83,3226,17,17,35,15,15,67.112,65.885,25,1.2796,unknown,regular,68,27,55,61,63,61,57,64,78,63,86,74,87,77,71,66,61,77,81,55,58,85,68,57,40,73
starter,84,3226,19,19,34,2,4,68.112,66.885,25,1.3982,unknown,regular,69,28,56,62,64,62,58,65,79,64,87,75,88,78,72,67,62,78,82,56,59,86,69,58,41,74
bench,85,3226,19,19,8,0,0,68.112,66.885,25,2.6793,unknown,regular,69,28,56,62,64,62,58,65,79,64,87,75,88,78,72,67,62,78,82,56,59,86,69,58,41,74
low,86,3226,17,17,12,1,1,65.2,63.962,27,2.3193,unknown,regular,66,25,53,60,61,59,55,62,76,61,84,72,85,75,69,65,59,75,79,53,56,83,66,55,38,71
medium,87,3226,17,17,26,6,5,66.695,65.308,114,8.0975,unknown,regular,67,26,55,61,63,61,57,64,78,62,86,74,87,76,70,66,60,76,80,54,58,85,67,56,36,73
great,88,3226,18,18,35,15,15,67.112,65.885,25,1.4171,unknown,regular,68,27,55,61,63,61,57,64,78,63,86,74,87,77,71,66,61,77,81,55,58,85,68,57,40,73
starter,89,3226,18,18,34,2,4,68.928,67.615,70,6.1502,unknown,regular,70,28,57,63,65,63,59,66,80,65,88,76,89,79,72,68,62,78,82,57,60,87,70,59,40,75
bench,90,3226,18,18,8,0,0,67.112,65.846,50,3.6763,unknown,regular,68,27,55,61,63,61,57,64,78,63,86,74,87,77,71,66,61,77,81,55,58,85,68,57,39,73
low,91,3226,19,19,12,1,1,64.157,62.923,26,1.9611,unknown,regular,65,24,52,59,60,58,54,61,75,60,83,71,84,74,68,63,58,74,78,52,55,82,65,54,37,70
medium,92,3226,19,19,26,6,5,69.776,68.5,41,4.0073,unknown,regular,70,29,58,64,66,64,60,67,81,66,89,77,90,80,73,69,63,79,83,57,61,88,70,59,42,76
great,93,3226,17,17,35,15,15,62.112,60.885,25,1.4257,late_bloomer,regular,63,22,50,56,58,56,52,59,73,58,81,69,82,72,66,61,56,72,76,50,53,80,63,52,35,68
starter,94,3226,19,19,34,2,4,66.112,64.808,75,5.3074,unknown,regular,67,26,54,60,62,60,56,63,77,62,85,73,86,76,70,65,60,76,80,54,57,84,67,56,37,72
bench,95,3226,19,19,8,0,0,67.112,65.885,25,1.0251,unknown,regular,68,27,55,61,63,61,57,64,78,63,86,74,87,77,71,66,61,77,81,55,58,85,68,57,40,73
low,96,3226,19,19,12,1,1,68.077,66.846,24,0.5917,unknown,regular,69,27,56,62,64,62,58,65,79,64,87,75,88,78,72,67,62,78,82,56,59,86,69,58,41,74
medium,97,3226,19,19,26,6,5,69.112,67.885,25,2.6152,unknown,regular,70,29,57,63,65,63,59,66,80,65,88,76,89,79,73,68,63,79,83,57,60,87,70,59,42,75
great,98,3226,18,18,35,15,15,68.157,66.808,101,8.41,unknown,regular,69,28,56,63,64,62,58,65,79,64,87,75,88,78,72,67,62,78,82,56,59,86,69,58,38,74
starter,99,3226,19,19,34,2,4,63.112,61.885,25,1.0709,decliner,regular,64,23,51,57,59,57,53,60,74,59,82,70,83,73,67,62,57,73,77,51,54,81,64,53,36,69
bench,100,3226,18,18,8,0,0,68.112,66.885,25,2.7275,unknown,regular,69,28,56,62,64,62,58,65,79,64,87,75,88,78,72,67,62,78,82,56,59,86,69,58,41,74
low,101,3226,20,20,12,1,1,69.112,67.846,25,2.1216,unknown,regular,70,29,57,63,65,63,59,66,80,65,88,76,89,79,73,68,63,79,83,57,60,87,70,59,41,75
medium,102,3226,20,20,26,6,5,64.112,62.846,25,1.3678,unknown,regular,65,24,52,58,60,58,54,61,75,60,83,71,84,74,68,63,58,74,78,52,55,82,65,54,36,70
great,103,3226,20,20,35,15,15,66.62,65.192,59,4.6666,unknown,regular,67,26,55,62,63,61,57,64,77,62,86,73,87,76,70,67,60,76,80,54,57,85,67,56,35,72
starter,104,3226,18,18,34,2,4,66.112,64.769,50,3.51,unknown,regular,67,26,54,60,62,60,56,63,77,62,85,73,86,76,70,65,60,76,80,54,57,84,67,56,36,72
bench,105,3226,18,18,8,0,0,67.112,65.846,25,0.7501,unknown,regular,68,27,55,61,63,61,57,64,78,63,86,74,87,77,71,66,61,77,81,55,58,85,68,57,39,73
low,106,3226,20,20,12,1,1,66.74,65.423,26,2.5148,unknown,regular,67,26,55,62,63,61,57,64,78,62,86,73,87,77,70,66,60,76,80,54,58,85,67,56,38,73
medium,107,3226,18,18,26,6,5,67.165,65.769,52,4.8298,unknown,regular,68,26,55,62,63,61,57,64,78,63,86,74,87,77,71,67,61,77,81,55,58,85,68,57,36,73
great,108,3226,19,19,35,15,15,72.091,70.654,54,8.9432,unknown,regular,73,31,60,67,68,66,62,69,83,68,91,79,92,82,76,72,66,81,85,60,63,90,73,62,40,78
starter,109,3226,20,20,34,2,4,70.408,69.115,25,3.6347,unknown,regular,71,30,58,65,67,64,60,67,82,66,90,77,90,80,74,70,64,80,84,58,62,89,71,60,42,76
bench,110,3226,18,18,8,0,0,68.112,66.846,25,1.8819,unknown,regular,69,28,56,62,64,62,58,65,79,64,87,75,88,78,72,67,62,78,82,56,59,86,69,58,40,74
low,111,3226,20,20,12,1,1,65.309,64.038,26,0.9708,unknown,sharpie,66,25,53,59,61,59,55,62,76,61,84,72,85,75,70,66,60,76,79,53,56,83,66,55,37,71
medium,112,3226,20,20,26,6,5,68.618,67.115,86,7.4741,unknown,regular,69,28,57,64,65,63,58,66,80,64,87,75,89,79,72,68,62,78,82,56,60,87,69,58,35,74
great,113,3226,18,18,35,15,15,67.112,65.846,25,1.6193,unknown,regular,68,27,55,61,63,61,57,64,78,63,86,74,87,77,71,66,61,77,81,55,58,85,68,57,39,73
starter,114,3226,19,19,34,2,4,69.49,68.115,50,5.2027,unknown,regular,70,29,57,64,66,64,59,66,81,66,89,76,89,79,73,69,63,79,83,57,61,88,70,59,39,75
bench,115,3226,19,19,8,0,0,67.668,66.385,17,0.4595,unknown,regular,68,26,56,62,64,62,58,65,79,64,87,75,88,78,70,67,61,76,80,55,59,86,68,58,40,74
low,116,3226,18,18,12,1,1,64.112,62.846,25,0.7666,unknown,regular,65,24,52,58,60,58,54,61,75,60,83,71,84,74,68,63,58,74,78,52,55,82,65,54,36,70
medium,117,3226,19,19,26,6,5,68.975,67.654,47,3.6843,unknown,sharpie,69,28,55,61,63,61,59,66,80,65,88,76,89,79,75,72,65,81,82,57,58,87,70,59,39,75
great,118,3226,18,18,35,15,15,70.65,69.269,53,6.1133,unknown,sharpie,71,30,57,64,65,63,60,67,81,66,89,77,90,80,78,75,68,84,84,58,60,88,71,60,39,76
starter,119,3226,18,18,34,2,4,68.112,66.846,25,2.0325,unknown,regular,69,28,56,62,64,62,58,65,79,64,87,75,88,78,72,67,62,78,82,56,59,86,69,58,40,74
bench,120,3226,19,19,8,0,0,70.242,68.962,25,3.4907,unknown,regular,71,30,58,65,66,64,60,67,81,66,89,77,90,80,74,70,64,80,84,58,61,89,71,60,42,76
low,121,3226,18,18,12,1,1,70.851,69.538,25,4.0365,unknown,regular,72,30,59,65,67,65,61,68,82,67,90,78,91,81,74,70,64,80,84,59,62,89,71,60,42,77
medium,122,3226,20,20,26,6,5,70.614,69.269,37,4.2141,unknown,regular,71,30,59,65,67,65,60,68,82,66,90,77,91,81,74,70,64,80,84,58,62,89,71,60,41,76
great,123,3226,18,18,35,15,15,69.821,68.385,65,6.385,unknown,regular,70,29,58,65,66,64,60,67,81,66,89,77,90,80,73,69,63,79,83,57,61,88,70,59,38,76
starter,124,3226,19,19,34,2,4,69.157,67.885,25,2.9738,regular,regular,70,29,57,64,65,63,59,66,80,65,88,76,89,79,73,68,63,79,83,57,60,87,70,59,41,75
bench,125,3226,19,19,8,0,0,66.533,65.154,50,3.966,unknown,regular,67,26,55,61,63,61,56,64,78,62,86,73,87,76,70,66,60,76,80,54,57,85,67,56,36,72
low,126,3226,20,20,12,1,1,67.077,65.731,49,3.4065,unknown,regular,68,26,55,61,63,61,57,64,78,63,86,74,87,77,71,66,61,77,81,55,58,85,68,57,37,73
medium,127,3226,19,19,26,6,5,71.776,70.346,61,8.3148,unknown,regular,72,31,60,66,68,66,62,69,83,68,91,79,92,82,75,71,65,81,85,59,63,90,72,61,40,78
great,128,3226,20,20,35,15,15,69.207,67.885,28,3.4601,unknown,regular,70,28,57,64,65,63,59,66,80,65,88,76,89,79,73,69,63,79,83,57,60,88,70,59,40,75
starter,129,3226,18,18,34,2,4,67.776,66.308,75,6.2363,unknown,regular,68,27,56,62,64,62,58,65,79,64,87,75,88,78,71,67,61,77,81,55,59,86,68,57,35,74
bench,130,3226,19,19,8,0,0,69.04,67.692,48,3.8594,unknown,regular,70,28,57,63,65,63,59,66,80,65,88,76,89,79,72,68,63,79,83,57,60,87,70,59,39,75
low,131,3226,18,18,12,1,1,63.112,61.846,25,0.8654,unknown,regular,64,23,51,57,59,57,53,60,74,59,82,70,83,73,67,62,57,73,77,51,54,81,64,53,35,69
medium,132,3226,19,19,26,6,5,65.157,63.885,25,2.0245,unknown,regular,66,25,53,60,61,59,55,62,76,61,84,72,85,75,69,64,59,75,79,53,56,83,66,55,37,71
great,133,3226,19,19,35,15,15,72.131,70.577,91,10.8556,unknown,sharpie,72,31,57,63,65,63,62,69,83,68,91,79,92,82,80,81,70,86,85,59,60,90,72,61,36,78
starter,134,3226,19,19,34,2,4,69.2,67.846,50,4.4576,unknown,regular,70,29,57,64,65,63,59,66,80,65,88,76,89,79,73,69,63,79,83,57,60,87,70,59,39,75
bench,135,3226,20,20,8,0,0,65.66,64.308,39,2.5435,unknown,regular,66,24,54,60,62,60,56,63,77,61,85,73,86,75,69,65,59,75,79,53,57,84,66,55,36,72
low,136,3226,19,19,12,1,1,67.112,65.846,25,0.8679,unknown,regular,68,27,55,61,63,61,57,64,78,63,86,74,87,77,71,66,61,77,81,55,58,85,68,57,39,73
medium,137,3226,18,18,26,6,5,65.077,63.731,49,2.8082,unknown,regular,66,24,53,59,61,59,55,62,76,61,84,72,85,75,69,64,59,75,79,53,56,83,66,55,35,71
great,138,3226,20,20,35,15,15,67.2,65.923,25,2.4379,unknown,regular,68,27,55,62,63,61,57,64,78,63,86,74,87,77,71,67,61,77,81,55,58,85,68,57,39,73
starter,139,3226,20,20,34,2,4,65.112,63.846,25,1.2018,unknown,regular,66,25,53,59,61,59,55,62,76,61,84,72,85,75,69,64,59,75,79,53,56,83,66,55,37,71
bench,140,3226,20,20,8,0,0,63.112,61.846,25,1.4557,unknown,regular,64,23,51,57,59,57,53,60,74,59,82,70,83,73,67,62,57,73,77,51,54,81,64,53,35,69
low,141,3226,19,19,12,1,1,66.112,64.846,25,2.062,unknown,regular,67,26,54,60,62,60,56,63,77,62,85,73,86,76,70,65,60,76,80,54,57,84,67,56,38,72
medium,142,3226,18,18,26,6,5,71.325,69.962,50,6.0666,unknown,regular,72,31,59,66,68,65,61,69,82,67,91,78,91,81,75,71,65,81,85,59,62,89,72,61,41,77
great,143,3226,19,19,35,15,15,69.614,68.231,50,5.2081,unknown,regular,70,29,58,64,66,64,60,67,81,65,89,76,90,80,73,69,63,79,83,57,60,88,70,59,39,75
starter,144,3226,20,20,34,2,4,66.112,64.846,25,0.9229,decliner,regular,67,26,54,60,62,60,56,63,77,62,85,73,86,76,70,65,60,76,80,54,57,84,67,56,38,72
bench,145,3226,18,18,8,0,0,69.733,68.5,20,0.936,unknown,sharpie,71,30,56,62,64,62,60,67,81,66,89,77,90,80,74,70,64,80,84,58,59,88,71,60,42,76
low,146,3226,19,19,12,1,1,63.877,62.538,32,1.4719,unknown,genetic_freak,64,23,54,62,63,60,53,60,74,59,82,70,83,73,67,62,57,73,77,51,57,81,64,53,35,69
medium,147,3226,18,18,26,6,5,64.112,62.846,25,0.7975,unknown,regular,65,24,52,58,60,58,54,61,75,60,83,71,84,74,68,63,58,74,78,52,55,82,65,54,36,70
great,148,3226,20,20,35,15,15,72.157,70.769,51,8.5927,unknown,regular,73,32,60,67,68,66,62,69,83,68,91,79,92,82,76,71,66,82,86,60,63,90,73,62,41,78
starter,149,3226,19,19,34,2,4,70.539,69.077,71,7.0998,unknown,regular,71,29,59,65,67,65,60,68,82,66,90,77,91,80,74,70,64,80,84,58,62,89,71,60,38,76
bench,150,3226,19,19,8,0,0,68.157,66.885,25,2.5337,unknown,regular,69,28,56,63,64,62,58,65,79,64,87,75,88,78,72,67,62,78,82,56,59,86,69,58,40,74
low,151,3226,19,19,12,1,1,70.084,68.769,26,3.7838,unknown,regular,71,29,58,65,66,64,60,67,81,66,89,77,90,80,74,69,64,80,83,58,61,88,71,60,41,76
medium,152,3226,20,20,26,6,5,70.2,68.923,25,3.3123,unknown,regular,71,30,58,65,66,64,60,67,81,66,89,77,90,80,74,70,64,80,84,58,61,88,71,60,42,76
great,153,3226,19,19,35,15,15,66.112,64.769,50,3.5339,unknown,regular,67,26,54,60,62,60,56,63,77,62,85,73,86,76,70,65,60,76,80,54,57,84,67,56,36,72
starter,154,3226,19,19,34,2,4,66.112,64.846,25,1.2227,unknown,regular,67,26,54,60,62,60,56,63,77,62,85,73,86,76,70,65,60,76,80,54,57,84,67,56,38,72
bench,155,3226,18,18,8,0,0,67.112,65.846,25,1.3058,unknown,regular,68,27,55,61,63,61,57,64,78,63,86,74,87,77,71,66,61,77,81,55,58,85,68,57,39,73
low,156,3226,20,20,12,1,1,70.112,68.846,25,2.365,unknown,regular,71,30,58,64,66,64,60,67,81,66,89,77,90,80,74,69,64,80,84,58,61,88,71,60,42,76
medium,157,3226,19,19,26,6,5,64.776,63.423,41,2.3803,unknown,regular,65,24,53,59,61,59,55,62,76,61,84,72,85,75,68,64,58,74,78,52,56,83,65,54,35,71
great,158,3226,20,20,35,15,15,68.112,66.769,50,4.0355,unknown,regular,69,28,56,62,64,62,58,65,79,64,87,75,88,78,72,67,62,78,82,56,59,86,69,58,38,74
starter,159,3226,19,19,34,2,4,67.112,65.846,25,2.0941,regular,regular,68,27,55,61,63,61,57,64,78,63,86,74,87,77,71,66,61,77,81,55,58,85,68,57,39,73
bench,160,3226,19,19,8,0,0,64.112,62.846,25,0.5571,decliner,regular,65,24,52,58,60,58,54,61,75,60,83,71,84,74,68,63,58,74,78,52,55,82,65,54,36,70
low,161,3226,19,19,12,1,1,70.112,68.846,25,1.0676,unknown,regular,71,30,58,64,66,64,60,67,81,66,89,77,90,80,74,69,64,80,84,58,61,88,71,60,42,76
medium,162,3226,20,20,26,6,5,66.408,65.038,50,3.8873,early_peak,regular,67,26,55,61,63,60,56,64,78,62,86,73,86,76,70,66,60,76,80,54,57,84,67,56,36,72
great,163,3226,18,18,35,15,15,73.2,71.769,50,10.3832,unknown,regular,74,33,61,68,69,67,63,70,84,69,92,80,93,83,77,73,67,83,87,61,64,91,74,63,41,79
starter,164,3226,19,19,34,2,4,69.572,68.231,36,3.6438,unknown,regular,70,29,58,64,66,63,60,67,81,65,89,77,90,79,73,69,63,79,83,57,60,88,70,59,40,75
bench,165,3226,20,20,8,0,0,70.112,68.846,25,1.0078,unknown,regular,71,30,58,64,66,64,60,67,81,66,89,77,90,80,74,69,64,80,84,58,61,88,71,60,42,76
low,166,3226,18,18,12,1,1,64.112,62.846,25,1.2184,unknown,regular,65,24,52,58,60,58,54,61,75,60,83,71,84,74,68,63,58,74,78,52,55,82,65,54,36,70
medium,167,3226,20,20,26,6,5,63.112,61.846,25,1.4103,unknown,regular,64,23,51,57,59,57,53,60,74,59,82,70,83,73,67,62,57,73,77,51,54,81,64,53,35,69
great,168,3226,18,18,35,15,15,70.619,69.115,78,9.1706,unknown,regular,71,30,59,66,67,65,60,68,82,66,90,77,91,80,74,70,64,80,84,58,62,89,71,60,37,76
starter,169,3226,19,19,34,2,4,68.927,67.538,50,4.8036,unknown,regular,70,28,57,63,65,63,59,66,80,65,88,76,89,79,72,68,62,78,83,56,60,87,70,59,38,75
bench,170,3226,18,18,8,0,0,64.824,63.5,27,2.2151,unknown,jokester,65,24,53,60,61,59,55,62,76,61,84,72,85,75,68,65,58,74,78,52,56,83,65,54,36,70
low,171,3226,19,19,12,1,1,64.325,63.038,25,2.0135,unknown,regular,65,24,52,59,60,58,54,62,76,60,83,71,84,74,68,64,58,74,78,52,55,83,65,54,36,70
medium,172,3226,20,20,26,6,5,67.983,66.538,68,5.5138,unknown,regular,68,27,56,63,65,62,58,65,79,64,87,75,88,78,71,68,61,77,81,56,59,86,68,58,36,74
great,173,3226,19,19,35,15,15,67.347,66.077,27,1.3609,unknown,sharpie,68,27,55,61,63,61,57,64,78,63,86,74,87,77,72,68,63,78,81,55,58,85,68,57,39,73
starter,174,3226,19,19,34,2,4,69.112,67.846,25,1.9493,unknown,regular,70,29,57,63,65,63,59,66,80,65,88,76,89,79,73,68,63,79,83,57,60,87,70,59,41,75
bench,175,3226,18,18,8,0,0,65.077,63.808,24,0.4425,unknown,regular,66,24,53,59,61,59,55,62,76,61,84,72,85,75,69,64,59,75,79,53,56,83,66,55,37,71
low,176,3226,19,19,12,1,1,67.573,66.269,25,2.6633,unknown,regular,68,27,56,62,64,61,57,65,79,64,87,74,88,77,71,67,61,77,81,55,59,86,68,57,39,73
medium,177,3226,20,20,26,6,5,70.573,69.154,51,6.9532,unknown,regular,71,30,59,65,67,65,60,68,82,66,90,78,91,80,74,70,64,80,84,58,61,89,71,60,39,76
great,178,3226,19,19,35,15,15,72.2,70.808,50,8.81,unknown,regular,73,32,60,67,68,66,62,69,83,68,91,79,92,82,76,72,66,82,86,60,63,90,73,62,41,78
starter,179,3226,20,20,34,2,4,71.45,70.038,58,7.7769,unknown,sharpie,71,30,57,64,66,63,61,68,83,67,90,78,91,81,79,76,69,85,85,59,60,89,72,61,39,77
bench,180,3226,20,20,8,0,0,65.112,63.769,50,2.9354,unknown,regular,66,25,53,59,61,59,55,62,76,61,84,72,85,75,69,64,59,75,79,53,56,83,66,55,35,71
low,181,3226,19,19,12,1,1,64.157,62.885,25,1.8888,unknown,regular,65,24,52,59,60,58,54,61,75,60,83,71,84,74,68,63,58,74,78,52,55,82,65,54,36,70
medium,182,3226,20,20,26,6,5,67.112,65.769,50,3.3826,unknown,regular,68,27,55,61,63,61,57,64,78,63,86,74,87,77,71,66,61,77,81,55,58,85,68,57,37,73
great,183,3226,18,18,35,15,15,68.112,66.846,25,1.2839,unknown,regular,69,28,56,62,64,62,58,65,79,64,87,75,88,78,72,67,62,78,82,56,59,86,69,58,40,74
starter,184,3226,20,20,34,2,4,69.112,67.846,25,1.465,unknown,regular,70,29,57,63,65,63,59,66,80,65,88,76,89,79,73,68,63,79,83,57,60,87,70,59,41,75
bench,185,3226,20,20,8,0,0,69.112,67.846,25,2.6826,unknown,regular,70,29,57,63,65,63,59,66,80,65,88,76,89,79,73,68,63,79,83,57,60,87,70,59,41,75
low,186,3226,18,18,12,1,1,66.2,64.923,25,2.3577,unknown,regular,67,26,54,61,62,60,56,63,77,62,85,73,86,76,70,66,60,76,80,54,57,84,67,56,38,72
medium,187,3226,18,18,26,6,5,69.695,68.192,75,7.6415,unknown,regular,70,29,58,64,66,64,60,67,81,65,89,77,90,79,73,69,63,79,83,57,61,88,70,59,36,76
great,188,3226,19,19,35,15,15,68.112,66.846,25,1.3746,unknown,regular,69,28,56,62,64,62,58,65,79,64,87,75,88,78,72,67,62,78,82,56,59,86,69,58,40,74
starter,189,3226,19,19,34,2,4,70.928,69.538,50,6.2172,unknown,regular,72,30,59,65,67,65,61,68,82,67,90,78,91,81,74,70,64,80,84,59,62,89,72,61,40,77
bench,190,3226,19,19,8,0,0,68.89,67.538,44,3.6593,unknown,regular,69,28,57,63,65,63,59,66,80,65,88,76,89,79,72,68,62,78,82,57,60,87,70,59,39,75
low,191,3226,20,20,12,1,1,65.157,63.885,25,1.9621,unknown,regular,66,25,53,60,61,59,55,62,76,61,84,72,85,75,69,64,59,75,79,53,56,83,66,55,37,71
medium,192,3226,20,20,26,6,5,70.776,69.462,25,4.1203,unknown,regular,71,30,59,65,67,65,61,68,82,67,90,78,91,81,74,70,64,80,84,58,62,89,71,60,42,77
great,193,3226,18,18,35,15,15,63.112,61.846,25,1.5502,late_bloomer,regular,64,23,51,57,59,57,53,60,74,59,82,70,83,73,67,62,57,73,77,51,54,81,64,53,35,69
starter,194,3226,20,20,34,2,4,68.157,66.769,51,5.1311,unknown,regular,69,28,56,63,64,62,58,65,79,64,87,75,88,78,72,67,62,78,82,56,59,86,69,58,37,74
bench,195,3226,20,20,8,0,0,68.112,66.846,25,1.0123,unknown,regular,69,28,56,62,64,62,58,65,79,64,87,75,88,78,72,67,62,78,82,56,59,86,69,58,40,74
low,196,3226,20,20,12,1,1,68.968,67.692,22,0.5832,unknown,regular,70,27,57,63,65,63,59,66,80,65,88,76,89,79,72,68,63,78,83,57,60,87,70,59,41,75
medium,197,3226,20,20,26,6,5,70.112,68.846,25,2.8483,unknown,regular,71,30,58,64,66,64,60,67,81,66,89,77,90,80,74,69,64,80,84,58,61,88,71,60,42,76
great,198,3226,19,19,35,15,15,71.122,69.654,74,8.4447,unknown,regular,72,30,59,66,67,65,61,68,82,67,90,78,91,81,75,70,65,81,85,59,62,89,72,61,38,77
starter,199,3226,20,20,34,2,4,64.112,62.846,25,1.0215,decliner,regular,65,24,52,58,60,58,54,61,75,60,83,71,84,74,68,63,58,74,78,52,55,82,65,54,36,70
bench,200,3226,19,19,8,0,0,69.112,67.846,25,2.7202,unknown,regular,70,29,57,63,65,63,59,66,80,65,88,76,89,79,73,68,63,79,83,57,60,87,70,59,41,75
low,201,3226,21,21,12,1,1,70.112,68.808,25,2.1474,unknown,regular,71,30,58,64,66,64,60,67,81,66,89,77,90,80,74,69,64,80,84,58,61,88,71,60,41,76
medium,202,3226,21,21,26,6,5,65.112,63.808,25,1.2745,unknown,regular,66,25,53,59,61,59,55,62,76,61,84,72,85,75,69,64,59,75,79,53,56,83,66,55,36,71
great,203,3226,21,21,35,15,15,68.62,67.115,50,5.0415,unknown,regular,69,28,57,64,65,63,59,66,79,64,88,75,89,78,72,69,62,78,82,56,59,87,69,58,35,74
starter,204,3226,19,19,34,2,4,67.89,66.462,44,3.3725,unknown,regular,68,27,56,62,64,62,58,65,79,64,87,75,88,78,71,67,61,77,81,56,59,86,69,58,36,74
bench,205,3226,19,19,8,0,0,68.112,66.808,25,0.7472,unknown,regular,69,28,56,62,64,62,58,65,79,64,87,75,88,78,72,67,62,78,82,56,59,86,69,58,39,74
low,206,3226,21,21,12,1,1,67.74,66.385,25,2.5195,unknown,regular,68,27,56,63,64,62,58,65,79,63,87,74,88,78,71,67,61,77,81,55,59,86,68,57,38,74
medium,207,3226,19,19,26,6,5,69.165,67.692,50,5.1042,unknown,regular,70,28,57,64,65,63,59,66,80,65,88,76,89,79,73,69,63,79,83,57,60,87,70,59,36,75
great,208,3226,20,20,35,15,15,73.89,72.385,45,8.3535,unknown,regular,74,33,62,68,70,68,64,71,85,70,93,81,94,84,77,73,67,83,87,62,65,92,75,64,40,80
starter,209,3226,21,21,34,2,4,71.408,70.077,25,3.7169,unknown,regular,72,31,59,66,68,65,61,68,83,67,91,78,91,81,75,71,65,81,85,59,63,90,72,61,42,77
bench,210,3226,19,19,8,0,0,69.112,67.808,25,1.89,unknown,regular,70,29,57,63,65,63,59,66,80,65,88,76,89,79,73,68,63,79,83,57,60,87,70,59,40,75
low,211,3226,21,21,12,1,1,66.353,65.038,26,0.9854,unknown,sharpie,67,26,54,60,62,60,56,63,77,62,85,73,86,76,71,68,61,77,80,54,57,84,67,56,37,72
medium,212,3226,21,21,26,6,5,70.7,69.115,52,6.9283,unknown,regular,71,30,59,66,67,65,61,68,82,66,90,77,91,81,74,70,64,80,84,58,62,89,71,60,35,76
great,213,3226,19,19,35,15,15,68.112,66.808,25,1.49,unknown,regular,69,28,56,62,64,62,58,65,79,64,87,75,88,78,72,67,62,78,82,56,59,86,69,58,39,74
starter,214,3226,20,20,34,2,4,71.455,70.0,49,5.2577,unknown,regular,72,30,59,66,68,66,61,68,83,68,91,78,91,81,75,71,65,81,85,59,63,90,72,61,39,77
bench,215,3226,20,20,8,0,0,68.332,67.0,16,0.4593,unknown,regular,68,26,57,63,65,63,59,66,80,65,88,76,89,79,70,68,61,76,80,55,60,87,68,58,40,75
low,216,3226,19,19,12,1,1,65.112,63.808,25,0.7778,unknown,regular,66,25,53,59,61,59,55,62,76,61,84,72,85,75,69,64,59,75,79,53,56,83,66,55,36,71
medium,217,3226,20,20,26,6,5,70.129,68.769,29,3.3819,unknown,sharpie,70,29,56,62,64,62,60,67,81,66,89,77,90,80,77,74,67,83,83,58,59,88,71,60,39,76
great,218,3226,19,19,35,15,15,72.436,71.0,45,6.7862,unknown,sharpie,73,32,59,65,67,64,62,69,83,68,91,79,92,82,80,75,70,86,86,60,61,90,73,62,39,78
starter,219,3226,19,19,34,2,4,69.112,67.808,25,2.048,unknown,regular,70,29,57,63,65,63,59,66,80,65,88,76,89,79,73,68,63,79,83,57,60,87,70,59,40,75
bench,220,3226,20,20,8,0,0,71.242,69.923,25,3.4998,unknown,regular,72,31,59,66,67,65,61,68,82,67,90,78,91,81,75,71,65,81,85,59,62,90,72,61,42,77
low,221,3226,19,19,12,1,1,71.851,70.5,25,4.1018,unknown,regular,73,31,60,66,68,66,62,69,83,68,91,79,92,82,75,71,65,81,85,60,63,90,72,61,42,78
medium,222,3226,21,21,26,6,5,71.614,70.231,25,4.4138,unknown,regular,72,31,60,66,68,66,61,69,83,67,91,78,92,82,75,71,65,81,85,59,63,90,72,61,41,77
great,223,3226,19,19,35,15,15,71.821,70.308,50,5.8771,unknown,regular,72,31,60,67,68,66,62,69,83,68,91,79,92,82,75,71,65,81,85,59,63,90,72,61,38,78
starter,224,3226,20,20,34,2,4,70.157,68.846,25,2.9369,regular,regular,71,30,58,65,66,64,60,67,81,66,89,77,90,80,74,69,64,80,84,58,61,88,71,60,41,76
bench,225,3226,20,20,8,0,0,68.533,67.077,50,3.9908,unknown,regular,69,28,57,63,65,63,58,66,80,64,88,75,89,78,72,68,62,78,82,56,59,87,69,58,36,74
low,226,3226,21,21,12,1,1,68.741,67.308,41,3.4556,unknown,regular,69,27,57,63,65,63,59,66,80,65,88,76,89,79,72,68,62,78,82,56,60,87,69,58,37,75
medium,227,3226,20,20,26,6,5,73.776,72.269,50,8.2842,unknown,regular,74,33,62,68,70,68,64,71,85,70,93,81,94,84,77,73,67,83,87,61,65,92,74,63,40,80
great,228,3226,21,21,35,15,15,70.207,68.846,25,3.2287,unknown,regular,71,29,58,65,66,64,60,67,81,66,89,77,90,80,74,70,64,80,84,58,61,89,71,60,40,76
starter,229,3226,19,19,34,2,4,69.821,68.269,51,6.2672,unknown,regular,70,29,58,65,66,64,60,67,81,66,89,77,90,80,73,69,63,79,83,57,61,88,70,59,35,76
bench,230,3226,20,20,8,0,0,70.085,68.692,26,3.8778,unknown,regular,71,29,58,65,66,64,60,67,81,66,89,77,90,80,73,69,64,80,84,58,61,88,71,60,39,76
low,231,3226,19,19,12,1,1,64.112,62.808,25,0.8593,unknown,regular,65,24,52,58,60,58,54,61,75,60,83,71,84,74,68,63,58,74,78,52,55,82,65,54,35,70
medium,232,3226,20,20,26,6,5,66.157,64.846,25,2.0366,unknown,regular,67,26,54,61,62,60,56,63,77,62,85,73,86,76,70,65,60,76,80,54,57,84,67,56,37,72
great,233,3226,20,20,35,15,15,73.865,72.231,43,10.6765,unknown,sharpie,74,33,59,65,67,65,64,71,85,70,93,81,94,84,80,82,70,86,87,61,62,92,74,63,36,80
starter,234,3226,20,20,34,2,4,70.903,69.462,42,4.5951,unknown,regular,71,30,59,66,67,65,61,68,82,67,90,78,91,81,74,71,64,80,84,58,62,89,71,61,39,77
bench,235,3226,21,21,8,0,0,66.705,65.308,26,2.5398,unknown,regular,67,25,55,62,63,61,57,64,78,62,86,74,87,76,70,66,60,76,80,54,58,85,67,56,36,73
low,236,3226,20,20,12,1,1,68.112,66.808,25,0.8792,unknown,regular,69,28,56,62,64,62,58,65,79,64,87,75,88,78,72,67,62,78,82,56,59,86,69,58,39,74
medium,237,3226,19,19,26,6,5,66.62,65.192,38,2.7409,unknown,regular,67,25,55,61,63,61,57,64,78,62,86,73,87,76,70,66,60,76,80,54,58,85,67,56,35,73
great,238,3226,21,21,35,15,15,68.2,66.885,25,2.2732,unknown,regular,69,28,56,63,64,62,58,65,79,64,87,75,88,78,72,68,62,78,82,56,59,86,69,58,39,74
starter,239,3226,21,21,34,2,4,66.112,64.808,25,1.1149,unknown,regular,67,26,54,60,62,60,56,63,77,62,85,73,86,76,70,65,60,76,80,54,57,84,67,56,37,72
bench,240,3226,21,21,8,0,0,64.112,62.808,25,1.4515,unknown,regular,65,24,52,58,60,58,54,61,75,60,83,71,84,74,68,63,58,74,78,52,55,82,65,54,35,70
low,241,3226,20,20,12,1,1,67.112,65.808,25,2.1235,unknown,regular,68,27,55,61,63,61,57,64,78,63,86,74,87,77,71,66,61,77,81,55,58,85,68,57,38,73
medium,242,3226,19,19,26,6,5,72.776,71.346,36,6.0954,unknown,regular,73,32,61,67,69,67,63,70,84,69,92,80,93,83,76,72,66,82,86,60,64,91,73,62,41,79
great,243,3226,20,20,35,15,15,71.614,70.154,50,5.2418,unknown,regular,72,31,60,66,68,66,62,69,83,67,91,78,92,82,75,71,65,81,85,59,62,90,72,61,39,77
starter,244,3226,21,21,34,2,4,67.112,65.808,25,0.9021,decliner,regular,68,27,55,61,63,61,57,64,78,63,86,74,87,77,71,66,61,77,81,55,58,85,68,57,38,73
bench,245,3226,19,19,8,0,0,70.486,69.231,19,0.9413,unknown,sharpie,72,30,56,62,64,62,61,68,82,67,90,78,91,81,75,71,65,81,85,59,59,89,72,61,42,77
low,246,3226,20,20,12,1,1,65.088,63.692,30,1.4719,unknown,genetic_freak,65,24,56,64,65,62,54,61,75,60,83,71,84,74,68,63,58,74,78,52,59,82,65,54,35,70
medium,247,3226,19,19,26,6,5,65.112,63.808,25,0.8615,unknown,regular,66,25,53,59,61,59,55,62,76,61,84,72,85,75,69,64,59,75,79,53,56,83,66,55,36,71
great,248,3226,21,21,35,15,15,73.814,72.346,41,8.0924,unknown,regular,74,33,62,68,70,68,64,71,85,70,93,81,94,84,77,73,67,83,87,61,65,92,74,64,41,80
starter,249,3226,20,20,34,2,4,72.539,71.0,50,7.0526,unknown,regular,73,31,61,67,69,67,62,70,84,68,92,79,93,82,76,72,66,82,86,60,64,91,73,62,38,78
bench,250,3226,20,20,8,0,0,69.157,67.846,25,2.5304,unknown,regular,70,29,57,64,65,63,59,66,80,65,88,76,89,79,73,68,63,79,83,57,60,87,70,59,40,75
low,251,3226,20,20,12,1,1,71.084,69.731,25,3.8369,unknown,regular,72,30,59,66,67,65,61,68,82,67,90,78,91,81,75,70,65,81,84,59,62,89,72,61,41,77
medium,252,3226,21,21,26,6,5,71.2,69.885,25,3.5523,unknown,regular,72,31,59,66,67,65,61,68,82,67,90,78,91,81,75,71,65,81,85,59,62,89,72,61,42,77
great,253,3226,20,20,35,15,15,68.003,66.577,47,3.4507,unknown,regular,69,27,56,62,64,62,58,65,79,64,87,75,88,78,71,67,62,77,82,56,59,86,69,58,36,74
starter,254,3226,20,20,34,2,4,67.112,65.808,25,1.2399,unknown,regular,68,27,55,61,63,61,57,64,78,63,86,74,87,77,71,66,61,77,81,55,58,85,68,57,38,73
bench,255,3226,19,19,8,0,0,68.112,66.808,25,1.3077,unknown,regular,69,28,56,62,64,62,58,65,79,64,87,75,88,78,72,67,62,78,82,56,59,86,69,58,39,74
low,256,3226,21,21,12,1,1,71.112,69.808,25,2.3218,unknown,regular,72,31,59,65,67,65,61,68,82,67,90,78,91,81,75,70,65,81,85,59,62,89,72,61,42,77
medium,257,3226,20,20,26,6,5,65.864,64.462,27,2.4651,unknown,regular,66,25,54,61,62,60,56,63,77,62,85,73,86,76,69,66,59,75,79,53,57,84,66,55,35,72
great,258,3226,21,21,35,15,15,69.89,68.462,44,4.1366,unknown,regular,70,29,58,64,66,64,60,67,81,66,89,77,90,80,73,69,63,79,83,58,61,88,71,60,38,76
starter,259,3226,20,20,34,2,4,68.112,66.808,25,2.0598,regular,regular,69,28,56,62,64,62,58,65,79,64,87,75,88,78,72,67,62,78,82,56,59,86,69,58,39,74
bench,260,3226,20,20,8,0,0,65.112,63.808,25,0.559,decliner,regular,66,25,53,59,61,59,55,62,76,61,84,72,85,75,69,64,59,75,79,53,56,83,66,55,36,71
low,261,3226,20,20,12,1,1,71.112,69.808,25,1.0548,unknown,regular,72,31,59,65,67,65,61,68,82,67,90,78,91,81,75,70,65,81,85,59,62,89,72,61,42,77
medium,262,3226,21,21,26,6,5,68.408,66.962,50,3.9947,early_peak,regular,69,28,57,63,65,62,58,66,80,64,88,75,88,78,72,68,62,78,82,56,59,86,69,58,36,74
great,263,3226,19,19,35,15,15,75.002,73.5,45,11.3309,unknown,regular,76,34,63,69,71,69,65,72,86,71,94,82,95,85,78,74,69,85,88,63,66,93,76,65,41,81
starter,264,3226,20,20,34,2,4,70.572,69.192,25,3.9088,unknown,regular,71,30,59,65,67,64,61,68,82,66,90,78,91,80,74,70,64,80,84,58,61,89,71,60,40,76
bench,265,3226,21,21,8,0,0,71.112,69.808,25,1.0065,unknown,regular,72,31,59,65,67,65,61,68,82,67,90,78,91,81,75,70,65,81,85,59,62,89,72,61,42,77
low,266,3226,19,19,12,1,1,65.112,63.808,25,1.2242,unknown,regular,66,25,53,59,61,59,55,62,76,61,84,72,85,75,69,64,59,75,79,53,56,83,66,55,36,71
medium,267,3226,21,21,26,6,5,64.112,62.808,25,1.3813,unknown,regular,65,24,52,58,60,58,54,61,75,60,83,71,84,74,68,63,58,74,78,52,55,82,65,54,35,70
great,268,3226,19,19,35,15,15,72.7,71.115,52,9.5486,unknown,regular,73,32,61,68,69,67,62,70,84,68,92,80,93,83,76,72,66,82,86,60,64,91,73,62,37,78
starter,269,3226,20,20,34,2,4,70.927,69.462,50,5.0411,unknown,regular,72,30,59,65,67,65,61,68,82,67,90,78,91,81,74,70,64,80,85,58,62,89,72,61,38,77
bench,270,3226,19,19,8,0,0,65.824,64.462,25,2.2074,unknown,jokester,66,25,54,61,62,60,56,63,77,62,85,73,86,76,69,66,59,75,79,53,57,84,66,55,36,71
low,271,3226,20,20,12,1,1,65.325,64.0,25,1.9986,unknown,regular,66,25,53,60,61,59,55,63,77,61,84,72,85,75,69,65,59,75,79,53,56,84,66,55,36,71
medium,272,3226,21,21,26,6,5,69.983,68.462,50,5.431,unknown,regular,70,29,58,65,67,64,60,67,81,66,89,77,90,80,73,70,63,79,83,58,61,88,70,60,36,76
great,273,3226,20,20,35,15,15,68.39,67.077,26,1.3931,unknown,sharpie,69,28,56,62,64,62,58,65,79,64,87,75,88,78,73,70,64,79,82,56,59,86,69,58,39,74
starter,274,3226,20,20,34,2,4,70.112,68.808,25,1.9332,unknown,regular,71,30,58,64,66,64,60,67,81,66,89,77,90,80,74,69,64,80,84,58,61,88,71,60,41,76
bench,275,3226,19,19,8,0,0,66.042,64.731,24,0.4424,unknown,regular,67,24,54,60,62,60,56,63,77,62,85,73,86,76,70,65,60,76,80,54,57,84,67,56,37,72
low,276,3226,20,20,12,1,1,68.573,67.231,25,2.6653,unknown,regular,69,28,57,63,65,62,58,66,80,65,88,75,89,78,72,68,62,78,82,56,60,87,69,58,39,74
medium,277,3226,21,21,26,6,5,72.573,71.077,50,7.1934,unknown,regular,73,32,61,67,69,67,62,70,84,68,92,80,93,82,76,72,66,82,86,60,63,91,73,62,39,78
great,278,3226,20,20,35,15,15,73.852,72.385,41,8.3112,unknown,regular,74,33,62,68,70,68,64,71,85,70,93,81,94,84,77,73,67,83,87,62,65,92,74,64,41,80
starter,279,3226,21,21,34,2,4,73.426,71.923,49,7.4858,unknown,sharpie,73,32,59,66,67,65,63,70,85,69,92,80,93,83,80,81,70,86,87,61,62,91,74,63,39,79
bench,280,3226,21,21,8,0,0,66.814,65.385,42,2.9388,unknown,regular,67,26,55,61,63,61,57,64,78,63,86,74,87,77,70,66,60,76,80,54,58,85,67,57,35,73
low,281,3226,20,20,12,1,1,65.157,63.846,25,1.9048,unknown,regular,66,25,53,60,61,59,55,62,76,61,84,72,85,75,69,64,59,75,79,53,56,83,66,55,36,71
medium,282,3226,21,21,26,6,5,68.814,67.385,42,3.5518,unknown,regular,69,28,57,63,65,63,59,66,80,65,88,76,89,79,72,68,62,78,82,56,60,87,70,58,37,75
great,283,3226,19,19,35,15,15,69.112,67.808,25,1.457,unknown,regular,70,29,57,63,65,63,59,66,80,65,88,76,89,79,73,68,63,79,83,57,60,87,70,59,40,75
starter,284,3226,21,21,34,2,4,70.112,68.808,25,1.3607,unknown,regular,71,30,58,64,66,64,60,67,81,66,89,77,90,80,74,69,64,80,84,58,61,88,71,60,41,76
bench,285,3226,21,21,8,0,0,70.112,68.808,25,2.6701,unknown,regular,71,30,58,64,66,64,60,67,81,66,89,77,90,80,74,69,64,80,84,58,61,88,71,60,41,76
low,286,3226,19,19,12,1,1,67.2,65.885,25,2.3618,unknown,regular,68,27,55,62,63,61,57,64,78,63,86,74,87,77,71,67,61,77,81,55,58,85,68,57,38,73
medium,287,3226,19,19,26,6,5,71.695,70.115,50,7.552,unknown,regular,72,31,60,66,68,66,62,69,83,67,91,79,92,81,75,71,65,81,85,59,63,90,72,61,36,78
great,288,3226,20,20,35,15,15,69.112,67.808,25,1.4726,unknown,regular,70,29,57,63,65,63,59,66,80,65,88,76,89,79,73,68,63,79,83,57,60,87,70,59,40,75
starter,289,3226,20,20,34,2,4,72.776,71.308,46,6.1246,unknown,regular,73,32,61,67,69,67,63,70,84,69,92,80,93,83,76,72,66,82,86,60,64,91,73,62,40,79
bench,290,3226,20,20,8,0,0,69.935,68.538,26,3.6651,unknown,regular,70,29,58,65,66,64,60,67,81,66,89,77,90,80,73,69,63,79,83,58,61,88,71,60,39,76
low,291,3226,21,21,12,1,1,66.157,64.846,25,1.9127,unknown,regular,67,26,54,61,62,60,56,63,77,62,85,73,86,76,70,65,60,76,80,54,57,84,67,56,37,72
medium,292,3226,21,21,26,6,5,71.776,70.423,25,4.0962,unknown,regular,72,31,60,66,68,66,62,69,83,68,91,79,92,82,75,71,65,81,85,59,63,90,72,61,42,78
great,293,3226,19,19,35,15,15,64.112,62.808,25,1.4776,late_bloomer,regular,65,24,52,58,60,58,54,61,75,60,83,71,84,74,68,63,58,74,78,52,55,82,65,54,35,70
starter,294,3226,21,21,34,2,4,70.157,68.692,50,5.108,unknown,regular,71,30,58,65,66,64,60,67,81,66,89,77,90,80,74,69,64,80,84,58,61,88,71,60,37,76
bench,295,3226,21,21,8,0,0,69.112,67.808,25,1.016,unknown,regular,70,29,57,63,65,63,59,66,80,65,88,76,89,79,73,68,63,79,83,57,60,87,70,59,40,75
low,296,3226,21,21,12,1,1,69.67,68.346,17,0.5796,unknown,regular,70,27,58,64,66,64,60,67,81,66,89,77,90,80,72,69,63,78,83,57,61,88,70,60,41,76
medium,297,3226,21,21,26,6,5,71.112,69.808,25,2.8849,unknown,regular,72,31,59,65,67,65,61,68,82,67,90,78,91,81,75,70,65,81,85,59,62,89,72,61,42,77
great,298,3226,20,20,35,15,15,73.122,71.577,50,9.0742,unknown,regular,74,32,61,68,69,67,63,70,84,69,92,80,93,83,77,72,67,83,87,61,64,91,74,63,38,79
starter,299,3226,21,21,34,2,4,65.112,63.808,25,1.0682,decliner,regular,66,25,53,59,61,59,55,62,76,61,84,72,85,75,69,64,59,75,79,53,56,83,66,55,36,71
bench,300,3226,20,20,8,0,0,70.112,68.808,25,2.712,unknown,regular,71,30,58,64,66,64,60,67,81,66,89,77,90,80,74,69,64,80,84,58,61,88,71,60,41,76
low,301,3226,22,22,12,1,1,71.112,69.769,25,2.1532,unknown,regular,72,31,59,65,67,65,61,68,82,67,90,78,91,81,75,70,65,81,85,59,62,89,72,61,41,77
medium,302,3226,22,22,26,6,5,66.112,64.769,25,1.2636,unknown,regular,67,26,54,60,62,60,56,63,77,62,85,73,86,76,70,65,60,76,80,54,57,84,67,56,36,72
great,303,3226,22,22,35,15,15,70.62,69.038,50,5.3681,unknown,regular,71,30,59,66,67,65,61,68,81,66,90,77,91,80,74,71,64,80,84,58,61,89,71,60,35,76
starter,304,3226,20,20,34,2,4,68.935,67.462,26,3.3427,unknown,regular,69,28,57,64,65,63,59,66,80,65,88,76,89,79,72,68,62,78,82,57,60,87,70,59,36,75
bench,305,3226,20,20,8,0,0,69.077,67.731,24,0.7427,unknown,regular,70,28,57,63,65,63,59,66,80,65,88,76,89,79,73,68,63,79,83,57,60,87,70,59,39,75
low,306,3226,22,22,12,1,1,68.74,67.346,25,2.4886,unknown,regular,69,28,57,64,65,63,59,66,80,64,88,75,89,79,72,68,62,78,82,56,60,87,69,58,38,75
medium,307,3226,20,20,26,6,5,71.128,69.577,49,4.8613,unknown,regular,72,30,59,66,67,65,61,68,82,67,90,78,91,81,75,71,65,80,85,59,62,89,72,61,36,77
great,308,3226,21,21,35,15,15,74.89,73.346,25,8.5386,unknown,regular,75,34,63,69,71,69,65,72,86,71,94,82,95,85,78,74,68,84,88,63,66,93,76,65,40,81
starter,309,3226,22,22,34,2,4,72.408,71.038,25,3.5303,unknown,regular,73,32,60,67,69,66,62,69,84,68,92,79,92,82,76,72,66,82,86,60,64,91,73,62,42,78
bench,310,3226,20,20,8,0,0,70.112,68.769,25,1.8961,unknown,regular,71,30,58,64,66,64,60,67,81,66,89,77,90,80,74,69,64,80,84,58,61,88,71,60,40,76
low,311,3226,22,22,12,1,1,67.187,65.846,21,0.9701,unknown,sharpie,68,27,54,61,62,60,57,64,78,63,86,74,87,77,72,69,62,78,81,55,57,85,68,57,37,73
medium,312,3226,22,22,26,6,5,72.7,71.038,50,6.8741,unknown,regular,73,32,61,68,69,67,63,70,84,68,92,79,93,83,76,72,66,82,86,60,64,91,73,62,35,78
great,313,3226,20,20,35,15,15,69.112,67.769,25,1.4508,unknown,regular,70,29,57,63,65,63,59,66,80,65,88,76,89,79,73,68,63,79,83,57,60,87,70,59,39,75
starter,314,3226,21,21,34,2,4,72.455,70.962,25,5.2542,unknown,regular,73,31,60,67,69,67,62,69,84,69,92,79,92,82,76,72,66,82,86,60,64,91,73,62,39,78
bench,315,3226,21,21,8,0,0,68.835,67.462,12,0.458,unknown,regular,68,26,58,64,66,64,60,67,81,65,89,76,90,79,70,69,61,76,80,55,61,88,68,58,40,75
low,316,3226,20,20,12,1,1,66.112,64.769,25,0.7641,unknown,regular,67,26,54,60,62,60,56,63,77,62,85,73,86,76,70,65,60,76,80,54,57,84,67,56,36,72
medium,317,3226,21,21,26,6,5,71.129,69.731,25,3.3461,unknown,sharpie,71,30,57,63,65,63,61,68,82,67,90,78,91,81,78,75,68,84,84,59,60,89,72,61,39,77
great,318,3226,20,20,35,15,15,73.324,71.846,22,7.0503,unknown,sharpie,74,33,60,66,68,65,63,70,84,69,92,80,93,83,80,75,70,86,87,61,62,92,74,63,39,79
starter,319,3226,20,20,34,2,4,70.112,68.769,25,2.1655,unknown,regular,71,30,58,64,66,64,60,67,81,66,89,77,90,80,74,69,64,80,84,58,61,88,71,60,40,76
bench,320,3226,21,21,8,0,0,72.242,70.885,25,3.4938,unknown,regular,73,32,60,67,68,66,62,69,83,68,91,79,92,82,76,72,66,82,86,60,63,91,73,62,42,78
low,321,3226,20,20,12,1,1,72.851,71.462,25,4.0455,unknown,regular,74,32,61,67,69,67,63,70,84,69,92,80,93,83,76,72,66,82,86,61,64,91,73,62,42,79
medium,322,3226,22,22,26,6,5,72.614,71.192,25,4.3512,unknown,regular,73,32,61,67,69,67,62,70,84,68,92,79,93,83,76,72,66,82,86,60,64,91,73,62,41,78
great,323,3226,20,20,35,15,15,72.821,71.269,25,5.7444,unknown,regular,73,32,61,68,69,67,63,70,84,69,92,80,93,83,76,72,66,82,86,60,64,91,73,62,38,79
starter,324,3226,21,21,34,2,4,71.157,69.808,25,2.9468,regular,regular,72,31,59,66,67,65,61,68,82,67,90,78,91,81,75,70,65,81,85,59,62,89,72,61,41,77
bench,325,3226,21,21,8,0,0,69.987,68.462,36,3.9825,unknown,regular,70,29,58,65,67,64,60,67,81,66,89,77,90,80,73,70,63,79,83,57,61,89,70,60,36,76
low,326,3226,22,22,12,1,1,69.741,68.269,25,3.4689,unknown,regular,70,28,58,64,66,64,60,67,81,66,89,77,90,80,73,69,63,79,83,57,61,88,70,59,37,76
medium,327,3226,21,21,26,6,5,74.776,73.231,25,7.9628,unknown,regular,75,34,63,69,71,69,65,72,86,71,94,82,95,85,78,74,68,84,88,62,66,93,75,64,40,81
great,328,3226,22,22,35,15,15,71.207,69.808,25,3.2543,unknown,regular,72,30,59,66,67,65,61,68,82,67,90,78,91,81,75,71,65,81,85,59,62,90,72,61,40,77
starter,329,3226,20,20,34,2,4,71.821,70.192,50,6.2125,unknown,regular,72,31,60,67,68,66,62,69,83,68,91,79,92,82,75,71,65,81,85,59,63,90,72,61,35,78
bench,330,3226,21,21,8,0,0,71.085,69.654,25,3.8776,unknown,regular,72,30,59,66,67,65,61,68,82,67,90,78,91,81,74,70,65,81,85,59,62,89,72,61,39,77
low,331,3226,20,20,12,1,1,65.112,63.769,25,0.8586,unknown,regular,66,25,53,59,61,59,55,62,76,61,84,72,85,75,69,64,59,75,79,53,56,83,66,55,35,71
medium,332,3226,21,21,26,6,5,67.157,65.808,25,2.0988,unknown,regular,68,27,55,62,63,61,57,64,78,63,86,74,87,77,71,66,61,77,81,55,58,85,68,57,37,73
great,333,3226,21,21,35,15,15,75.003,73.308,28,10.8034,unknown,sharpie,76,34,61,67,69,67,65,72,86,71,94,82,95,85,80,83,70,86,88,62,64,93,75,64,36,81
starter,334,3226,21,21,34,2,4,71.903,70.423,25,4.6493,unknown,regular,72,31,60,67,68,66,62,69,83,68,91,79,92,82,75,72,65,81,85,59,63,90,72,62,39,78
bench,335,3226,22,22,8,0,0,67.705,66.269,25,2.2855,unknown,regular,68,26,56,63,64,62,58,65,79,63,87,75,88,77,71,67,61,77,81,55,59,86,68,57,36,74
low,336,3226,21,21,12,1,1,69.112,67.769,25,0.8676,unknown,regular,70,29,57,63,65,63,59,66,80,65,88,76,89,79,73,68,63,79,83,57,60,87,70,59,39,75
medium,337,3226,20,20,26,6,5,67.62,66.154,25,2.6688,unknown,regular,68,26,56,62,64,62,58,65,79,63,87,74,88,77,71,67,61,77,81,55,59,86,68,57,35,74
great,338,3226,22,22,35,15,15,69.2,67.846,25,2.3562,unknown,regular,70,29,57,64,65,63,59,66,80,65,88,76,89,79,73,69,63,79,83,57,60,87,70,59,39,75
starter,339,3226,22,22,34,2,4,67.112,65.769,25,1.1521,unknown,regular,68,27,55,61,63,61,57,64,78,63,86,74,87,77,71,66,61,77,81,55,58,85,68,57,37,73
bench,340,3226,22,22,8,0,0,65.112,63.769,25,1.2965,unknown,regular,66,25,53,59,61,59,55,62,76,61,84,72,85,75,69,64,59,75,79,53,56,83,66,55,35,71
low,341,3226,21,21,12,1,1,68.112,66.769,25,2.0875,unknown,regular,69,28,56,62,64,62,58,65,79,64,87,75,88,78,72,67,62,78,82,56,59,86,69,58,38,74
medium,342,3226,20,20,26,6,5,73.776,72.308,25,5.5286,unknown,regular,74,33,62,68,70,68,64,71,85,70,93,81,94,84,77,73,67,83,87,61,65,92,74,63,41,80
great,343,3226,21,21,35,15,15,72.655,71.154,26,5.7881,unknown,regular,73,32,61,67,69,67,63,70,84,68,92,79,93,83,76,72,66,82,86,60,64,91,73,62,39,78
starter,344,3226,22,22,34,2,4,68.112,66.769,25,0.8443,decliner,regular,69,28,56,62,64,62,58,65,79,64,87,75,88,78,72,67,62,78,82,56,59,86,69,58,38,74
bench,345,3226,20,20,8,0,0,71.203,69.923,18,0.9426,unknown,sharpie,73,30,56,62,64,62,62,69,83,68,91,79,92,82,76,72,66,82,85,60,59,90,73,62,42,78
low,346,3226,21,21,12,1,1,66.299,64.846,30,1.4734,unknown,genetic_freak,66,25,58,66,67,64,55,62,76,61,84,72,85,75,69,64,59,75,79,53,61,83,66,55,35,71
medium,347,3226,20,20,26,6,5,66.112,64.769,25,0.7862,unknown,regular,67,26,54,60,62,60,56,63,77,62,85,73,86,76,70,65,60,76,80,54,57,84,67,56,36,72
great,348,3226,22,22,35,15,15,74.814,73.308,25,8.8958,unknown,regular,75,34,63,69,71,69,65,72,86,71,94,82,95,85,78,74,68,84,88,62,66,93,75,65,41,81
starter,349,3226,21,21,34,2,4,73.574,72.0,26,7.4032,unknown,regular,74,33,62,68,70,68,63,71,85,69,93,80,94,83,77,73,67,83,87,61,65,92,74,63,38,79
bench,350,3226,21,21,8,0,0,70.157,68.808,25,2.5058,unknown,regular,71,30,58,65,66,64,60,67,81,66,89,77,90,80,74,69,64,80,84,58,61,88,71,60,40,76
low,351,3226,21,21,12,1,1,72.084,70.692,25,3.8836,unknown,regular,73,31,60,67,68,66,62,69,83,68,91,79,92,82,76,71,66,82,85,60,63,90,73,62,41,78
medium,352,3226,22,22,26,6,5,72.2,70.846,25,3.3159,unknown,regular,73,32,60,67,68,66,62,69,83,68,91,79,92,82,76,72,66,82,86,60,63,90,73,62,42,78
great,353,3226,21,21,35,15,15,69.048,67.577,26,3.2022,unknown,regular,70,28,57,64,65,63,59,66,80,65,88,76,89,79,72,68,63,78,83,57,60,87,70,59,36,75
starter,354,3226,21,21,34,2,4,68.112,66.769,25,1.2561,unknown,regular,69,28,56,62,64,62,58,65,79,64,87,75,88,78,72,67,62,78,82,56,59,86,69,58,38,74
bench,355,3226,20,20,8,0,0,69.112,67.769,25,1.3167,unknown,regular,70,29,57,63,65,63,59,66,80,65,88,76,89,79,73,68,63,79,83,57,60,87,70,59,39,75
low,356,3226,22,22,12,1,1,72.112,70.769,25,2.3553,unknown,regular,73,32,60,66,68,66,62,69,83,68,91,79,92,82,76,71,66,82,86,60,63,90,73,62,42,78
medium,357,3226,21,21,26,6,5,66.864,65.423,25,2.3871,unknown,regular,67,26,55,62,63,61,57,64,78,63,86,74,87,77,70,67,60,76,80,54,58,85,67,56,35,73
great,358,3226,22,22,35,15,15,70.89,69.423,25,3.9755,unknown,regular,71,30,59,65,67,65,61,68,82,67,90,78,91,81,74,70,64,80,84,59,62,89,72,61,38,77
starter,359,3226,21,21,34,2,4,69.112,67.769,25,1.9644,regular,regular,70,29,57,63,65,63,59,66,80,65,88,76,89,79,73,68,63,79,83,57,60,87,70,59,39,75
bench,360,3226,21,21,8,0,0,66.112,64.769,25,0.5585,decliner,regular,67,26,54,60,62,60,56,63,77,62,85,73,86,76,70,65,60,76,80,54,57,84,67,56,36,72
low,361,3226,21,21,12,1,1,72.077,70.731,24,1.0746,unknown,regular,73,31,60,66,68,66,62,69,83,68,91,79,92,82,76,71,66,82,86,60,63,90,73,62,42,78
medium,362,3226,22,22,26,6,5,69.408,67.923,25,2.2101,early_peak,regular,70,29,58,64,66,63,59,67,81,65,89,76,89,79,73,69,63,79,83,57,60,87,70,59,36,75
great,363,3226,20,20,35,15,15,76.002,74.462,25,10.9676,unknown,regular,77,35,64,70,72,70,66,73,87,72,95,83,96,86,79,75,70,86,89,64,67,94,77,66,41,82
starter,364,3226,21,21,34,2,4,71.572,70.154,25,3.9098,unknown,regular,72,31,60,66,68,65,62,69,83,67,91,79,92,81,75,71,65,81,85,59,62,90,72,61,40,77
bench,365,3226,22,22,8,0,0,71.928,70.577,20,0.9023,unknown,regular,73,31,60,66,68,66,62,69,83,68,91,79,92,82,75,71,65,81,85,60,63,90,73,62,42,78
low,366,3226,20,20,12,1,1,66.112,64.769,25,1.2201,unknown,regular,67,26,54,60,62,60,56,63,77,62,85,73,86,76,70,65,60,76,80,54,57,84,67,56,36,72
medium,367,3226,22,22,26,6,5,65.112,63.769,25,1.4458,unknown,regular,66,25,53,59,61,59,55,62,76,61,84,72,85,75,69,64,59,75,79,53,56,83,66,55,35,71
great,368,3226,20,20,35,15,15,74.048,72.423,34,8.3863,unknown,regular,75,33,62,69,70,68,64,71,85,70,93,81,94,84,77,73,68,83,88,62,65,92,75,64,37,80
starter,369,3226,21,21,34,2,4,71.927,70.423,25,4.7924,unknown,regular,73,31,60,66,68,66,62,69,83,68,91,79,92,82,75,71,65,81,86,59,63,90,73,62,38,78
bench,370,3226,20,20,8,0,0,66.824,65.423,25,2.209,unknown,jokester,67,26,55,62,63,61,57,64,78,63,86,74,87,77,70,67,60,76,80,54,58,85,67,56,36,72
low,371,3226,21,21,12,1,1,66.325,64.962,25,2.0227,unknown,regular,67,26,54,61,62,60,56,64,78,62,85,73,86,76,70,66,60,76,80,54,57,85,67,56,36,72
medium,372,3226,22,22,26,6,5,71.983,70.385,50,5.5842,unknown,regular,72,31,60,67,69,66,62,69,83,68,91,79,92,82,75,72,65,81,85,60,63,90,72,62,36,78
great,373,3226,21,21,35,15,15,69.433,68.077,26,1.5184,unknown,sharpie,70,29,57,63,65,63,59,66,80,65,88,76,89,79,74,72,65,80,83,57,60,87,70,59,39,75
starter,374,3226,21,21,34,2,4,71.112,69.769,25,1.8164,unknown,regular,72,31,59,65,67,65,61,68,82,67,90,78,91,81,75,70,65,81,85,59,62,89,72,61,41,77
bench,375,3226,20,20,8,0,0,66.82,65.462,19,0.4415,unknown,regular,67,24,55,61,63,61,57,64,78,63,86,74,87,77,70,66,60,76,80,55,58,85,68,57,37,73
low,376,3226,21,21,12,1,1,69.573,68.192,25,2.6861,unknown,regular,70,29,58,64,66,63,59,67,81,66,89,76,90,79,73,69,63,79,83,57,61,88,70,59,39,75
medium,377,3226,22,22,26,6,5,73.573,72.038,25,7.2226,unknown,regular,74,33,62,68,70,68,63,71,85,69,93,81,94,83,77,73,67,83,87,61,64,92,74,63,39,79
great,378,3226,21,21,35,15,15,74.852,73.346,25,8.3801,unknown,regular,75,34,63,69,71,69,65,72,86,71,94,82,95,85,78,74,68,84,88,63,66,93,75,65,41,81
starter,379,3226,22,22,34,2,4,74.315,72.769,22,7.5407,unknown,sharpie,74,33,60,67,68,66,64,71,86,70,93,81,94,84,80,82,70,86,88,62,63,92,75,64,39,80
bench,380,3226,22,22,8,0,0,67.814,66.346,25,2.6214,unknown,regular,68,27,56,62,64,62,58,65,79,64,87,75,88,78,71,67,61,77,81,55,59,86,68,58,35,74
low,381,3226,21,21,12,1,1,66.157,64.808,25,1.8618,unknown,regular,67,26,54,61,62,60,56,63,77,62,85,73,86,76,70,65,60,76,80,54,57,84,67,56,36,72
medium,382,3226,22,22,26,6,5,69.859,68.385,26,3.5322,unknown,regular,70,29,58,65,66,64,60,67,81,66,89,77,90,80,73,69,63,79,83,57,61,88,71,59,37,76
great,383,3226,20,20,35,15,15,70.112,68.769,25,1.4364,unknown,regular,71,30,58,64,66,64,60,67,81,66,89,77,90,80,74,69,64,80,84,58,61,88,71,60,40,76
starter,384,3226,22,22,34,2,4,71.112,69.769,25,1.4377,unknown,regular,72,31,59,65,67,65,61,68,82,67,90,78,91,81,75,70,65,81,85,59,62,89,72,61,41,77
bench,385,3226,22,22,8,0,0,71.112,69.769,25,2.3966,unknown,regular,72,31,59,65,67,65,61,68,82,67,90,78,91,81,75,70,65,81,85,59,62,89,72,61,41,77
low,386,3226,20,20,12,1,1,68.2,66.846,25,2.368,unknown,regular,69,28,56,63,64,62,58,65,79,64,87,75,88,78,72,68,62,78,82,56,59,86,69,58,38,74
medium,387,3226,20,20,26,6,5,73.695,72.038,50,8.0795,unknown,regular,74,33,62,68,70,68,64,71,85,69,93,81,94,83,77,73,67,83,87,61,65,92,74,63,36,80
great,388,3226,21,21,35,15,15,70.112,68.769,25,1.3779,unknown,regular,71,30,58,64,66,64,60,67,81,66,89,77,90,80,74,69,64,80,84,58,61,88,71,60,40,76
starter,389,3226,21,21,34,2,4,73.776,72.269,25,6.0895,unknown,regular,74,33,62,68,70,68,64,71,85,70,93,81,94,84,77,73,67,83,87,61,65,92,74,63,40,80
bench,390,3226,21,21,8,0,0,70.935,69.5,25,3.6545,unknown,regular,71,30,59,66,67,65,61,68,82,67,90,78,91,81,74,70,64,80,84,59,62,89,72,61,39,77
low,391,3226,22,22,12,1,1,67.157,65.808,25,1.9549,unknown,regular,68,27,55,62,63,61,57,64,78,63,86,74,87,77,71,66,61,77,81,55,58,85,68,57,37,73
medium,392,3226,22,22,26,6,5,72.776,71.385,25,4.4256,unknown,regular,73,32,61,67,69,67,63,70,84,69,92,80,93,83,76,72,66,82,86,60,64,91,73,62,42,79
great,393,3226,20,20,35,15,15,65.112,63.769,25,1.6181,late_bloomer,regular,66,25,53,59,61,59,55,62,76,61,84,72,85,75,69,64,59,75,79,53,56,83,66,55,35,71
starter,394,3226,22,22,34,2,4,71.821,70.269,41,5.142,unknown,regular,72,31,60,67,68,66,62,69,83,68,91,79,92,82,75,71,65,81,85,59,63,90,72,61,37,78
bench,395,3226,22,22,8,0,0,70.112,68.769,25,0.9092,unknown,regular,71,30,58,64,66,64,60,67,81,66,89,77,90,80,74,69,64,80,84,58,61,88,71,60,40,76
low,396,3226,22,22,12,1,1,70.334,68.962,16,0.5892,unknown,regular,70,27,59,65,67,65,61,68,82,67,90,78,91,81,72,70,63,78,83,57,62,89,70,60,41,77
medium,397,3226,22,22,26,6,5,72.112,70.769,25,2.8462,unknown,regular,73,32,60,66,68,66,62,69,83,68,91,79,92,82,76,71,66,82,86,60,63,90,73,62,42,78
great,398,3226,21,21,35,15,15,74.122,72.538,25,8.2215,unknown,regular,75,33,62,69,70,68,64,71,85,70,93,81,94,84,78,73,68,84,88,62,65,92,75,64,38,80
starter,399,3226,22,22,34,2,4,66.112,64.769,25,0.9761,decliner,regular,67,26,54,60,62,60,56,63,77,62,85,73,86,76,70,65,60,76,80,54,57,84,67,56,36,72
bench,400,3226,21,21,8,0,0,71.112,69.769,25,2.7326,unknown,regular,72,31,59,65,67,65,61,68,82,67,90,78,91,81,75,70,65,81,85,59,62,89,72,61,41,77
low,401,3226,23,23,12,1,1,72.112,70.731,25,2.1578,unknown,regular,73,32,60,66,68,66,62,69,83,68,91,79,92,82,76,71,66,82,86,60,63,90,73,62,41,78
medium,402,3226,23,23,26,6,5,67.112,65.731,25,1.2788,unknown,regular,68,27,55,61,63,61,57,64,78,63,86,74,87,77,71,66,61,77,81,55,58,85,68,57,36,73
great,403,3226,23,23,35,15,15,71.864,70.231,31,5.2025,unknown,regular,72,31,60,67,68,66,62,69,83,68,91,79,92,82,75,72,65,81,85,59,63,90,72,61,35,78
starter,404,3226,21,21,34,2,4,69.935,68.423,25,3.5706,unknown,regular,70,29,58,65,66,64,60,67,81,66,89,77,90,80,73,69,63,79,83,58,61,88,71,60,36,76
bench,405,3226,21,21,8,0,0,70.077,68.692,25,0.7433,unknown,regular,71,29,58,64,66,64,60,67,81,66,89,77,90,80,74,69,64,80,84,58,61,88,71,60,39,76
low,406,3226,23,23,12,1,1,69.74,68.308,25,2.5209,unknown,regular,70,29,58,65,66,64,60,67,81,65,89,76,90,80,73,69,63,79,83,57,61,88,70,59,38,76
medium,407,3226,21,21,26,6,5,72.128,70.538,25,5.0556,unknown,regular,73,31,60,67,68,66,62,69,83,68,91,79,92,82,76,72,66,81,86,60,63,90,73,62,36,78
great,408,3226,22,22,35,15,15,75.89,74.308,25,9.3904,unknown,regular,76,35,64,70,72,70,66,73,87,72,95,83,96,86,79,75,69,85,89,64,67,94,77,66,40,82
starter,409,3226,23,23,34,2,4,73.408,72.0,25,3.6809,unknown,regular,74,33,61,68,70,67,63,70,85,69,93,80,93,83,77,73,67,83,87,61,65,92,74,63,42,79
bench,410,3226,21,21,8,0,0,71.112,69.731,25,1.8989,unknown,regular,72,31,59,65,67,65,61,68,82,67,90,78,91,81,75,70,65,81,85,59,62,89,72,61,40,77
low,411,3226,23,23,12,1,1,68.063,66.692,22,0.9762,unknown,sharpie,69,28,54,62,63,60,58,65,79,64,87,75,88,78,73,70,63,79,82,56,57,86,69,58,37,74
medium,412,3226,23,23,26,6,5,73.7,72.0,25,6.9894,unknown,regular,74,33,62,69,70,68,64,71,85,69,93,80,94,84,77,73,67,83,87,61,65,92,74,63,35,79
great,413,3226,21,21,35,15,15,70.112,68.731,25,1.6856,unknown,regular,71,30,58,64,66,64,60,67,81,66,89,77,90,80,74,69,64,80,84,58,61,88,71,60,39,76
starter,414,3226,22,22,34,2,4,73.455,71.923,25,5.1792,unknown,regular,74,32,61,68,70,68,63,70,85,70,93,80,93,83,77,73,67,83,87,61,65,92,74,63,39,79
bench,415,3226,22,22,8,0,0,69.008,67.615,4,0.4096,unknown,regular,68,26,58,65,67,64,60,67,81,65,89,76,90,79,70,70,61,76,80,55,61,89,68,58,40,75
low,416,3226,21,21,12,1,1,67.112,65.731,25,0.7706,unknown,regular,68,27,55,61,63,61,57,64,78,63,86,74,87,77,71,66,61,77,81,55,58,85,68,57,36,73
medium,417,3226,22,22,26,6,5,72.086,70.654,24,3.3348,unknown,sharpie,72,31,58,64,66,64,62,69,83,68,91,79,92,82,79,75,69,85,85,60,61,90,73,62,39,78
great,418,3226,21,21,35,15,15,74.169,72.654,21,6.7978,unknown,sharpie,75,34,61,67,69,66,64,71,85,70,93,81,94,84,80,75,70,86,88,62,63,93,75,64,39,80
starter,419,3226,21,21,34,2,4,71.112,69.731,25,2.0142,unknown,regular,72,31,59,65,67,65,61,68,82,67,90,78,91,81,75,70,65,81,85,59,62,89,72,61,40,77
bench,420,3226,22,22,8,0,0,73.242,71.846,25,3.1292,unknown,regular,74,33,61,68,69,67,63,70,84,69,92,80,93,83,77,73,67,83,87,61,64,92,74,63,42,79
low,421,3226,21,21,12,1,1,73.851,72.423,25,4.0758,unknown,regular,75,33,62,68,70,68,64,71,85,70,93,81,94,84,77,73,67,83,87,62,65,92,74,63,42,80
medium,422,3226,23,23,26,6,5,73.614,72.154,25,4.2837,unknown,regular,74,33,62,68,70,68,63,71,85,69,93,80,94,84,77,73,67,83,87,61,65,92,74,63,41,79
great,423,3226,21,21,35,15,15,73.821,72.231,25,6.4498,unknown,regular,74,33,62,69,70,68,64,71,85,70,93,81,94,84,77,73,67,83,87,61,65,92,74,63,38,80
starter,424,3226,22,22,34,2,4,72.157,70.769,25,2.9402,regular,regular,73,32,60,67,68,66,62,69,83,68,91,79,92,82,76,71,66,82,86,60,63,90,73,62,41,78
bench,425,3226,22,22,8,0,0,70.987,69.423,25,3.5519,unknown,regular,71,30,59,66,68,65,61,68,82,67,90,78,91,81,74,71,64,80,84,58,62,90,71,61,36,77
low,426,3226,23,23,12,1,1,70.741,69.231,25,3.4763,unknown,regular,71,29,59,65,67,65,61,68,82,67,90,78,91,81,74,70,64,80,84,58,62,89,71,60,37,77
medium,427,3226,22,22,26,6,5,75.776,74.192,25,7.3691,unknown,regular,76,35,64,70,72,70,66,73,87,72,95,83,96,86,79,75,69,85,89,63,67,94,76,65,40,82
great,428,3226,23,23,35,15,15,72.207,70.769,25,3.3507,unknown,regular,73,31,60,67,68,66,62,69,83,68,91,79,92,82,76,72,66,82,86,60,63,91,73,62,40,78
starter,429,3226,21,21,34,2,4,72.821,71.154,25,5.8325,unknown,regular,73,32,61,68,69,67,63,70,84,69,92,80,93,83,76,72,66,82,86,60,64,91,73,62,35,79
bench,430,3226,22,22,8,0,0,72.085,70.615,25,3.4742,unknown,regular,73,31,60,67,68,66,62,69,83,68,91,79,92,82,75,71,66,82,86,60,63,90,73,62,39,78
low,431,3226,21,21,12,1,1,66.112,64.731,25,0.8675,unknown,regular,67,26,54,60,62,60,56,63,77,62,85,73,86,76,70,65,60,76,80,54,57,84,67,56,35,72
medium,432,3226,22,22,26,6,5,68.157,66.769,25,1.9462,unknown,regular,69,28,56,63,64,62,58,65,79,64,87,75,88,78,72,67,62,78,82,56,59,86,69,58,37,74
great,433,3226,22,22,35,15,15,75.891,74.154,22,10.002,unknown,sharpie,77,35,62,68,70,68,66,73,87,72,95,83,96,86,80,84,70,86,89,63,65,94,76,65,36,82
starter,434,3226,22,22,34,2,4,72.903,71.385,25,4.6696,unknown,regular,73,32,61,68,69,67,63,70,84,69,92,80,93,83,76,73,66,82,86,60,64,91,73,63,39,79
bench,435,3226,23,23,8,0,0,68.705,67.231,25,2.267,unknown,regular,69,27,57,64,65,63,59,66,80,64,88,76,89,78,72,68,62,78,82,56,60,87,69,58,36,75
low,436,3226,22,22,12,1,1,70.112,68.731,25,0.8722,unknown,regular,71,30,58,64,66,64,60,67,81,66,89,77,90,80,74,69,64,80,84,58,61,88,71,60,39,76
medium,437,3226,21,21,26,6,5,68.62,67.115,25,2.7438,unknown,regular,69,27,57,63,65,63,59,66,80,64,88,75,89,78,72,68,62,78,82,56,60,87,69,58,35,75
great,438,3226,23,23,35,15,15,70.2,68.808,25,2.5787,unknown,regular,71,30,58,65,66,64,60,67,81,66,89,77,90,80,74,70,64,80,84,58,61,88,71,60,39,76
starter,439,3226,23,23,34,2,4,68.112,66.731,25,1.2369,unknown,regular,69,28,56,62,64,62,58,65,79,64,87,75,88,78,72,67,62,78,82,56,59,86,69,58,37,74
bench,440,3226,23,23,8,0,0,66.112,64.731,25,1.2987,unknown,regular,67,26,54,60,62,60,56,63,77,62,85,73,86,76,70,65,60,76,80,54,57,84,67,56,35,72
low,441,3226,22,22,12,1,1,69.112,67.731,25,2.1162,unknown,regular,70,29,57,63,65,63,59,66,80,65,88,76,89,79,73,68,63,79,83,57,60,87,70,59,38,75
medium,442,3226,21,21,26,6,5,74.776,73.269,25,5.8141,unknown,regular,75,34,63,69,71,69,65,72,86,71,94,82,95,85,78,74,68,84,88,62,66,93,75,64,41,81
great,443,3226,22,22,35,15,15,73.655,72.115,25,5.5573,unknown,regular,74,33,62,68,70,68,64,71,85,69,93,80,94,84,77,73,67,83,87,61,65,92,74,63,39,79
starter,444,3226,23,23,34,2,4,69.112,67.731,25,0.8639,decliner,regular,70,29,57,63,65,63,59,66,80,65,88,76,89,79,73,68,63,79,83,57,60,87,70,59,38,75
bench,445,3226,21,21,8,0,0,71.767,70.462,14,0.9404,unknown,sharpie,73,30,56,62,64,62,63,70,84,69,92,80,93,83,77,73,67,83,85,60,59,91,73,62,42,79
low,446,3226,22,22,12,1,1,67.469,65.962,29,1.4547,unknown,genetic_freak,67,26,60,68,68,66,56,63,77,62,85,73,86,76,70,65,60,76,80,54,63,84,67,56,35,72
medium,447,3226,21,21,26,6,5,67.112,65.731,25,0.8462,unknown,regular,68,27,55,61,63,61,57,64,78,63,86,74,87,77,71,66,61,77,81,55,58,85,68,57,36,73
great,448,3226,23,23,35,15,15,75.814,74.269,25,7.6852,unknown,regular,76,35,64,70,72,70,66,73,87,72,95,83,96,86,79,75,69,85,89,63,67,94,76,66,41,82
starter,449,3226,22,22,34,2,4,74.574,72.962,25,7.3011,unknown,regular,75,34,63,69,71,69,64,72,86,70,94,81,95,84,78,74,68,84,88,62,66,93,75,64,38,80
bench,450,3226,22,22,8,0,0,71.157,69.769,25,2.2467,unknown,regular,72,31,59,66,67,65,61,68,82,67,90,78,91,81,75,70,65,81,85,59,62,89,72,61,40,77
low,451,3226,22,22,12,1,1,73.084,71.654,25,3.8359,unknown,regular,74,32,61,68,69,67,63,70,84,69,92,80,93,83,77,72,67,83,86,61,64,91,74,63,41,79
medium,452,3226,23,23,26,6,5,73.2,71.808,25,3.4025,unknown,regular,74,33,61,68,69,67,63,70,84,69,92,80,93,83,77,73,67,83,87,61,64,91,74,63,42,79
great,453,3226,22,22,35,15,15,70.048,68.538,25,3.5155,unknown,regular,71,29,58,65,66,64,60,67,81,66,89,77,90,80,73,69,64,79,84,58,61,88,71,60,36,76
starter,454,3226,22,22,34,2,4,69.112,67.731,25,1.2511,unknown,regular,70,29,57,63,65,63,59,66,80,65,88,76,89,79,73,68,63,79,83,57,60,87,70,59,38,75
bench,455,3226,21,21,8,0,0,70.112,68.731,25,1.3072,unknown,regular,71,30,58,64,66,64,60,67,81,66,89,77,90,80,74,69,64,80,84,58,61,88,71,60,39,76
low,456,3226,23,23,12,1,1,73.112,71.731,25,2.3677,unknown,regular,74,33,61,67,69,67,63,70,84,69,92,80,93,83,77,72,67,83,87,61,64,91,74,63,42,79
medium,457,3226,22,22,26,6,5,67.864,66.385,25,2.3836,unknown,regular,68,27,56,63,64,62,58,65,79,64,87,75,88,78,71,68,61,77,81,55,59,86,68,57,35,74
great,458,3226,23,23,35,15,15,71.89,70.385,25,4.1411,unknown,regular,72,31,60,66,68,66,62,69,83,68,91,79,92,82,75,71,65,81,85,60,63,90,73,62,38,78
starter,459,3226,22,22,34,2,4,70.112,68.731,25,1.9559,regular,regular,71,30,58,64,66,64,60,67,81,66,89,77,90,80,74,69,64,80,84,58,61,88,71,60,39,76
bench,460,3226,22,22,8,0,0,67.077,65.692,24,0.4964,decliner,regular,68,26,55,61,63,61,57,64,78,63,86,74,87,77,71,66,61,77,81,55,58,85,68,57,36,73
low,461,3226,22,22,12,1,1,72.817,71.423,18,1.0745,unknown,regular,73,31,61,67,69,67,63,70,84,69,92,80,93,83,76,72,66,82,86,61,64,91,73,63,42,79
medium,462,3226,23,23,26,6,5,70.408,68.885,25,2.0659,early_peak,regular,71,30,59,65,67,64,60,68,82,66,90,77,90,80,74,70,64,80,84,58,61,88,71,60,36,76
great,463,3226,21,21,35,15,15,76.112,74.577,3,11.6371,unknown,regular,77,36,64,70,72,70,66,73,87,72,95,83,96,86,80,75,70,86,90,64,67,94,77,66,41,82
starter,464,3226,22,22,34,2,4,72.572,71.115,25,3.6447,unknown,regular,73,32,61,67,69,66,63,70,84,68,92,80,93,82,76,72,66,82,86,60,63,91,73,62,40,78
bench,465,3226,23,23,8,0,0,72.592,71.192,16,0.9043,unknown,regular,73,31,61,67,69,67,63,70,84,69,92,80,93,83,75,72,65,81,85,60,64,91,73,62,42,79
low,466,3226,21,21,12,1,1,67.112,65.731,25,1.2165,unknown,regular,68,27,55,61,63,61,57,64,78,63,86,74,87,77,71,66,61,77,81,55,58,85,68,57,36,73
medium,467,3226,23,23,26,6,5,66.112,64.731,25,1.4457,unknown,regular,67,26,54,60,62,60,56,63,77,62,85,73,86,76,70,65,60,76,80,54,57,84,67,56,35,72
great,468,3226,21,21,35,15,15,75.048,73.385,25,9.5449,unknown,regular,76,34,63,70,71,69,65,72,86,71,94,82,95,85,78,74,69,84,89,63,66,93,76,65,37,81
starter,469,3226,22,22,34,2,4,72.927,71.385,25,4.7966,unknown,regular,74,32,61,67,69,67,63,70,84,69,92,80,93,83,76,72,66,82,87,60,64,91,74,63,38,79
bench,470,3226,21,21,8,0,0,67.824,66.385,25,2.2163,unknown,jokester,68,27,56,63,64,62,58,65,79,64,87,75,88,78,71,68,61,77,81,55,59,86,68,57,36,73
low,471,3226,22,22,12,1,1,67.325,65.923,25,1.9782,unknown,regular,68,27,55,62,63,61,57,65,79,63,86,74,87,77,71,67,61,77,81,55,58,86,68,57,36,73
medium,472,3226,23,23,26,6,5,72.983,71.346,25,5.5841,unknown,regular,73,32,61,68,70,67,63,70,84,69,92,80,93,83,76,73,66,82,86,61,64,91,73,63,36,79
great,473,3226,22,22,35,15,15,70.433,69.038,25,1.4955,unknown,sharpie,71,30,58,64,66,64,60,67,81,66,89,77,90,80,75,73,66,81,84,58,61,88,71,60,39,76
starter,474,3226,22,22,34,2,4,72.112,70.731,25,1.8632,unknown,regular,73,32,60,66,68,66,62,69,83,68,91,79,92,82,76,71,66,82,86,60,63,90,73,62,41,78
bench,475,3226,21,21,8,0,0,67.561,66.154,18,0.4439,unknown,regular,68,24,56,62,64,62,58,65,79,64,87,75,88,78,70,67,60,76,80,55,59,86,68,58,37,74
low,476,3226,22,22,12,1,1,70.573,69.154,25,2.6755,unknown,regular,71,30,59,65,67,64,60,68,82,67,90,77,91,80,74,70,64,80,84,58,62,89,71,60,39,76
medium,477,3226,23,23,26,6,5,74.573,73.0,25,7.0655,unknown,regular,75,34,63,69,71,69,64,72,86,70,94,82,95,84,78,74,68,84,88,62,65,93,75,64,39,80
great,478,3226,22,22,35,15,15,75.852,74.308,25,8.973,unknown,regular,76,35,64,70,72,70,66,73,87,72,95,83,96,86,79,75,69,85,89,64,67,94,76,66,41,82
starter,479,3226,23,23,34,2,4,75.203,73.615,22,7.909,unknown,sharpie,75,34,61,68,69,67,65,72,87,71,94,82,95,85,80,83,70,86,89,63,64,93,76,65,39,81
bench,480,3226,23,23,8,0,0,68.814,67.308,25,2.6257,unknown,regular,69,28,57,63,65,63,59,66,80,65,88,76,89,79,72,68,62,78,82,56,60,87,69,59,35,75
low,481,3226,22,22,12,1,1,67.157,65.769,25,1.8624,unknown,regular,68,27,55,62,63,61,57,64,78,63,86,74,87,77,71,66,61,77,81,55,58,85,68,57,36,73
medium,482,3226,23,23,26,6,5,70.859,69.346,25,3.4981,unknown,regular,71,30,59,66,67,65,61,68,82,67,90,78,91,81,74,70,64,80,84,58,62,89,72,60,37,77
great,483,3226,21,21,35,15,15,71.112,69.731,25,1.4646,unknown,regular,72,31,59,65,67,65,61,68,82,67,90,78,91,81,75,70,65,81,85,59,62,89,72,61,40,77
starter,484,3226,23,23,34,2,4,72.112,70.731,25,1.4076,unknown,regular,73,32,60,66,68,66,62,69,83,68,91,79,92,82,76,71,66,82,86,60,63,90,73,62,41,78
bench,485,3226,23,23,8,0,0,72.112,70.731,25,2.3853,unknown,regular,73,32,60,66,68,66,62,69,83,68,91,79,92,82,76,71,66,82,86,60,63,90,73,62,41,78
low,486,3226,21,21,12,1,1,69.2,67.808,25,2.3594,unknown,regular,70,29,57,64,65,63,59,66,80,65,88,76,89,79,73,69,63,79,83,57,60,87,70,59,38,75
medium,487,3226,21,21,26,6,5,74.695,73.0,25,7.6906,unknown,regular,75,34,63,69,71,69,65,72,86,70,94,82,95,84,78,74,68,84,88,62,66,93,75,64,36,81
great,488,3226,22,22,35,15,15,71.112,69.731,25,1.3422,unknown,regular,72,31,59,65,67,65,61,68,82,67,90,78,91,81,75,70,65,81,85,59,62,89,72,61,40,77
starter,489,3226,22,22,34,2,4,74.776,73.231,25,5.7963,unknown,regular,75,34,63,69,71,69,65,72,86,71,94,82,95,85,78,74,68,84,88,62,66,93,75,64,40,81
bench,490,3226,22,22,8,0,0,71.935,70.462,25,3.2747,unknown,regular,72,31,60,67,68,66,62,69,83,68,91,79,92,82,75,71,65,81,85,60,63,90,73,62,39,78
low,491,3226,23,23,12,1,1,68.157,66.769,25,1.9208,unknown,regular,69,28,56,63,64,62,58,65,79,64,87,75,88,78,72,67,62,78,82,56,59,86,69,58,37,74
medium,492,3226,23,23,26,6,5,73.776,72.346,25,4.1812,unknown,regular,74,33,62,68,70,68,64,71,85,70,93,81,94,84,77,73,67,83,87,61,65,92,74,63,42,80
great,493,3226,21,21,35,15,15,66.112,64.731,25,1.4334,late_bloomer,regular,67,26,54,60,62,60,56,63,77,62,85,73,86,76,70,65,60,76,80,54,57,84,67,56,35,72
starter,494,3226,23,23,34,2,4,72.821,71.231,25,5.0652,unknown,regular,73,32,61,68,69,67,63,70,84,69,92,80,93,83,76,72,66,82,86,60,64,91,73,62,37,79
bench,495,3226,23,23,8,0,0,71.077,69.692,24,0.9168,unknown,regular,72,30,59,65,67,65,61,68,82,67,90,78,91,81,75,70,65,81,85,59,62,89,72,61,40,77
low,496,3226,23,23,12,1,1,70.797,69.385,11,0.5923,unknown,regular,70,27,60,66,68,66,61,69,83,67,91,78,92,81,72,71,63,78,83,57,63,90,70,60,41,77
medium,497,3226,23,23,26,6,5,73.112,71.731,25,2.6243,unknown,regular,74,33,61,67,69,67,63,70,84,69,92,80,93,83,77,72,67,83,87,61,64,91,74,63,42,79
great,498,3226,22,22,35,15,15,75.122,73.5,25,9.0545,unknown,regular,76,34,63,70,71,69,65,72,86,71,94,82,95,85,79,74,69,85,89,63,66,93,76,65,38,81
starter,499,3226,23,23,34,2,4,67.112,65.731,25,0.9854,decliner,regular,68,27,55,61,63,61,57,64,78,63,86,74,87,77,71,66,61,77,81,55,58,85,68,57,36,73
bench,500,3226,22,22,8,0,0,72.112,70.731,25,2.4311,unknown,regular,73,32,60,66,68,66,62,69,83,68,91,79,92,82,76,71,66,82,86,60,63,90,73,62,41,78
low,501,3226,24,24,12,1,1,73.112,71.692,25,2.1477,unknown,regular,74,33,61,67,69,67,63,70,84,69,92,80,93,83,77,72,67,83,87,61,64,91,74,63,41,79
medium,502,3226,24,24,26,6,5,68.112,66.692,25,1.2731,unknown,regular,69,28,56,62,64,62,58,65,79,64,87,75,88,78,72,67,62,78,82,56,59,86,69,58,36,74
great,503,3226,24,24,35,15,15,72.864,71.192,25,5.128,unknown,regular,73,32,61,68,69,67,63,70,84,69,92,80,93,83,76,73,66,82,86,60,64,91,73,62,35,79
starter,504,3226,22,22,34,2,4,70.935,69.385,25,3.5162,unknown,regular,71,30,59,66,67,65,61,68,82,67,90,78,91,81,74,70,64,80,84,59,62,89,72,61,36,77
bench,505,3226,22,22,8,0,0,70.779,69.346,17,0.669,unknown,regular,71,29,59,65,67,65,61,68,82,67,90,78,91,81,74,70,64,80,84,58,62,89,71,61,39,77
low,506,3226,24,24,12,1,1,70.74,69.269,25,2.5122,unknown,regular,71,30,59,66,67,65,61,68,82,66,90,77,91,81,74,70,64,80,84,58,62,89,71,60,38,77
medium,507,3226,22,22,26,6,5,73.128,71.5,25,4.9431,unknown,regular,74,32,61,68,69,67,63,70,84,69,92,80,93,83,77,73,67,82,87,61,64,91,74,63,36,79
great,508,3226,23,23,35,15,15,76.112,74.538,6,8.8905,unknown,regular,77,36,64,70,72,70,66,73,87,72,95,83,96,86,80,75,70,86,90,64,67,94,77,66,40,82
starter,509,3226,24,24,34,2,4,74.408,72.962,25,3.7042,unknown,regular,75,34,62,69,71,68,64,71,86,70,94,81,94,84,78,74,68,84,88,62,66,93,75,64,42,80
bench,510,3226,22,22,8,0,0,72.112,70.692,25,1.7023,unknown,regular,73,32,60,66,68,66,62,69,83,68,91,79,92,82,76,71,66,82,86,60,63,90,73,62,40,78
low,511,3226,24,24,12,1,1,68.851,67.462,20,0.9574,unknown,sharpie,70,29,54,62,63,60,59,66,80,65,88,76,89,79,74,71,64,80,83,57,57,87,70,59,37,75
medium,512,3226,24,24,26,6,5,74.7,72.962,25,7.0575,unknown,regular,75,34,63,70,71,69,65,72,86,70,94,81,95,85,78,74,68,84,88,62,66,93,75,64,35,80
great,513,3226,22,22,35,15,15,71.112,69.692,25,1.5591,unknown,regular,72,31,59,65,67,65,61,68,82,67,90,78,91,81,75,70,65,81,85,59,62,89,72,61,39,77
starter,514,3226,23,23,34,2,4,74.455,72.885,25,4.919,unknown,regular,75,33,62,69,71,69,64,71,86,71,94,81,94,84,78,74,68,84,88,62,66,93,75,64,39,80
bench,515,3226,23,23,8,0,0,69.096,67.692,2,0.4123,unknown,regular,68,26,58,66,67,64,60,67,81,65,89,76,90,79,70,71,61,76,80,55,61,89,68,58,40,75
low,516,3226,22,22,12,1,1,68.112,66.692,25,0.7761,unknown,regular,69,28,56,62,64,62,58,65,79,64,87,75,88,78,72,67,62,78,82,56,59,86,69,58,36,74
medium,517,3226,23,23,26,6,5,73.043,71.577,24,3.2627,unknown,sharpie,73,32,59,65,67,65,63,70,84,69,92,80,93,83,80,75,70,86,86,61,62,91,74,63,39,79
great,518,3226,22,22,35,15,15,75.015,73.462,21,6.8422,unknown,sharpie,76,35,62,68,70,67,65,72,86,71,94,82,95,85,80,75,70,86,89,63,64,94,76,65,39,81
starter,519,3226,22,22,34,2,4,72.112,70.692,25,2.0566,unknown,regular,73,32,60,66,68,66,62,69,83,68,91,79,92,82,76,71,66,82,86,60,63,90,73,62,40,78
bench,520,3226,23,23,8,0,0,74.242,72.808,25,3.138,unknown,regular,75,34,62,69,70,68,64,71,85,70,93,81,94,84,78,74,68,84,88,62,65,93,75,64,42,80
low,521,3226,22,22,12,1,1,74.851,73.385,25,4.0106,unknown,regular,76,34,63,69,71,69,65,72,86,71,94,82,95,85,78,74,68,84,88,63,66,93,75,64,42,81
medium,522,3226,24,24,26,6,5,74.614,73.115,25,4.4186,unknown,regular,75,34,63,69,71,69,64,72,86,70,94,81,95,85,78,74,68,84,88,62,66,93,75,64,41,80
great,523,3226,22,22,35,15,15,74.821,73.192,25,6.1777,unknown,regular,75,34,63,70,71,69,65,72,86,71,94,82,95,85,78,74,68,84,88,62,66,93,75,64,38,81
starter,524,3226,23,23,34,2,4,73.157,71.731,25,2.8777,regular,regular,74,33,61,68,69,67,63,70,84,69,92,80,93,83,77,72,67,83,87,61,64,91,74,63,41,79
bench,525,3226,23,23,8,0,0,71.987,70.385,25,3.5767,unknown,regular,72,31,60,67,69,66,62,69,83,68,91,79,92,82,75,72,65,81,85,59,63,91,72,62,36,78
low,526,3226,24,24,12,1,1,71.741,70.192,25,3.4614,unknown,regular,72,30,60,66,68,66,62,69,83,68,91,79,92,82,75,71,65,81,85,59,63,90,72,61,37,78
medium,527,3226,23,23,26,6,5,76.112,74.538,9,7.5471,unknown,regular,77,36,64,70,72,70,66,73,87,72,95,83,96,86,80,75,70,86,90,64,67,94,77,66,40,82
great,528,3226,24,24,35,15,15,73.207,71.731,25,3.2428,unknown,regular,74,32,61,68,69,67,63,70,84,69,92,80,93,83,77,73,67,83,87,61,64,92,74,63,40,79
starter,529,3226,22,22,34,2,4,73.821,72.115,25,6.3078,unknown,regular,74,33,62,69,70,68,64,71,85,70,93,81,94,84,77,73,67,83,87,61,65,92,74,63,35,80
bench,530,3226,23,23,8,0,0,73.085,71.577,25,3.4664,unknown,regular,74,32,61,68,69,67,63,70,84,69,92,80,93,83,76,72,67,83,87,61,64,91,74,63,39,79
low,531,3226,22,22,12,1,1,67.112,65.692,25,0.856,unknown,regular,68,27,55,61,63,61,57,64,78,63,86,74,87,77,71,66,61,77,81,55,58,85,68,57,35,73
medium,532,3226,23,23,26,6,5,69.157,67.731,25,2.0727,unknown,regular,70,29,57,64,65,63,59,66,80,65,88,76,89,79,73,68,63,79,83,57,60,87,70,59,37,75
great,533,3226,23,23,35,15,15,76.333,74.577,11,9.4672,unknown,sharpie,77,36,63,69,71,69,66,73,87,72,95,83,96,86,80,85,70,86,90,64,66,94,77,66,36,82
starter,534,3226,23,23,34,2,4,73.903,72.346,25,4.5631,unknown,regular,74,33,62,69,70,68,64,71,85,70,93,81,94,84,77,74,67,83,87,61,65,92,74,64,39,80
bench,535,3226,24,24,8,0,0,69.705,68.192,25,2.2449,unknown,regular,70,28,58,65,66,64,60,67,81,65,89,77,90,79,73,69,63,79,83,57,61,88,70,59,36,76
low,536,3226,23,23,12,1,1,71.077,69.654,24,0.8892,unknown,regular,72,30,59,65,67,65,61,68,82,67,90,78,91,81,75,70,65,81,85,59,62,89,72,61,39,77
medium,537,3226,22,22,26,6,5,69.62,68.077,25,2.8467,unknown,regular,70,28,58,64,66,64,60,67,81,65,89,76,90,79,73,69,63,79,83,57,61,88,70,59,35,76
great,538,3226,24,24,35,15,15,71.2,69.769,25,2.2541,unknown,regular,72,31,59,66,67,65,61,68,82,67,90,78,91,81,75,71,65,81,85,59,62,89,72,61,39,77
starter,539,3226,24,24,34,2,4,69.112,67.692,25,1.1807,unknown,regular,70,29,57,63,65,63,59,66,80,65,88,76,89,79,73,68,63,79,83,57,60,87,70,59,37,75
bench,540,3226,24,24,8,0,0,67.112,65.692,25,1.2743,unknown,regular,68,27,55,61,63,61,57,64,78,63,86,74,87,77,71,66,61,77,81,55,58,85,68,57,35,73
low,541,3226,23,23,12,1,1,70.112,68.692,25,2.1143,unknown,regular,71,30,58,64,66,64,60,67,81,66,89,77,90,80,74,69,64,80,84,58,61,88,71,60,38,76
medium,542,3226,22,22,26,6,5,75.776,74.231,25,5.4889,unknown,regular,76,35,64,70,72,70,66,73,87,72,95,83,96,86,79,75,69,85,89,63,67,94,76,65,41,82
great,543,3226,23,23,35,15,15,74.655,73.077,25,5.1441,unknown,regular,75,34,63,69,71,69,65,72,86,70,94,81,95,85,78,74,68,84,88,62,66,93,75,64,39,80
starter,544,3226,24,24,34,2,4,69.157,67.769,1,0.2249,decliner,regular,70,29,57,64,65,63,59,66,80,65,88,76,89,79,73,68,63,79,83,57,60,87,70,59,38,75
bench,545,3226,22,22,8,0,0,71.964,70.654,5,0.8435,unknown,sharpie,73,30,56,62,64,62,63,70,84,69,92,80,93,83,78,74,68,84,85,60,59,92,73,62,42,79
low,546,3226,23,23,12,1,1,68.469,66.923,25,1.4765,unknown,genetic_freak,68,27,61,69,69,67,57,64,78,63,86,74,87,77,71,66,61,77,81,55,64,85,68,57,35,73
medium,547,3226,22,22,26,6,5,68.112,66.692,25,0.7688,unknown,regular,69,28,56,62,64,62,58,65,79,64,87,75,88,78,72,67,62,78,82,56,59,86,69,58,36,74
great,548,3226,24,24,35,15,15,76.112,74.577,8,7.8462,unknown,regular,77,36,64,70,72,70,66,73,87,72,95,83,96,86,80,75,70,86,90,64,67,94,77,66,41,82
starter,549,3226,23,23,34,2,4,75.574,73.923,25,7.1127,unknown,regular,76,35,64,70,72,70,65,73,87,71,95,82,96,85,79,75,69,85,89,63,67,94,76,65,38,81
bench,550,3226,23,23,8,0,0,72.157,70.731,25,2.2568,unknown,regular,73,32,60,67,68,66,62,69,83,68,91,79,92,82,76,71,66,82,86,60,63,90,73,62,40,78
low,551,3226,23,23,12,1,1,74.084,72.615,25,3.878,unknown,regular,75,33,62,69,70,68,64,71,85,70,93,81,94,84,78,73,68,84,87,62,65,92,75,64,41,80
medium,552,3226,24,24,26,6,5,74.2,72.769,25,3.5254,unknown,regular,75,34,62,69,70,68,64,71,85,70,93,81,94,84,78,74,68,84,88,62,65,92,75,64,42,80
great,553,3226,23,23,35,15,15,71.048,69.5,25,3.2327,unknown,regular,72,30,59,66,67,65,61,68,82,67,90,78,91,81,74,70,65,80,85,59,62,89,72,61,36,77
starter,554,3226,23,23,34,2,4,70.112,68.692,25,1.2554,unknown,regular,71,30,58,64,66,64,60,67,81,66,89,77,90,80,74,69,64,80,84,58,61,88,71,60,38,76
bench,555,3226,22,22,8,0,0,71.112,69.692,25,1.1792,unknown,regular,72,31,59,65,67,65,61,68,82,67,90,78,91,81,75,70,65,81,85,59,62,89,72,61,39,77
low,556,3226,24,24,12,1,1,74.112,72.692,25,2.3807,unknown,regular,75,34,62,68,70,68,64,71,85,70,93,81,94,84,78,73,68,84,88,62,65,92,75,64,42,80
medium,557,3226,23,23,26,6,5,68.864,67.346,25,2.5105,unknown,regular,69,28,57,64,65,63,59,66,80,65,88,76,89,79,72,69,62,78,82,56,60,87,69,58,35,75
great,558,3226,24,24,35,15,15,72.89,71.346,25,3.5994,unknown,regular,73,32,61,67,69,67,63,70,84,69,92,80,93,83,76,72,66,82,86,61,64,91,74,63,38,79
starter,559,3226,23,23,34,2,4,71.112,69.692,25,2.0433,regular,regular,72,31,59,65,67,65,61,68,82,67,90,78,91,81,75,70,65,81,85,59,62,89,72,61,39,77
bench,560,3226,23,23,8,0,0,67.855,66.423,19,0.4977,decliner,regular,68,26,56,62,64,62,58,65,79,64,87,75,88,78,71,67,61,77,81,56,59,86,69,58,36,74
low,561,3226,23,23,12,1,1,73.481,72.038,16,1.0837,unknown,regular,73,31,62,68,70,68,64,71,85,70,93,81,94,84,76,73,66,82,86,61,65,92,73,63,42,80
medium,562,3226,24,24,26,6,5,71.408,69.846,25,2.2105,early_peak,regular,72,31,60,66,68,65,61,69,83,67,91,78,91,81,75,71,65,81,85,59,62,89,72,61,36,77
great,563,3226,22,22,35,15,15,76.112,74.577,0,10.3636,unknown,regular,77,36,64,70,72,70,66,73,87,72,95,83,96,86,80,75,70,86,90,64,67,94,77,66,41,82
starter,564,3226,23,23,34,2,4,73.572,72.077,25,3.6376,unknown,regular,74,33,62,68,70,67,64,71,85,69,93,81,94,83,77,73,67,83,87,61,64,92,74,63,40,79
bench,565,3226,24,24,8,0,0,72.848,71.423,6,0.8838,unknown,regular,73,31,61,68,70,68,63,71,84,69,92,80,93,83,75,73,65,81,85,60,64,92,73,62,42,79
low,566,3226,22,22,12,1,1,68.112,66.692,25,1.2474,unknown,regular,69,28,56,62,64,62,58,65,79,64,87,75,88,78,72,67,62,78,82,56,59,86,69,58,36,74
medium,567,3226,24,24,26,6,5,67.112,65.692,25,1.411,unknown,regular,68,27,55,61,63,61,57,64,78,63,86,74,87,77,71,66,61,77,81,55,58,85,68,57,35,73
great,568,3226,22,22,35,15,15,76.003,74.308,24,9.4587,unknown,regular,77,35,64,70,72,70,66,73,87,72,95,83,96,86,79,75,70,85,90,64,67,94,77,66,37,82
starter,569,3226,23,23,34,2,4,73.927,72.346,25,4.9996,unknown,regular,75,33,62,68,70,68,64,71,85,70,93,81,94,84,77,73,67,83,88,61,65,92,75,64,38,80
bench,570,3226,22,22,8,0,0,68.824,67.346,25,1.9826,unknown,jokester,69,28,57,64,65,63,59,66,80,65,88,76,89,79,72,69,62,78,82,56,60,87,69,58,36,74
low,571,3226,23,23,12,1,1,68.325,66.885,25,1.9704,unknown,regular,69,28,56,63,64,62,58,66,80,64,87,75,88,78,72,68,62,78,82,56,59,87,69,58,36,74
medium,572,3226,24,24,26,6,5,73.983,72.308,25,5.3897,unknown,regular,74,33,62,69,71,68,64,71,85,70,93,81,94,84,77,74,67,83,87,62,65,92,74,64,36,80
great,573,3226,23,23,35,15,15,71.222,69.808,20,1.3107,unknown,sharpie,72,31,58,64,66,64,61,68,82,67,90,78,91,81,76,74,67,82,85,59,61,89,72,61,39,77
starter,574,3226,23,23,34,2,4,73.112,71.692,25,1.8865,unknown,regular,74,33,61,67,69,67,63,70,84,69,92,80,93,83,77,72,67,83,87,61,64,91,74,63,41,79
bench,575,3226,22,22,8,0,0,68.104,66.654,13,0.3959,unknown,regular,68,24,57,63,65,63,59,66,80,64,88,76,89,78,70,68,60,76,80,55,60,87,68,58,37,74
low,576,3226,23,23,12,1,1,71.573,70.115,25,2.6583,unknown,regular,72,31,60,66,68,65,61,69,83,68,91,78,92,81,75,71,65,81,85,59,63,90,72,61,39,77
medium,577,3226,24,24,26,6,5,75.573,73.962,25,6.9696,unknown,regular,76,35,64,70,72,70,65,73,87,71,95,83,96,85,79,75,69,85,89,63,66,94,76,65,39,81
great,578,3226,23,23,35,15,15,76.112,74.577,7,8.8063,unknown,regular,77,36,64,70,72,70,66,73,87,72,95,83,96,86,80,75,70,86,90,64,67,94,77,66,41,82
starter,579,3226,24,24,34,2,4,76.051,74.423,21,8.0593,unknown,sharpie,76,35,62,69,70,68,66,73,87,72,95,83,96,86,80,84,70,86,90,64,65,94,77,66,39,82
bench,580,3226,24,24,8,0,0,69.814,68.269,25,2.5704,unknown,regular,70,29,58,64,66,64,60,67,81,66,89,77,90,80,73,69,63,79,83,57,61,88,70,60,35,76
low,581,3226,23,23,12,1,1,68.157,66.731,25,1.8646,unknown,regular,69,28,56,63,64,62,58,65,79,64,87,75,88,78,72,67,62,78,82,56,59,86,69,58,36,74
medium,582,3226,24,24,26,6,5,71.859,70.308,25,3.3938,unknown,regular,72,31,60,67,68,66,62,69,83,68,91,79,92,82,75,71,65,81,85,59,63,90,73,61,37,78
great,583,3226,22,22,35,15,15,72.112,70.692,25,1.3338,unknown,regular,73,32,60,66,68,66,62,69,83,68,91,79,92,82,76,71,66,82,86,60,63,90,73,62,40,78
starter,584,3226,24,24,34,2,4,73.077,71.654,24,1.4016,unknown,regular,74,32,61,67,69,67,63,70,84,69,92,80,93,83,77,72,67,83,87,61,64,91,74,63,41,79
bench,585,3226,24,24,8,0,0,73.112,71.692,25,2.349,unknown,regular,74,33,61,67,69,67,63,70,84,69,92,80,93,83,77,72,67,83,87,61,64,91,74,63,41,79
low,586,3226,22,22,12,1,1,70.2,68.769,25,2.3091,unknown,regular,71,30,58,65,66,64,60,67,81,66,89,77,90,80,74,70,64,80,84,58,61,88,71,60,38,76
medium,587,3226,22,22,26,6,5,75.695,73.962,25,8.1794,unknown,regular,76,35,64,70,72,70,66,73,87,71,95,83,96,85,79,75,69,85,89,63,67,94,76,65,36,82
great,588,3226,23,23,35,15,15,72.112,70.692,25,1.3091,unknown,regular,73,32,60,66,68,66,62,69,83,68,91,79,92,82,76,71,66,82,86,60,63,90,73,62,40,78
starter,589,3226,23,23,34,2,4,75.776,74.192,25,5.9409,unknown,regular,76,35,64,70,72,70,66,73,87,72,95,83,96,86,79,75,69,85,89,63,67,94,76,65,40,82
bench,590,3226,23,23,8,0,0,72.935,71.423,25,3.2823,unknown,regular,73,32,61,68,69,67,63,70,84,69,92,80,93,83,76,72,66,82,86,61,64,91,74,63,39,79
low,591,3226,24,24,12,1,1,69.157,67.731,25,1.9471,unknown,regular,70,29,57,64,65,63,59,66,80,65,88,76,89,79,73,68,63,79,83,57,60,87,70,59,37,75
medium,592,3226,24,24,26,6,5,74.776,73.308,25,4.1552,unknown,regular,75,34,63,69,71,69,65,72,86,71,94,82,95,85,78,74,68,84,88,62,66,93,75,64,42,81
great,593,3226,22,22,35,15,15,67.112,65.692,25,1.6058,late_bloomer,regular,68,27,55,61,63,61,57,64,78,63,86,74,87,77,71,66,61,77,81,55,58,85,68,57,35,73
starter,594,3226,24,24,34,2,4,73.821,72.192,25,4.9259,unknown,regular,74,33,62,69,70,68,64,71,85,70,93,81,94,84,77,73,67,83,87,61,65,92,74,63,37,80
bench,595,3226,24,24,8,0,0,71.855,70.423,19,0.8924,unknown,regular,72,30,60,66,68,66,62,69,83,68,91,79,92,82,75,71,65,81,85,60,63,90,73,62,40,78
low,596,3226,24,24,12,1,1,70.885,69.462,2,0.587,unknown,regular,70,27,60,67,68,66,61,69,83,67,91,78,92,81,72,72,63,78,83,57,63,90,70,60,41,77
medium,597,3226,24,24,26,6,5,74.112,72.692,25,2.5809,unknown,regular,75,34,62,68,70,68,64,71,85,70,93,81,94,84,78,73,68,84,88,62,65,92,75,64,42,80
great,598,3226,23,23,35,15,15,76.077,74.423,24,8.5692,unknown,regular,77,35,64,70,72,70,66,73,87,72,95,83,96,86,80,75,70,86,90,64,67,94,77,66,38,82
starter,599,3226,24,24,34,2,4,67.2,65.808,2,0.2512,decliner,regular,68,27,55,62,63,61,57,64,78,63,86,74,87,77,71,67,61,77,81,55,58,85,68,57,36,73
bench,600,3226,23,23,8,0,0,73.112,71.692,25,2.4302,unknown,regular,74,33,61,67,69,67,63,70,84,69,92,80,93,83,77,72,67,83,87,61,64,91,74,63,41,79
low,601,3226,25,25,12,1,1,73.615,72.154,12,1.0295,unknown,regular,74,33,62,68,70,68,64,71,85,69,93,80,94,83,77,73,67,83,87,61,65,92,74,63,41,79
medium,602,3226,25,25,26,6,5,68.928,67.462,20,0.5793,unknown,regular,70,28,57,63,65,63,59,66,80,65,88,76,89,79,72,68,62,78,82,57,60,87,70,59,36,75
great,603,3226,25,25,35,15,15,73.864,72.154,25,2.2576,unknown,regular,74,33,62,69,70,68,64,71,85,70,93,81,94,84,77,74,67,83,87,61,65,92,74,63,35,80
starter,604,3226,23,23,34,2,4,71.935,70.346,25,3.4048,unknown,regular,72,31,60,67,68,66,62,69,83,68,91,79,92,82,75,71,65,81,85,60,63,90,73,62,36,78
bench,605,3226,23,23,8,0,0,71.443,69.962,16,0.6648,unknown,regular,71,29,60,66,68,66,62,69,83,68,91,79,92,82,74,71,64,80,84,58,63,90,71,61,39,78
low,606,3226,25,25,12,1,1,71.74,70.231,25,1.1793,unknown,regular,72,31,60,67,68,66,62,69,83,67,91,78,92,82,75,71,65,81,85,59,63,90,72,61,38,78
medium,607,3226,23,23,26,6,5,74.128,72.462,25,4.8842,unknown,regular,75,33,62,69,70,68,64,71,85,70,93,81,94,84,78,74,68,83,88,62,65,92,75,64,36,80
great,608,3226,24,24,35,15,15,76.112,74.538,0,9.1453,unknown,regular,77,36,64,70,72,70,66,73,87,72,95,83,96,86,80,75,70,86,90,64,67,94,77,66,40,82
starter,609,3226,25,25,34,2,4,74.821,73.346,10,1.734,unknown,regular,75,34,63,70,71,69,65,72,86,71,94,82,95,85,78,74,68,84,88,62,66,93,75,64,42,81
bench,610,3226,23,23,8,0,0,73.112,71.654,25,1.6938,unknown,regular,74,33,61,67,69,67,63,70,84,69,92,80,93,83,77,72,67,83,87,61,64,91,74,63,40,79
low,611,3226,25,25,12,1,1,69.375,67.962,13,0.4665,unknown,sharpie,70,29,54,62,63,60,60,67,81,66,89,77,90,80,75,72,65,81,83,57,57,88,70,59,37,75
medium,612,3226,25,25,26,6,5,75.655,73.885,24,3.3222,unknown,regular,76,35,64,70,72,70,66,73,87,71,95,82,96,86,79,75,69,85,89,63,67,94,76,65,35,81
great,613,3226,23,23,35,15,15,72.112,70.654,25,1.6454,unknown,regular,73,32,60,66,68,66,62,69,83,68,91,79,92,82,76,71,66,82,86,60,63,90,73,62,39,78
starter,614,3226,24,24,34,2,4,75.455,73.846,25,5.3499,unknown,regular,76,34,63,70,72,70,65,72,87,72,95,82,95,85,79,75,69,85,89,63,67,94,76,65,39,81
bench,615,3226,24,24,8,0,0,69.141,67.731,1,0.404,unknown,regular,68,26,58,67,67,64,60,67,81,65,89,76,90,79,70,71,61,76,80,55,61,89,68,58,40,75
low,616,3226,23,23,12,1,1,69.112,67.654,25,0.7739,unknown,regular,70,29,57,63,65,63,59,66,80,65,88,76,89,79,73,68,63,79,83,57,60,87,70,59,36,75
medium,617,3226,24,24,26,6,5,73.889,72.385,21,3.3533,unknown,sharpie,74,33,60,66,68,66,64,71,85,70,93,81,94,84,80,75,70,86,87,62,63,92,75,64,39,80
great,618,3226,23,23,35,15,15,75.818,74.231,20,7.1166,unknown,sharpie,77,36,63,69,71,68,66,73,87,72,95,83,96,86,80,75,70,86,90,64,65,94,77,66,39,82
starter,619,3226,23,23,34,2,4,73.112,71.654,25,2.0937,unknown,regular,74,33,61,67,69,67,63,70,84,69,92,80,93,83,77,72,67,83,87,61,64,91,74,63,40,79
bench,620,3226,24,24,8,0,0,75.242,73.769,25,3.0614,unknown,regular,76,35,63,70,71,69,65,72,86,71,94,82,95,85,79,75,69,85,89,63,66,94,76,65,42,81
low,621,3226,23,23,12,1,1,75.776,74.269,23,4.0356,unknown,regular,76,35,64,70,72,70,66,73,87,72,95,83,96,86,79,75,69,85,89,63,67,94,76,65,42,82
medium,622,3226,25,25,26,6,5,74.903,73.385,7,1.9843,unknown,regular,75,34,63,70,71,69,65,72,86,71,94,82,95,85,78,75,68,84,88,62,66,93,75,65,41,81
great,623,3226,23,23,35,15,15,75.776,74.115,24,6.2354,unknown,regular,76,35,64,70,72,70,66,73,87,72,95,83,96,86,79,75,69,85,89,63,67,94,76,65,38,82
starter,624,3226,24,24,34,2,4,74.157,72.692,25,2.9655,regular,regular,75,34,62,69,70,68,64,71,85,70,93,81,94,84,78,73,68,84,88,62,65,92,75,64,41,80
bench,625,3226,24,24,8,0,0,72.987,71.346,25,3.5108,unknown,regular,73,32,61,68,70,67,63,70,84,69,92,80,93,83,76,73,66,82,86,60,64,92,73,63,36,79
low,626,3226,25,25,12,1,1,72.741,71.154,25,1.653,unknown,regular,73,31,61,67,69,67,63,70,84,69,92,80,93,83,76,72,66,82,86,60,64,91,73,62,37,79
medium,627,3226,24,24,26,6,5,76.112,74.538,0,7.4667,unknown,regular,77,36,64,70,72,70,66,73,87,72,95,83,96,86,80,75,70,86,90,64,67,94,77,66,40,82
great,628,3226,25,25,35,15,15,74.207,72.692,25,1.6943,unknown,regular,75,33,62,69,70,68,64,71,85,70,93,81,94,84,78,74,68,84,88,62,65,93,75,64,40,80
starter,629,3226,23,23,34,2,4,74.821,73.077,25,5.9561,unknown,regular,75,34,63,70,71,69,65,72,86,71,94,82,95,85,78,74,68,84,88,62,66,93,75,64,35,81
bench,630,3226,24,24,8,0,0,74.085,72.538,25,3.4325,unknown,regular,75,33,62,69,70,68,64,71,85,70,93,81,94,84,77,73,68,84,88,62,65,92,75,64,39,80
low,631,3226,23,23,12,1,1,68.112,66.654,25,0.859,unknown,regular,69,28,56,62,64,62,58,65,79,64,87,75,88,78,72,67,62,78,82,56,59,86,69,58,35,74
medium,632,3226,24,24,26,6,5,70.157,68.692,25,2.1051,unknown,regular,71,30,58,65,66,64,60,67,81,66,89,77,90,80,74,69,64,80,84,58,61,88,71,60,37,76
great,633,3226,24,24,35,15,15,76.421,74.654,2,9.3605,unknown,sharpie,77,36,63,70,71,69,66,73,87,72,95,83,96,86,80,86,70,86,90,64,66,94,77,66,36,82
starter,634,3226,24,24,34,2,4,74.903,73.308,25,4.5681,unknown,regular,75,34,63,70,71,69,65,72,86,71,94,82,95,85,78,75,68,84,88,62,66,93,75,65,39,81
bench,635,3226,25,25,8,0,0,70.705,69.154,25,1.0589,unknown,regular,71,29,59,66,67,65,61,68,82,66,90,78,91,80,74,70,64,80,84,58,62,89,71,60,36,77
low,636,3226,24,24,12,1,1,71.855,70.385,19,0.8727,unknown,regular,72,30,60,66,68,66,62,69,83,68,91,79,92,82,75,71,65,81,85,60,63,90,73,62,39,78
medium,637,3226,23,23,26,6,5,70.62,69.038,25,2.9359,unknown,regular,71,29,59,65,67,65,61,68,82,66,90,77,91,80,74,70,64,80,84,58,62,89,71,60,35,77
great,638,3226,25,25,35,15,15,72.165,70.692,24,1.198,unknown,regular,73,31,60,67,68,66,62,69,83,68,91,79,92,82,76,72,66,82,86,60,63,90,73,62,39,78
starter,639,3226,25,25,34,2,4,69.814,68.346,17,0.5696,unknown,regular,70,29,58,64,66,64,60,67,81,66,89,77,90,80,73,69,63,79,83,57,61,88,70,60,37,76
bench,640,3226,25,25,8,0,0,68.077,66.615,24,0.6047,unknown,regular,69,27,56,62,64,62,58,65,79,64,87,75,88,78,72,67,62,78,82,56,59,86,69,58,35,74
low,641,3226,24,24,12,1,1,71.112,69.654,25,2.0729,unknown,regular,72,31,59,65,67,65,61,68,82,67,90,78,91,81,75,70,65,81,85,59,62,89,72,61,38,77
medium,642,3226,23,23,26,6,5,76.077,74.538,8,5.5695,unknown,regular,77,35,64,70,72,70,66,73,87,72,95,83,96,86,80,75,70,86,90,64,67,94,77,66,41,82
great,643,3226,24,24,35,15,15,75.655,74.038,25,5.5806,unknown,regular,76,35,64,70,72,70,66,73,87,71,95,82,96,86,79,75,69,85,89,63,67,94,76,65,39,81
starter,644,3226,25,25,34,2,4,69.202,67.808,1,0.2173,decliner,regular,70,29,57,65,65,63,59,66,80,65,88,76,89,79,73,68,63,79,83,57,60,87,70,59,38,75
bench,645,3226,23,23,8,0,0,72.118,70.808,4,0.8444,unknown,sharpie,73,30,56,62,64,62,63,70,84,69,92,80,93,83,79,75,69,85,85,60,59,92,73,62,42,79
low,646,3226,24,24,12,1,1,69.469,67.885,25,1.4557,unknown,genetic_freak,69,28,62,70,70,68,58,65,79,64,87,75,88,78,72,67,62,78,82,56,65,86,69,58,35,74
medium,647,3226,23,23,26,6,5,69.112,67.654,25,0.7776,unknown,regular,70,29,57,63,65,63,59,66,80,65,88,76,89,79,73,68,63,79,83,57,60,87,70,59,36,75
great,648,3226,25,25,35,15,15,76.112,74.577,0,4.1596,unknown,regular,77,36,64,70,72,70,66,73,87,72,95,83,96,86,80,75,70,86,90,64,67,94,77,66,41,82
starter,649,3226,24,24,34,2,4,76.112,74.462,14,7.5776,unknown,regular,77,36,64,70,72,70,66,73,87,72,95,83,96,86,80,75,70,86,90,64,67,94,77,66,38,82
bench,650,3226,24,24,8,0,0,73.157,71.692,25,2.221,unknown,regular,74,33,61,68,69,67,63,70,84,69,92,80,93,83,77,72,67,83,87,61,64,91,74,63,40,79
low,651,3226,24,24,12,1,1,75.084,73.577,25,3.7715,unknown,regular,76,34,63,70,71,69,65,72,86,71,94,82,95,85,79,74,69,85,88,63,66,93,76,65,41,81
medium,652,3226,25,25,26,6,5,74.78,73.308,14,1.6176,unknown,regular,75,34,63,70,71,69,65,72,86,71,94,82,95,84,78,74,68,84,88,62,66,93,75,64,42,81
great,653,3226,24,24,35,15,15,72.048,70.462,25,3.1631,unknown,regular,73,31,60,67,68,66,62,69,83,68,91,79,92,82,75,71,66,81,86,60,63,90,73,62,36,78
starter,654,3226,24,24,34,2,4,71.112,69.654,25,1.2673,unknown,regular,72,31,59,65,67,65,61,68,82,67,90,78,91,81,75,70,65,81,85,59,62,89,72,61,38,77
bench,655,3226,23,23,8,0,0,72.112,70.654,25,1.18,unknown,regular,73,32,60,66,68,66,62,69,83,68,91,79,92,82,76,71,66,82,86,60,63,90,73,62,39,78
low,656,3226,25,25,12,1,1,74.2,72.769,2,1.1187,unknown,regular,75,34,62,69,70,68,64,71,85,70,93,81,94,84,78,74,68,84,88,62,65,92,75,64,42,80
medium,657,3226,24,24,26,6,5,69.864,68.308,25,2.5968,unknown,regular,70,29,58,65,66,64,60,67,81,66,89,77,90,80,73,70,63,79,83,57,61,88,70,59,35,76
great,658,3226,25,25,35,15,15,73.89,72.308,25,1.8349,unknown,regular,74,33,62,68,70,68,64,71,85,70,93,81,94,84,77,73,67,83,87,62,65,92,75,64,38,80
starter,659,3226,24,24,34,2,4,72.112,70.654,25,2.1316,regular,regular,73,32,60,66,68,66,62,69,83,68,91,79,92,82,76,71,66,82,86,60,63,90,73,62,39,78
bench,660,3226,24,24,8,0,0,67.855,66.423,0,0.1223,decliner,regular,68,26,56,62,64,62,58,65,79,64,87,75,88,78,71,67,61,77,81,56,59,86,69,58,36,74
low,661,3226,24,24,12,1,1,73.608,72.154,3,1.072,unknown,regular,73,31,62,69,70,68,64,71,85,70,93,81,94,84,76,74,66,82,86,61,65,92,74,63,42,80
medium,662,3226,25,25,26,6,5,72.408,70.808,25,1.9645,early_peak,regular,73,32,61,67,69,66,62,70,84,68,92,79,92,82,76,72,66,82,86,60,63,90,73,62,36,78
great,663,3226,23,23,35,15,15,76.112,74.577,0,10.6865,unknown,regular,77,36,64,70,72,70,66,73,87,72,95,83,96,86,80,75,70,86,90,64,67,94,77,66,41,82
starter,664,3226,24,24,34,2,4,74.572,73.038,25,3.854,unknown,regular,75,34,63,69,71,68,65,72,86,70,94,82,95,84,78,74,68,84,88,62,65,93,75,64,40,80
bench,665,3226,25,25,8,0,0,72.848,71.423,0,0.4219,unknown,regular,73,31,61,68,70,68,63,71,84,69,92,80,93,83,75,73,65,81,85,60,64,92,73,62,42,79
low,666,3226,23,23,12,1,1,69.112,67.654,25,1.2204,unknown,regular,70,29,57,63,65,63,59,66,80,65,88,76,89,79,73,68,63,79,83,57,60,87,70,59,36,75
medium,667,3226,25,25,26,6,5,68.112,66.654,25,0.7245,unknown,regular,69,28,56,62,64,62,58,65,79,64,87,75,88,78,72,67,62,78,82,56,59,86,69,58,35,74
great,668,3226,23,23,35,15,15,76.112,74.423,3,8.7617,unknown,regular,77,36,64,70,72,70,66,73,87,72,95,83,96,86,80,75,70,86,90,64,67,94,77,66,37,82
starter,669,3226,24,24,34,2,4,74.927,73.308,25,4.8436,unknown,regular,76,34,63,69,71,69,65,72,86,71,94,82,95,85,78,74,68,84,89,62,66,93,76,65,38,81
bench,670,3226,23,23,8,0,0,69.824,68.308,25,1.9812,unknown,jokester,70,29,58,65,66,64,60,67,81,66,89,77,90,80,73,70,63,79,83,57,61,88,70,59,36,75
low,671,3226,24,24,12,1,1,69.325,67.846,25,2.0204,unknown,regular,70,29,57,64,65,63,59,67,81,65,88,76,89,79,73,69,63,79,83,57,60,88,70,59,36,75
medium,672,3226,25,25,26,6,5,74.983,73.269,25,2.7022,unknown,regular,75,34,63,70,72,69,65,72,86,71,94,82,95,85,78,75,68,84,88,63,66,93,75,65,36,81
great,673,3226,24,24,35,15,15,72.056,70.615,21,1.4686,unknown,sharpie,73,32,58,65,66,64,62,69,83,68,91,79,92,82,77,75,68,83,86,60,61,90,73,62,39,78
starter,674,3226,24,24,34,2,4,74.077,72.615,24,1.8287,unknown,regular,75,33,62,68,70,68,64,71,85,70,93,81,94,84,78,73,68,84,88,62,65,92,75,64,41,80
bench,675,3226,23,23,8,0,0,68.525,67.038,10,0.3991,unknown,regular,68,24,58,64,66,64,59,67,81,64,89,76,90,78,70,69,60,76,80,55,60,88,68,58,37,74
low,676,3226,24,24,12,1,1,72.573,71.077,25,2.7087,unknown,regular,73,32,61,67,69,66,62,70,84,69,92,79,93,82,76,72,66,82,86,60,64,91,73,62,39,78
medium,677,3226,25,25,26,6,5,75.776,74.154,5,3.3421,unknown,regular,76,35,64,70,72,70,66,73,87,72,95,83,96,86,79,75,69,85,89,63,67,94,76,65,39,82
great,678,3226,24,24,35,15,15,76.112,74.577,0,8.7915,unknown,regular,77,36,64,70,72,70,66,73,87,72,95,83,96,86,80,75,70,86,90,64,67,94,77,66,41,82
starter,679,3226,25,25,34,2,4,76.051,74.423,0,3.6665,unknown,sharpie,76,35,62,69,70,68,66,73,87,72,95,83,96,86,80,84,70,86,90,64,65,94,77,66,39,82
bench,680,3226,25,25,8,0,0,70.814,69.231,25,1.215,unknown,regular,71,30,59,65,67,65,61,68,82,67,90,78,91,81,74,70,64,80,84,58,62,89,71,61,35,77
low,681,3226,24,24,12,1,1,69.157,67.692,25,1.8992,unknown,regular,70,29,57,64,65,63,59,66,80,65,88,76,89,79,73,68,63,79,83,57,60,87,70,59,36,75
medium,682,3226,25,25,26,6,5,72.859,71.269,25,1.6632,unknown,regular,73,32,61,68,69,67,63,70,84,69,92,80,93,83,76,72,66,82,86,60,64,91,74,62,37,79
great,683,3226,23,23,35,15,15,73.077,71.615,24,1.316,unknown,regular,74,32,61,67,69,67,63,70,84,69,92,80,93,83,77,72,67,83,87,61,64,91,74,63,40,79
starter,684,3226,25,25,34,2,4,73.165,71.731,2,0.6492,unknown,regular,74,32,61,68,69,67,63,70,84,69,92,80,93,83,77,73,67,83,87,61,64,91,74,63,41,79
bench,685,3226,25,25,8,0,0,73.776,72.308,16,1.1136,unknown,regular,74,33,62,68,70,68,64,71,85,70,93,81,94,84,77,73,67,83,87,61,65,92,74,63,41,80
low,686,3226,23,23,12,1,1,71.2,69.731,25,2.3343,unknown,regular,72,31,59,66,67,65,61,68,82,67,90,78,91,81,75,71,65,81,85,59,62,89,72,61,38,77
medium,687,3226,23,23,26,6,5,76.112,74.385,11,7.5435,unknown,regular,77,36,64,70,72,70,66,73,87,72,95,83,96,86,80,75,70,86,90,64,67,94,77,66,36,82
great,688,3226,24,24,35,15,15,73.112,71.654,25,1.5022,unknown,regular,74,33,61,67,69,67,63,70,84,69,92,80,93,83,77,72,67,83,87,61,64,91,74,63,40,79
starter,689,3226,24,24,34,2,4,76.112,74.538,9,6.2506,unknown,regular,77,36,64,70,72,70,66,73,87,72,95,83,96,86,80,75,70,86,90,64,67,94,77,66,40,82
bench,690,3226,24,24,8,0,0,73.935,72.385,25,3.2118,unknown,regular,74,33,62,69,70,68,64,71,85,70,93,81,94,84,77,73,67,83,87,62,65,92,75,64,39,80
low,691,3226,25,25,12,1,1,70.157,68.692,25,0.9095,unknown,regular,71,30,58,65,66,64,60,67,81,66,89,77,90,80,74,69,64,80,84,58,61,88,71,60,37,76
medium,692,3226,25,25,26,6,5,74.864,73.385,2,1.915,unknown,regular,75,34,63,70,71,69,65,72,86,71,94,82,95,85,78,75,68,84,88,62,66,93,75,64,42,81
great,693,3226,23,23,35,15,15,68.112,66.654,25,1.5623,late_bloomer,regular,69,28,56,62,64,62,58,65,79,64,87,75,88,78,72,67,62,78,82,56,59,86,69,58,35,74
starter,694,3226,25,25,34,2,4,74.821,73.154,25,2.5048,unknown,regular,75,34,63,70,71,69,65,72,86,71,94,82,95,85,78,74,68,84,88,62,66,93,75,64,37,81
bench,695,3226,25,25,8,0,0,71.9,70.462,1,0.4264,unknown,regular,72,30,60,67,68,66,62,69,83,68,91,79,92,82,75,71,65,81,85,60,63,90,73,62,40,78
low,696,3226,25,25,12,1,1,70.885,69.462,0,0.2773,unknown,regular,70,27,60,67,68,66,61,69,83,67,91,78,92,81,72,72,63,78,83,57,63,90,70,60,41,77
medium,697,3226,25,25,26,6,5,74.284,72.846,4,1.2686,unknown,regular,75,34,62,69,71,68,64,71,85,70,93,81,94,84,78,74,68,84,88,62,65,93,75,64,42,80
great,698,3226,24,24,35,15,15,76.112,74.462,1,8.2987,unknown,regular,77,36,64,70,72,70,66,73,87,72,95,83,96,86,80,75,70,86,90,64,67,94,77,66,38,82
starter,699,3226,25,25,34,2,4,67.33,65.923,3,0.2602,decliner,regular,68,27,55,63,64,61,57,64,78,63,86,74,87,77,71,68,61,77,81,55,58,85,68,57,36,73
bench,700,3226,24,24,8,0,0,74.112,72.654,25,2.4092,unknown,regular,75,34,62,68,70,68,64,71,85,70,93,81,94,84,78,73,68,84,88,62,65,92,75,64,41,80
low,701,3226,26,26,12,1,1,73.703,72.231,2,1.0131,unknown,regular,74,33,62,69,70,68,64,71,85,69,93,80,94,83,77,74,67,83,87,61,65,92,74,63,41,79
medium,702,3226,26,26,26,6,5,69.893,68.385,24,0.6504,unknown,regular,71,28,58,64,66,64,60,67,81,66,89,77,90,80,73,69,63,79,83,58,61,88,71,60,36,76
great,703,3226,26,26,35,15,15,74.864,73.115,25,2.3644,unknown,regular,75,34,63,70,71,69,65,72,86,71,94,82,95,85,78,75,68,84,88,62,66,93,75,64,35,81
starter,704,3226,24,24,34,2,4,72.935,71.308,25,3.2349,unknown,regular,73,32,61,68,69,67,63,70,84,69,92,80,93,83,76,72,66,82,86,61,64,91,74,63,36,79
bench,705,3226,24,24,8,0,0,71.657,70.154,5,0.6576,unknown,regular,71,29,60,67,69,66,62,69,83,68,92,79,92,82,74,72,64,80,84,58,63,91,71,61,39,78
low,706,3226,26,26,12,1,1,72.74,71.192,25,1.1774,unknown,regular,73,32,61,68,69,67,63,70,84,68,92,79,93,83,76,72,66,82,86,60,64,91,73,62,38,79
medium,707,3226,24,24,26,6,5,75.128,73.423,25,4.745,unknown,regular,76,34,63,70,71,69,65,72,86,71,94,82,95,85,79,75,69,84,89,63,66,93,76,65,36,81
great,708,3226,25,25,35,15,15,76.112,74.538,0,4.1861,unknown,regular,77,36,64,70,72,70,66,73,87,72,95,83,96,86,80,75,70,86,90,64,67,94,77,66,40,82
starter,709,3226,26,26,34,2,4,74.821,73.346,0,1.687,unknown,regular,75,34,63,70,71,69,65,72,86,71,94,82,95,85,78,74,68,84,88,62,66,93,75,64,42,81
bench,710,3226,24,24,8,0,0,74.077,72.577,24,1.6589,unknown,regular,75,33,62,68,70,68,64,71,85,70,93,81,94,84,78,73,68,84,88,62,65,92,75,64,40,80
low,711,3226,26,26,12,1,1,69.738,68.308,9,0.4544,unknown,sharpie,70,29,54,62,63,60,60,68,82,66,90,77,91,80,76,73,66,82,83,57,57,89,70,59,37,75
medium,712,3226,26,26,26,6,5,75.776,74.0,3,3.577,unknown,regular,76,35,64,70,72,70,66,73,87,72,95,83,96,86,79,75,69,85,89,63,67,94,76,65,35,82
great,713,3226,24,24,35,15,15,73.112,71.615,25,1.5046,unknown,regular,74,33,61,67,69,67,63,70,84,69,92,80,93,83,77,72,67,83,87,61,64,91,74,63,39,79
starter,714,3226,25,25,34,2,4,75.455,73.846,0,2.4734,unknown,regular,76,34,63,70,72,70,65,72,87,72,95,82,95,85,79,75,69,85,89,63,67,94,76,65,39,81
bench,715,3226,25,25,8,0,0,69.141,67.731,0,0.1912,unknown,regular,68,26,58,67,67,64,60,67,81,65,89,76,90,79,70,71,61,76,80,55,61,89,68,58,40,75
low,716,3226,24,24,12,1,1,70.077,68.577,24,0.7571,unknown,regular,71,29,58,64,66,64,60,67,81,66,89,77,90,80,74,69,64,80,84,58,61,88,71,60,36,76
medium,717,3226,25,25,26,6,5,74.373,72.846,12,1.7039,unknown,sharpie,75,33,60,66,68,66,65,72,86,71,94,82,95,85,80,75,70,86,88,62,63,93,75,64,39,81
great,718,3226,24,24,35,15,15,75.901,74.308,2,6.2889,unknown,sharpie,77,36,63,69,71,69,66,73,87,72,95,83,96,86,80,75,70,86,90,64,66,94,77,66,39,82
starter,719,3226,24,24,34,2,4,74.112,72.615,25,2.1108,unknown,regular,75,34,62,68,70,68,64,71,85,70,93,81,94,84,78,73,68,84,88,62,65,92,75,64,40,80
bench,720,3226,25,25,8,0,0,75.242,73.769,0,1.4479,unknown,regular,76,35,63,70,71,69,65,72,86,71,94,82,95,85,79,75,69,85,89,63,66,94,76,65,42,81
low,721,3226,24,24,12,1,1,75.814,74.308,1,4.023,unknown,regular,76,35,64,70,72,70,66,73,87,72,95,83,96,86,79,75,69,85,89,63,67,94,76,66,42,82
medium,722,3226,26,26,26,6,5,74.941,73.423,1,2.167,unknown,regular,75,34,63,70,71,69,65,72,86,71,94,82,95,85,78,75,68,84,88,62,66,93,76,65,41,81
great,723,3226,24,24,35,15,15,76.077,74.423,8,5.7329,unknown,regular,77,35,64,70,72,70,66,73,87,72,95,83,96,86,80,75,70,86,90,64,67,94,77,66,38,82
starter,724,3226,25,25,34,2,4,74.371,72.885,5,1.2822,regular,regular,75,34,62,70,71,68,64,71,85,70,94,81,94,84,78,74,68,84,88,62,65,93,75,64,41,80
bench,725,3226,25,25,8,0,0,73.987,72.308,25,1.6616,unknown,regular,74,33,62,69,71,68,64,71,85,70,93,81,94,84,77,74,67,83,87,61,65,93,74,64,36,80
low,726,3226,26,26,12,1,1,73.741,72.115,25,1.6182,unknown,regular,74,32,62,68,70,68,64,71,85,70,93,81,94,84,77,73,67,83,87,61,65,92,74,63,37,80
medium,727,3226,25,25,26,6,5,76.112,74.538,0,3.4715,unknown,regular,77,36,64,70,72,70,66,73,87,72,95,83,96,86,80,75,70,86,90,64,67,94,77,66,40,82
great,728,3226,26,26,35,15,15,74.584,73.038,9,1.5364,unknown,regular,75,33,63,70,71,69,64,72,86,70,94,81,95,84,78,74,68,84,88,62,66,93,75,64,40,80
starter,729,3226,24,24,34,2,4,75.776,74.0,24,6.0166,unknown,regular,76,35,64,70,72,70,66,73,87,72,95,83,96,86,79,75,69,85,89,63,67,94,76,65,35,82
bench,730,3226,25,25,8,0,0,74.786,73.192,17,1.6226,unknown,regular,75,33,63,70,71,69,65,72,86,71,94,82,95,85,78,74,68,84,88,62,66,93,75,64,39,81
low,731,3226,24,24,12,1,1,69.112,67.615,25,0.8648,unknown,regular,70,29,57,63,65,63,59,66,80,65,88,76,89,79,73,68,63,79,83,57,60,87,70,59,35,75
medium,732,3226,25,25,26,6,5,71.122,69.615,24,0.8846,unknown,regular,72,30,59,66,67,65,61,68,82,67,90,78,91,81,75,70,65,81,85,59,62,89,72,61,37,77
great,733,3226,25,25,35,15,15,76.421,74.654,0,4.9351,unknown,sharpie,77,36,63,70,71,69,66,73,87,72,95,83,96,86,80,86,70,86,90,64,66,94,77,66,36,82
starter,734,3226,25,25,34,2,4,74.903,73.308,0,2.1075,unknown,regular,75,34,63,70,71,69,65,72,86,71,94,82,95,85,78,75,68,84,88,62,66,93,75,65,39,81
bench,735,3226,26,26,8,0,0,71.705,70.115,25,1.0628,unknown,regular,72,30,60,67,68,66,62,69,83,67,91,79,92,81,75,71,65,81,85,59,63,90,72,61,36,78
low,736,3226,25,25,12,1,1,71.9,70.423,1,0.4135,unknown,regular,72,30,60,67,68,66,62,69,83,68,91,79,92,82,75,71,65,81,85,60,63,90,73,62,39,78
medium,737,3226,24,24,26,6,5,71.62,70.0,25,2.6109,unknown,regular,72,30,60,66,68,66,62,69,83,67,91,78,92,81,75,71,65,81,85,59,63,90,72,61,35,78
great,738,3226,26,26,35,15,15,72.944,71.423,19,1.1038,unknown,regular,73,31,61,68,69,67,63,70,84,69,92,80,93,83,76,73,66,82,86,61,64,91,74,63,39,79
starter,739,3226,26,26,34,2,4,70.478,68.962,16,0.5763,unknown,regular,70,29,59,65,67,65,61,68,82,67,90,78,91,81,73,70,63,79,83,57,62,89,70,60,37,77
bench,740,3226,26,26,8,0,0,69.005,67.5,23,0.6037,unknown,regular,70,27,57,63,65,63,59,66,80,65,88,76,89,79,73,68,63,78,83,57,60,87,70,59,35,75
low,741,3226,25,25,12,1,1,72.077,70.577,24,1.0016,unknown,regular,73,31,60,66,68,66,62,69,83,68,91,79,92,82,76,71,66,82,86,60,63,90,73,62,38,78
medium,742,3226,24,24,26,6,5,76.112,74.577,1,5.9424,unknown,regular,77,36,64,70,72,70,66,73,87,72,95,83,96,86,80,75,70,86,90,64,67,94,77,66,41,82
great,743,3226,25,25,35,15,15,75.655,74.038,0,2.5127,unknown,regular,76,35,64,70,72,70,66,73,87,71,95,82,96,86,79,75,69,85,89,63,67,94,76,65,39,81
starter,744,3226,26,26,34,2,4,69.202,67.808,0,0.2239,decliner,regular,70,29,57,65,65,63,59,66,80,65,88,76,89,79,73,68,63,79,83,57,60,87,70,59,38,75
bench,745,3226,24,24,8,0,0,72.23,70.923,3,0.8283,unknown,sharpie,73,30,56,62,64,62,63,70,84,69,92,80,93,83,80,75,70,86,85,60,59,92,73,62,42,79
low,746,3226,25,25,12,1,1,70.234,68.615,19,0.6863,unknown,genetic_freak,70,28,63,70,71,69,59,66,80,65,88,76,89,79,72,67,62,78,83,57,66,87,70,59,35,75
medium,747,3226,24,24,26,6,5,70.112,68.615,25,0.8422,unknown,regular,71,30,58,64,66,64,60,67,81,66,89,77,90,80,74,69,64,80,84,58,61,88,71,60,36,76
great,748,3226,26,26,35,15,15,76.112,74.577,0,3.7792,unknown,regular,77,36,64,70,72,70,66,73,87,72,95,83,96,86,80,75,70,86,90,64,67,94,77,66,41,82
starter,749,3226,25,25,34,2,4,76.112,74.462,0,3.6405,unknown,regular,77,36,64,70,72,70,66,73,87,72,95,83,96,86,80,75,70,86,90,64,67,94,77,66,38,82
bench,750,3226,25,25,8,0,0,73.7,72.192,13,1.0482,unknown,regular,74,33,62,69,70,68,64,71,85,69,93,81,94,83,77,73,67,83,87,61,65,92,74,63,40,79
low,751,3226,25,25,12,1,1,75.084,73.577,0,1.7914,unknown,regular,76,34,63,70,71,69,65,72,86,71,94,82,95,85,79,74,69,85,88,63,66,93,76,65,41,81
medium,752,3226,26,26,26,6,5,74.821,73.346,1,1.7703,unknown,regular,75,34,63,70,71,69,65,72,86,71,94,82,95,85,78,74,68,84,88,62,66,93,75,64,42,81
great,753,3226,25,25,35,15,15,73.048,71.423,25,1.4459,unknown,regular,74,32,61,68,69,67,63,70,84,69,92,80,93,83,76,72,67,82,87,61,64,91,74,63,36,79
starter,754,3226,25,25,34,2,4,71.615,70.115,12,0.6231,unknown,regular,72,31,60,66,68,66,62,69,83,67,91,78,92,81,75,71,65,81,85,59,63,90,72,61,38,77
bench,755,3226,24,24,8,0,0,72.965,71.462,21,1.1538,unknown,regular,74,32,61,67,69,67,63,70,84,69,92,80,93,83,76,72,66,82,87,61,64,91,74,63,39,79
low,756,3226,26,26,12,1,1,74.2,72.769,0,1.1113,unknown,regular,75,34,62,69,70,68,64,71,85,70,93,81,94,84,78,74,68,84,88,62,65,92,75,64,42,80
medium,757,3226,25,25,26,6,5,70.864,69.269,25,1.2207,unknown,regular,71,30,59,66,67,65,61,68,82,67,90,78,91,81,74,71,64,80,84,58,62,89,71,60,35,77
great,758,3226,26,26,35,15,15,74.741,73.115,21,1.736,unknown,regular,75,33,63,69,71,69,65,72,86,71,94,82,95,85,78,74,68,84,88,62,66,93,75,64,38,81
starter,759,3226,25,25,34,2,4,72.814,71.308,17,1.0198,regular,regular,73,32,61,67,69,67,63,70,84,69,92,80,93,83,76,72,66,82,86,60,64,91,73,63,39,79
bench,760,3226,25,25,8,0,0,67.855,66.423,0,0.1222,decliner,regular,68,26,56,62,64,62,58,65,79,64,87,75,88,78,71,67,61,77,81,56,59,86,69,58,36,74
low,761,3226,25,25,12,1,1,73.608,72.154,0,0.504,unknown,regular,73,31,62,69,70,68,64,71,85,70,93,81,94,84,76,74,66,82,86,61,65,92,74,63,42,80
medium,762,3226,26,26,26,6,5,73.408,71.769,25,2.0732,early_peak,regular,74,33,62,68,70,67,63,71,85,69,93,80,93,83,77,73,67,83,87,61,64,91,74,63,36,79
great,763,3226,24,24,35,15,15,76.112,74.577,0,10.3977,unknown,regular,77,36,64,70,72,70,66,73,87,72,95,83,96,86,80,75,70,86,90,64,67,94,77,66,41,82
starter,764,3226,25,25,34,2,4,74.821,73.269,6,1.7712,unknown,regular,75,34,63,70,71,69,65,72,86,71,94,82,95,85,78,74,68,84,88,62,66,93,75,64,40,81
bench,765,3226,26,26,8,0,0,72.848,71.423,0,0.4189,unknown,regular,73,31,61,68,70,68,63,71,84,69,92,80,93,83,75,73,65,81,85,60,64,92,73,62,42,79
low,766,3226,24,24,12,1,1,70.112,68.615,25,1.23,unknown,regular,71,30,58,64,66,64,60,67,81,66,89,77,90,80,74,69,64,80,84,58,61,88,71,60,36,76
medium,767,3226,26,26,26,6,5,69.077,67.577,24,0.706,unknown,regular,70,28,57,63,65,63,59,66,80,65,88,76,89,79,73,68,63,79,83,57,60,87,70,59,35,75
great,768,3226,24,24,35,15,15,76.112,74.423,0,9.023,unknown,regular,77,36,64,70,72,70,66,73,87,72,95,83,96,86,80,75,70,86,90,64,67,94,77,66,37,82
starter,769,3226,25,25,34,2,4,75.054,73.423,3,2.2363,unknown,regular,76,34,63,70,71,69,65,72,86,71,94,82,95,85,78,75,68,84,89,63,66,93,76,65,38,81
bench,770,3226,24,24,8,0,0,70.824,69.269,25,1.9471,unknown,jokester,71,30,59,66,67,65,61,68,82,67,90,78,91,81,74,71,64,80,84,58,62,89,71,60,36,76
low,771,3226,25,25,12,1,1,70.325,68.808,25,0.9379,unknown,regular,71,30,58,65,66,64,60,68,82,66,89,77,90,80,74,70,64,80,84,58,61,89,71,60,36,76
medium,772,3226,26,26,26,6,5,75.249,73.538,7,2.5022,unknown,regular,76,34,63,70,72,69,65,72,86,71,94,82,95,85,79,75,69,85,89,63,66,94,76,65,36,81
great,773,3226,25,25,35,15,15,72.334,70.885,7,0.6846,unknown,sharpie,73,32,58,65,66,64,62,70,84,68,92,79,92,82,78,75,69,84,86,60,61,91,73,62,39,78
starter,774,3226,25,25,34,2,4,74.122,72.654,1,0.8492,unknown,regular,75,33,62,69,70,68,64,71,85,70,93,81,94,84,78,73,68,84,88,62,65,92,75,64,41,80
bench,775,3226,24,24,8,0,0,68.654,67.154,3,0.3928,unknown,regular,68,24,58,65,66,64,59,67,81,65,89,76,90,78,70,70,60,76,80,55,60,88,68,58,37,74
low,776,3226,25,25,12,1,1,73.538,72.0,24,1.2607,unknown,regular,74,32,62,68,70,67,63,71,85,70,93,80,94,83,77,73,67,83,87,61,65,92,74,63,39,79
medium,777,3226,26,26,26,6,5,75.776,74.154,0,3.4988,unknown,regular,76,35,64,70,72,70,66,73,87,72,95,83,96,86,79,75,69,85,89,63,67,94,76,65,39,82
great,778,3226,25,25,35,15,15,76.112,74.577,0,3.6984,unknown,regular,77,36,64,70,72,70,66,73,87,72,95,83,96,86,80,75,70,86,90,64,67,94,77,66,41,82
starter,779,3226,26,26,34,2,4,76.051,74.423,0,3.6748,unknown,sharpie,76,35,62,69,70,68,66,73,87,72,95,83,96,86,80,84,70,86,90,64,65,94,77,66,39,82
bench,780,3226,26,26,8,0,0,71.814,70.192,25,1.2194,unknown,regular,72,31,60,66,68,66,62,69,83,68,91,79,92,82,75,71,65,81,85,59,63,90,72,62,35,78
low,781,3226,25,25,12,1,1,70.157,68.654,25,0.8843,unknown,regular,71,30,58,65,66,64,60,67,81,66,89,77,90,80,74,69,64,80,84,58,61,88,71,60,36,76
medium,782,3226,26,26,26,6,5,73.859,72.231,25,1.778,unknown,regular,74,33,62,69,70,68,64,71,85,70,93,81,94,84,77,73,67,83,87,61,65,92,75,63,37,80
great,783,3226,24,24,35,15,15,73.741,72.231,16,1.299,unknown,regular,74,32,62,68,70,68,64,71,85,70,93,81,94,84,77,73,67,83,87,61,65,92,74,63,40,80
starter,784,3226,26,26,34,2,4,73.21,71.769,1,0.641,unknown,regular,74,32,61,69,69,67,63,70,84,69,92,80,93,83,77,73,67,83,87,61,64,91,74,63,41,79
bench,785,3226,26,26,8,0,0,73.864,72.385,2,1.1123,unknown,regular,74,33,62,69,70,68,64,71,85,70,93,81,94,84,77,74,67,83,87,61,65,92,74,63,41,80
low,786,3226,24,24,12,1,1,72.2,70.692,25,2.3112,unknown,regular,73,32,60,67,68,66,62,69,83,68,91,79,92,82,76,72,66,82,86,60,63,90,73,62,38,78
medium,787,3226,24,24,26,6,5,76.112,74.385,0,7.6924,unknown,regular,77,36,64,70,72,70,66,73,87,72,95,83,96,86,80,75,70,86,90,64,67,94,77,66,36,82
great,788,3226,25,25,35,15,15,73.157,71.692,1,0.6086,unknown,regular,74,33,61,68,69,67,63,70,84,69,92,80,93,83,77,72,67,83,87,61,64,91,74,63,40,79
starter,789,3226,25,25,34,2,4,76.112,74.538,0,2.7772,unknown,regular,77,36,64,70,72,70,66,73,87,72,95,83,96,86,80,75,70,86,90,64,67,94,77,66,40,82
bench,790,3226,25,25,8,0,0,74.514,72.923,14,1.5344,unknown,regular,75,33,63,70,71,69,65,72,86,70,94,81,95,84,77,74,68,83,87,62,66,93,75,64,39,80
low,791,3226,26,26,12,1,1,71.122,69.615,24,0.9039,unknown,regular,72,30,59,66,67,65,61,68,82,67,90,78,91,81,75,70,65,81,85,59,62,89,72,61,37,77
medium,792,3226,26,26,26,6,5,74.864,73.385,0,2.0147,unknown,regular,75,34,63,70,71,69,65,72,86,71,94,82,95,85,78,75,68,84,88,62,66,93,75,64,42,81
great,793,3226,24,24,35,15,15,69.112,67.615,25,1.4795,late_bloomer,regular,70,29,57,63,65,63,59,66,80,65,88,76,89,79,73,68,63,79,83,57,60,87,70,59,35,75
starter,794,3226,26,26,34,2,4,75.016,73.346,5,2.2922,unknown,regular,76,34,63,70,71,69,65,72,86,71,94,82,95,85,78,75,68,84,88,63,66,93,76,65,37,81
bench,795,3226,26,26,8,0,0,71.945,70.5,1,0.4249,unknown,regular,72,30,60,68,68,66,62,69,83,68,91,79,92,82,75,71,65,81,85,60,63,90,73,62,40,78
low,796,3226,26,26,12,1,1,70.885,69.462,0,0.2787,unknown,regular,70,27,60,67,68,66,61,69,83,67,91,78,92,81,72,72,63,78,83,57,63,90,70,60,41,77
medium,797,3226,26,26,26,6,5,74.329,72.885,1,1.238,unknown,regular,75,34,62,70,71,68,64,71,85,70,93,81,94,84,78,74,68,84,88,62,65,93,75,64,42,80
great,798,3226,25,25,35,15,15,76.112,74.462,0,4.565,unknown,regular,77,36,64,70,72,70,66,73,87,72,95,83,96,86,80,75,70,86,90,64,67,94,77,66,38,82
starter,799,3226,26,26,34,2,4,67.375,65.962,1,0.2447,decliner,regular,68,27,55,64,64,61,57,64,78,63,86,74,87,77,71,68,61,77,81,55,58,85,68,57,36,73
bench,800,3226,25,25,8,0,0,74.2,72.731,2,1.1395,unknown,regular,75,34,62,69,70,68,64,71,85,70,93,81,94,84,78,74,68,84,88,62,65,92,75,64,41,80
low,801,3226,27,27,12,1,1,73.703,72.231,0,1.0029,unknown,regular,74,33,62,69,70,68,64,71,85,69,93,80,94,83,77,74,67,83,87,61,65,92,74,63,41,79
medium,802,3226,27,27,26,6,5,70.557,69.0,16,0.5815,unknown,regular,71,28,59,65,67,65,61,68,82,67,90,78,91,81,73,70,63,79,83,58,62,89,71,60,36,77
great,803,3226,27,27,35,15,15,75.212,73.462,9,2.4594,unknown,regular,76,34,63,70,72,69,65,72,86,71,94,82,95,85,79,75,69,84,89,63,66,94,76,65,35,81
starter,804,3226,25,25,34,2,4,73.935,72.269,25,1.5784,unknown,regular,74,33,62,69,70,68,64,71,85,70,93,81,94,84,77,73,67,83,87,62,65,92,75,64,36,80
bench,805,3226,25,25,8,0,0,71.657,70.154,0,0.312,unknown,regular,71,29,60,67,69,66,62,69,83,68,92,79,92,82,74,72,64,80,84,58,63,91,71,61,39,78
low,806,3226,27,27,12,1,1,73.631,72.038,22,1.1822,unknown,regular,74,32,62,69,70,68,64,71,85,69,93,80,94,84,76,73,67,82,87,61,65,92,74,63,38,80
medium,807,3226,25,25,26,6,5,75.128,73.423,0,2.2712,unknown,regular,76,34,63,70,71,69,65,72,86,71,94,82,95,85,79,75,69,84,89,63,66,93,76,65,36,81
great,808,3226,26,26,35,15,15,76.112,74.538,0,4.4446,unknown,regular,77,36,64,70,72,70,66,73,87,72,95,83,96,86,80,75,70,86,90,64,67,94,77,66,40,82
starter,809,3226,27,27,34,2,4,74.821,73.346,0,1.6882,unknown,regular,75,34,63,70,71,69,65,72,86,71,94,82,95,85,78,74,68,84,88,62,66,93,75,64,42,81
bench,810,3226,25,25,8,0,0,74.122,72.615,1,0.7911,unknown,regular,75,33,62,69,70,68,64,71,85,70,93,81,94,84,78,73,68,84,88,62,65,92,75,64,40,80
low,811,3226,27,27,12,1,1,69.933,68.5,5,0.467,unknown,sharpie,70,29,54,62,63,60,60,68,82,66,90,77,91,80,77,74,67,83,83,57,57,89,70,59,37,76
medium,812,3226,27,27,26,6,5,75.776,74.0,0,3.2922,unknown,regular,76,35,64,70,72,70,66,73,87,72,95,83,96,86,79,75,69,85,89,63,67,94,76,65,35,82
great,813,3226,25,25,35,15,15,73.2,71.692,2,0.721,unknown,regular,74,33,61,68,69,67,63,70,84,69,92,80,93,83,77,73,67,83,87,61,64,91,74,63,39,79
starter,814,3226,26,26,34,2,4,75.455,73.846,0,2.4328,unknown,regular,76,34,63,70,72,70,65,72,87,72,95,82,95,85,79,75,69,85,89,63,67,94,76,65,39,81
bench,815,3226,26,26,8,0,0,69.141,67.731,0,0.1909,unknown,regular,68,26,58,67,67,64,60,67,81,65,89,76,90,79,70,71,61,76,80,55,61,89,68,58,40,75
low,816,3226,25,25,12,1,1,70.165,68.654,2,0.3687,unknown,regular,71,29,58,65,66,64,60,67,81,66,89,77,90,80,74,70,64,80,84,58,61,88,71,60,36,76
medium,817,3226,26,26,26,6,5,74.373,72.846,0,1.7457,unknown,sharpie,75,33,60,66,68,66,65,72,86,71,94,82,95,85,80,75,70,86,88,62,63,93,75,64,39,81
great,818,3226,25,25,35,15,15,75.901,74.308,0,3.228,unknown,sharpie,77,36,63,69,71,69,66,73,87,72,95,83,96,86,80,75,70,86,90,64,66,94,77,66,39,82
starter,819,3226,25,25,34,2,4,74.2,72.692,2,0.9966,unknown,regular,75,34,62,69,70,68,64,71,85,70,93,81,94,84,78,74,68,84,88,62,65,92,75,64,40,80
bench,820,3226,26,26,8,0,0,75.242,73.769,0,1.459,unknown,regular,76,35,63,70,71,69,65,72,86,71,94,82,95,85,79,75,69,85,89,63,66,94,76,65,42,81
low,821,3226,25,25,12,1,1,75.814,74.308,0,1.8886,unknown,regular,76,35,64,70,72,70,66,73,87,72,95,83,96,86,79,75,69,85,89,63,67,94,76,66,42,82
medium,822,3226,27,27,26,6,5,74.941,73.423,0,2.1643,unknown,regular,75,34,63,70,71,69,65,72,86,71,94,82,95,85,78,75,68,84,88,62,66,93,76,65,41,81
great,823,3226,25,25,35,15,15,76.077,74.423,0,2.9109,unknown,regular,77,35,64,70,72,70,66,73,87,72,95,83,96,86,80,75,70,86,90,64,67,94,77,66,38,82
starter,824,3226,26,26,34,2,4,74.578,73.077,5,1.4068,regular,regular,75,34,63,70,71,69,64,72,86,70,94,81,94,84,78,74,68,84,88,62,66,93,75,64,41,80
bench,825,3226,26,26,8,0,0,74.709,73.0,18,1.6527,unknown,regular,75,33,63,70,71,69,65,72,86,70,94,82,95,85,78,74,68,83,88,62,66,93,75,64,36,81
low,826,3226,27,27,12,1,1,74.66,73.0,23,1.614,unknown,regular,75,33,63,69,71,69,65,72,86,70,94,82,95,85,78,74,68,84,88,62,66,93,75,64,37,80
medium,827,3226,26,26,26,6,5,76.112,74.538,0,3.9046,unknown,regular,77,36,64,70,72,70,66,73,87,72,95,83,96,86,80,75,70,86,90,64,67,94,77,66,40,82
great,828,3226,27,27,35,15,15,74.786,73.231,5,1.7727,unknown,regular,75,33,63,70,71,69,65,72,86,71,94,82,95,85,78,74,68,84,88,62,66,93,75,64,40,81
starter,829,3226,25,25,34,2,4,75.776,74.0,0,2.8045,unknown,regular,76,35,64,70,72,70,66,73,87,72,95,83,96,86,79,75,69,85,89,63,67,94,76,65,35,82
bench,830,3226,26,26,8,0,0,74.786,73.192,0,1.6174,unknown,regular,75,33,63,70,71,69,65,72,86,71,94,82,95,85,78,74,68,84,88,62,66,93,75,64,39,81
low,831,3226,25,25,12,1,1,69.574,68.038,11,0.4116,unknown,regular,70,29,58,64,66,64,59,67,81,65,89,76,90,79,73,69,63,79,83,57,61,88,70,59,35,75
medium,832,3226,26,26,26,6,5,71.9,70.346,19,0.8864,unknown,regular,72,30,60,67,68,66,62,69,83,68,91,79,92,82,75,71,65,81,85,60,63,90,73,62,37,78
great,833,3226,26,26,35,15,15,76.421,74.654,0,4.5178,unknown,sharpie,77,36,63,70,71,69,66,73,87,72,95,83,96,86,80,86,70,86,90,64,66,94,77,66,36,82
starter,834,3226,26,26,34,2,4,74.903,73.308,0,2.0836,unknown,regular,75,34,63,70,71,69,65,72,86,71,94,82,95,85,78,75,68,84,88,62,66,93,75,65,39,81
bench,835,3226,27,27,8,0,0,72.705,71.077,25,1.0607,unknown,regular,73,31,61,68,69,67,63,70,84,68,92,80,93,82,76,72,66,82,86,60,64,91,73,62,36,79
low,836,3226,26,26,12,1,1,71.945,70.462,1,0.4132,unknown,regular,72,30,60,68,68,66,62,69,83,68,91,79,92,82,75,71,65,81,85,60,63,90,73,62,39,78
medium,837,3226,25,25,26,6,5,72.62,70.962,25,1.2353,unknown,regular,73,31,61,67,69,67,63,70,84,68,92,79,93,82,76,72,66,82,86,60,64,91,73,62,35,79
great,838,3226,27,27,35,15,15,73.608,72.038,16,1.1312,unknown,regular,73,31,62,69,70,68,64,71,85,70,93,81,94,84,76,74,66,82,86,61,65,92,74,63,39,80
starter,839,3226,27,27,34,2,4,70.941,69.385,11,0.5855,unknown,regular,70,29,60,66,68,66,61,69,83,67,91,78,92,81,73,71,63,79,83,57,63,90,70,60,37,77
bench,840,3226,27,27,8,0,0,69.707,68.154,17,0.6075,unknown,regular,70,27,58,64,66,64,60,67,81,66,89,77,90,80,73,69,63,78,83,57,61,88,70,60,35,76
low,841,3226,26,26,12,1,1,72.741,71.192,16,0.9952,unknown,regular,73,31,61,67,69,67,63,70,84,69,92,80,93,83,76,72,66,82,86,60,64,91,73,62,38,79
medium,842,3226,25,25,26,6,5,76.112,74.577,0,2.612,unknown,regular,77,36,64,70,72,70,66,73,87,72,95,83,96,86,80,75,70,86,90,64,67,94,77,66,41,82
great,843,3226,26,26,35,15,15,75.655,74.038,0,2.4347,unknown,regular,76,35,64,70,72,70,66,73,87,71,95,82,96,86,79,75,69,85,89,63,67,94,76,65,39,81
starter,844,3226,27,27,34,2,4,69.202,67.808,0,0.2307,decliner,regular,70,29,57,65,65,63,59,66,80,65,88,76,89,79,73,68,63,79,83,57,60,87,70,59,38,75
bench,845,3226,25,25,8,0,0,72.23,70.923,0,0.3931,unknown,sharpie,73,30,56,62,64,62,63,70,84,69,92,80,93,83,80,75,70,86,85,60,59,92,73,62,42,79
low,846,3226,26,26,12,1,1,70.999,69.346,19,0.7025,unknown,genetic_freak,71,28,64,70,72,70,60,67,81,66,89,77,90,80,72,67,62,78,84,58,67,88,71,60,35,76
medium,847,3226,25,25,26,6,5,70.2,68.692,2,0.3787,unknown,regular,71,30,58,65,66,64,60,67,81,66,89,77,90,80,74,70,64,80,84,58,61,88,71,60,36,76
great,848,3226,27,27,35,15,15,76.112,74.577,0,4.0152,unknown,regular,77,36,64,70,72,70,66,73,87,72,95,83,96,86,80,75,70,86,90,64,67,94,77,66,41,82
starter,849,3226,26,26,34,2,4,76.112,74.462,0,3.4664,unknown,regular,77,36,64,70,72,70,66,73,87,72,95,83,96,86,80,75,70,86,90,64,67,94,77,66,38,82
bench,850,3226,26,26,8,0,0,73.743,72.231,1,1.0539,unknown,regular,74,33,62,69,70,68,64,71,85,69,93,81,94,83,77,74,67,83,87,61,65,92,74,63,40,79
low,851,3226,26,26,12,1,1,75.084,73.577,0,1.8253,unknown,regular,76,34,63,70,71,69,65,72,86,71,94,82,95,85,79,74,69,85,88,63,66,93,76,65,41,81
medium,852,3226,27,27,26,6,5,74.821,73.346,0,1.7246,unknown,regular,75,34,63,70,71,69,65,72,86,71,94,82,95,85,78,74,68,84,88,62,66,93,75,64,42,81
great,853,3226,26,26,35,15,15,74.048,72.385,25,1.6117,unknown,regular,75,33,62,69,70,68,64,71,85,70,93,81,94,84,77,73,68,83,88,62,65,92,75,64,36,80
starter,854,3226,26,26,34,2,4,71.703,70.192,2,0.5725,unknown,regular,72,31,60,67,68,66,62,69,83,67,91,78,92,81,75,72,65,81,85,59,63,90,72,61,38,77
bench,855,3226,25,25,8,0,0,73.01,71.5,1,0.5454,unknown,regular,74,32,61,68,69,67,63,70,84,69,92,80,93,83,76,72,66,82,87,61,64,91,74,63,39,79
low,856,3226,27,27,12,1,1,74.2,72.769,0,1.1036,unknown,regular,75,34,62,69,70,68,64,71,85,70,93,81,94,84,78,74,68,84,88,62,65,92,75,64,42,80
medium,857,3226,26,26,26,6,5,71.864,70.231,25,1.252,unknown,regular,72,31,60,67,68,66,62,69,83,68,91,79,92,82,75,72,65,81,85,59,63,90,72,61,35,78
great,858,3226,27,27,35,15,15,74.786,73.154,1,1.6966,unknown,regular,75,33,63,70,71,69,65,72,86,71,94,82,95,85,78,74,68,84,88,62,66,93,75,64,38,81
starter,859,3226,26,26,34,2,4,73.236,71.692,10,0.9417,regular,regular,73,32,62,68,70,68,63,71,85,69,93,80,94,83,76,73,66,82,86,60,64,92,73,63,39,79
bench,860,3226,26,26,8,0,0,67.855,66.423,0,0.1223,decliner,regular,68,26,56,62,64,62,58,65,79,64,87,75,88,78,71,67,61,77,81,56,59,86,69,58,36,74
low,861,3226,26,26,12,1,1,73.608,72.154,0,0.5058,unknown,regular,73,31,62,69,70,68,64,71,85,70,93,81,94,84,76,74,66,82,86,61,65,92,74,63,42,80
medium,862,3226,27,27,26,6,5,73.408,71.769,0,0.0,early_peak,regular,74,33,62,68,70,67,63,71,85,69,93,80,93,83,77,73,67,83,87,61,64,91,74,63,36,79
great,863,3226,25,25,35,15,15,76.112,74.577,0,5.4311,unknown,regular,77,36,64,70,72,70,66,73,87,72,95,83,96,86,80,75,70,86,90,64,67,94,77,66,41,82
starter,864,3226,26,26,34,2,4,74.821,73.269,0,1.7042,unknown,regular,75,34,63,70,71,69,65,72,86,71,94,82,95,85,78,74,68,84,88,62,66,93,75,64,40,81
bench,865,3226,27,27,8,0,0,72.848,71.423,0,0.4206,unknown,regular,73,31,61,68,70,68,63,71,84,69,92,80,93,83,75,73,65,81,85,60,64,92,73,62,42,79
low,866,3226,25,25,12,1,1,70.776,69.231,16,0.5755,unknown,regular,71,30,59,65,67,65,61,68,82,67,90,78,91,81,74,70,64,80,84,58,62,89,71,60,36,77
medium,867,3226,27,27,26,6,5,69.893,68.346,20,0.6561,unknown,regular,71,28,58,64,66,64,60,67,81,66,89,77,90,80,73,69,63,79,83,58,61,88,71,60,35,76
great,868,3226,25,25,35,15,15,76.112,74.423,0,4.5083,unknown,regular,77,36,64,70,72,70,66,73,87,72,95,83,96,86,80,75,70,86,90,64,67,94,77,66,37,82
starter,869,3226,26,26,34,2,4,75.133,73.5,2,2.3209,unknown,regular,76,34,63,70,71,69,65,72,86,71,94,82,95,85,78,75,69,84,89,63,66,94,76,65,38,81
bench,870,3226,25,25,8,0,0,71.789,70.192,24,0.9255,unknown,jokester,72,30,60,67,68,66,62,69,83,68,91,79,92,82,75,72,65,81,85,59,63,90,72,61,36,77
low,871,3226,26,26,12,1,1,71.29,69.731,24,0.9457,unknown,regular,72,30,59,66,67,65,61,69,83,67,90,78,91,81,75,71,65,81,85,59,62,90,72,61,36,77
medium,872,3226,27,27,26,6,5,75.498,73.769,6,2.7782,unknown,regular,76,34,64,70,72,70,65,73,87,71,95,82,96,85,79,75,69,85,89,63,66,94,76,65,36,81
great,873,3226,26,26,35,15,15,72.445,71.0,3,0.6606,unknown,sharpie,73,32,58,65,66,64,62,70,84,68,92,79,92,82,79,75,70,85,86,60,61,91,73,62,39,78
starter,874,3226,26,26,34,2,4,74.122,72.654,0,0.8984,unknown,regular,75,33,62,69,70,68,64,71,85,70,93,81,94,84,78,73,68,84,88,62,65,92,75,64,41,80
bench,875,3226,25,25,8,0,0,68.654,67.154,0,0.1854,unknown,regular,68,24,58,65,66,64,59,67,81,65,89,76,90,78,70,70,60,76,80,55,60,88,68,58,37,74
low,876,3226,26,26,12,1,1,73.955,72.385,10,1.2836,unknown,regular,74,32,62,69,71,68,64,71,85,70,94,81,94,84,77,74,67,83,87,61,65,93,74,63,39,80
medium,877,3226,27,27,26,6,5,75.776,74.154,0,3.2535,unknown,regular,76,35,64,70,72,70,66,73,87,72,95,83,96,86,79,75,69,85,89,63,67,94,76,65,39,82
great,878,3226,26,26,35,15,15,76.112,74.577,0,3.9698,unknown,regular,77,36,64,70,72,70,66,73,87,72,95,83,96,86,80,75,70,86,90,64,67,94,77,66,41,82
starter,879,3226,27,27,34,2,4,76.051,74.423,0,3.5485,unknown,sharpie,76,35,62,69,70,68,66,73,87,72,95,83,96,86,80,84,70,86,90,64,65,94,77,66,39,82
bench,880,3226,27,27,8,0,0,72.814,71.154,25,1.214,unknown,regular,73,32,61,67,69,67,63,70,84,69,92,80,93,83,76,72,66,82,86,60,64,91,73,63,35,79
low,881,3226,26,26,12,1,1,71.122,69.577,24,0.8768,unknown,regular,72,30,59,66,67,65,61,68,82,67,90,78,91,81,75,70,65,81,85,59,62,89,72,61,36,77
medium,882,3226,27,27,26,6,5,74.786,73.115,23,1.7316,unknown,regular,75,33,63,70,71,69,65,72,86,71,94,82,95,85,78,74,68,84,88,62,66,93,75,64,37,81
great,883,3226,25,25,35,15,15,73.786,72.269,1,0.5975,unknown,regular,74,32,62,69,70,68,64,71,85,70,93,81,94,84,77,73,67,83,87,61,65,92,74,63,40,80
starter,884,3226,27,27,34,2,4,73.21,71.769,0,0.6905,unknown,regular,74,32,61,69,69,67,63,70,84,69,92,80,93,83,77,73,67,83,87,61,64,91,74,63,41,79
bench,885,3226,27,27,8,0,0,73.864,72.385,0,1.1126,unknown,regular,74,33,62,69,70,68,64,71,85,70,93,81,94,84,77,74,67,83,87,61,65,92,74,63,41,80
low,886,3226,25,25,12,1,1,73.016,71.462,20,1.1032,unknown,regular,74,32,61,68,69,67,63,70,84,69,92,80,93,83,76,73,66,82,86,61,64,91,74,63,38,79
medium,887,3226,25,25,26,6,5,76.112,74.385,0,3.5499,unknown,regular,77,36,64,70,72,70,66,73,87,72,95,83,96,86,80,75,70,86,90,64,67,94,77,66,36,82
great,888,3226,26,26,35,15,15,73.245,71.769,2,0.6616,unknown,regular,74,33,61,69,69,67,63,70,84,69,92,80,93,83,77,73,67,83,87,61,64,91,74,63,40,79
starter,889,3226,26,26,34,2,4,76.112,74.538,0,2.7547,unknown,regular,77,36,64,70,72,70,66,73,87,72,95,83,96,86,80,75,70,86,90,64,67,94,77,66,40,82
bench,890,3226,26,26,8,0,0,74.551,72.962,1,1.5277,unknown,regular,75,33,63,70,71,69,65,72,86,70,94,81,95,84,77,74,68,83,88,62,66,93,75,64,39,80
low,891,3226,27,27,12,1,1,71.975,70.423,21,0.9116,unknown,regular,73,30,60,67,68,66,62,69,83,68,91,79,92,82,75,71,66,81,85,60,63,90,73,62,37,78
medium,892,3226,27,27,26,6,5,74.864,73.385,0,1.8809,unknown,regular,75,34,63,70,71,69,65,72,86,71,94,82,95,85,78,75,68,84,88,62,66,93,75,64,42,81
great,893,3226,25,25,35,15,15,70.112,68.577,25,1.4829,late_bloomer,regular,71,30,58,64,66,64,60,67,81,66,89,77,90,80,74,69,64,80,84,58,61,88,71,60,35,76
starter,894,3226,27,27,34,2,4,75.128,73.462,3,2.3608,unknown,regular,76,34,63,70,71,69,65,72,86,71,94,82,95,85,79,75,69,84,89,63,66,93,76,65,37,81
bench,895,3226,27,27,8,0,0,71.945,70.5,0,0.4256,unknown,regular,72,30,60,68,68,66,62,69,83,68,91,79,92,82,75,71,65,81,85,60,63,90,73,62,40,78
low,896,3226,27,27,12,1,1,70.885,69.462,0,0.2816,unknown,regular,70,27,60,67,68,66,61,69,83,67,91,78,92,81,72,72,63,78,83,57,63,90,70,60,41,77
medium,897,3226,27,27,26,6,5,74.329,72.885,0,1.2141,unknown,regular,75,34,62,70,71,68,64,71,85,70,93,81,94,84,78,74,68,84,88,62,65,93,75,64,42,80
great,898,3226,26,26,35,15,15,76.112,74.462,0,4.3716,unknown,regular,77,36,64,70,72,70,66,73,87,72,95,83,96,86,80,75,70,86,90,64,67,94,77,66,38,82
starter,899,3226,27,27,34,2,4,67.42,66.0,1,0.2571,decliner,regular,68,27,55,65,64,61,57,64,78,63,86,74,87,77,71,68,61,77,81,55,58,85,68,57,36,73
bench,900,3226,26,26,8,0,0,74.2,72.731,0,1.1343,unknown,regular,75,34,62,69,70,68,64,71,85,70,93,81,94,84,78,74,68,84,88,62,65,92,75,64,41,80
low,901,3226,28,28,12,1,1,73.703,72.231,0,1.0157,unknown,regular,74,33,62,69,70,68,64,71,85,69,93,80,94,83,77,74,67,83,87,61,65,92,74,63,41,79
medium,902,3226,28,28,26,6,5,71.141,69.538,14,0.6318,unknown,regular,71,28,60,66,68,66,62,69,83,67,91,79,92,82,73,71,63,79,83,58,63,90,71,60,36,77
great,903,3226,28,28,35,15,15,75.291,73.538,2,2.5769,unknown,regular,76,34,63,70,72,69,65,72,86,71,95,82,95,85,79,75,69,85,89,63,66,94,76,65,35,81
starter,904,3226,26,26,34,2,4,74.631,72.923,17,1.5822,unknown,regular,75,33,63,70,71,69,65,72,86,71,94,81,95,85,77,74,68,83,88,62,66,93,75,64,36,80
bench,905,3226,26,26,8,0,0,71.657,70.154,0,0.3125,unknown,regular,71,29,60,67,69,66,62,69,83,68,92,79,92,82,74,72,64,80,84,58,63,91,71,61,39,78
low,906,3226,28,28,12,1,1,73.884,72.269,6,1.2003,unknown,regular,74,32,62,70,71,68,64,71,85,70,93,81,94,84,76,74,67,82,87,61,65,93,74,63,38,80
medium,907,3226,26,26,26,6,5,75.249,73.538,3,2.5067,unknown,regular,76,34,63,70,72,69,65,72,86,71,94,82,95,85,79,75,69,85,89,63,66,94,76,65,36,81
great,908,3226,27,27,35,15,15,76.112,74.538,0,4.1911,unknown,regular,77,36,64,70,72,70,66,73,87,72,95,83,96,86,80,75,70,86,90,64,67,94,77,66,40,82
starter,909,3226,28,28,34,2,4,74.821,73.346,0,1.8318,unknown,regular,75,34,63,70,71,69,65,72,86,71,94,82,95,85,78,74,68,84,88,62,66,93,75,64,42,81
bench,910,3226,26,26,8,0,0,74.122,72.615,0,0.7889,unknown,regular,75,33,62,69,70,68,64,71,85,70,93,81,94,84,78,73,68,84,88,62,65,92,75,64,40,80
low,911,3226,28,28,12,1,1,70.129,68.692,5,0.465,unknown,sharpie,70,29,54,62,63,60,60,68,82,66,90,77,91,80,78,75,68,84,83,57,57,90,70,59,37,76
medium,912,3226,28,28,26,6,5,75.776,74.0,0,3.5588,unknown,regular,76,35,64,70,72,70,66,73,87,72,95,83,96,86,79,75,69,85,89,63,67,94,76,65,35,82
great,913,3226,26,26,35,15,15,73.245,71.731,1,0.6835,unknown,regular,74,33,61,69,69,67,63,70,84,69,92,80,93,83,77,73,67,83,87,61,64,91,74,63,39,79
starter,914,3226,27,27,34,2,4,75.455,73.846,0,2.3884,unknown,regular,76,34,63,70,72,70,65,72,87,72,95,82,95,85,79,75,69,85,89,63,67,94,76,65,39,81
bench,915,3226,27,27,8,0,0,69.141,67.731,0,0.1906,unknown,regular,68,26,58,67,67,64,60,67,81,65,89,76,90,79,70,71,61,76,80,55,61,89,68,58,40,75
low,916,3226,26,26,12,1,1,70.21,68.692,1,0.3645,unknown,regular,71,29,58,66,66,64,60,67,81,66,89,77,90,80,74,70,64,80,84,58,61,88,71,60,36,76
medium,917,3226,27,27,26,6,5,74.373,72.846,0,1.6677,unknown,sharpie,75,33,60,66,68,66,65,72,86,71,94,82,95,85,80,75,70,86,88,62,63,93,75,64,39,81
great,918,3226,26,26,35,15,15,75.901,74.308,0,2.9169,unknown,sharpie,77,36,63,69,71,69,66,73,87,72,95,83,96,86,80,75,70,86,90,64,66,94,77,66,39,82
starter,919,3226,26,26,34,2,4,74.2,72.692,0,1.0413,unknown,regular,75,34,62,69,70,68,64,71,85,70,93,81,94,84,78,74,68,84,88,62,65,92,75,64,40,80
bench,920,3226,27,27,8,0,0,75.242,73.769,0,1.4497,unknown,regular,76,35,63,70,71,69,65,72,86,71,94,82,95,85,79,75,69,85,89,63,66,94,76,65,42,81
low,921,3226,26,26,12,1,1,75.814,74.308,0,1.8983,unknown,regular,76,35,64,70,72,70,66,73,87,72,95,83,96,86,79,75,69,85,89,63,67,94,76,66,42,82
medium,922,3226,28,28,26,6,5,74.979,73.462,1,2.1877,unknown,regular,75,34,63,70,71,69,65,72,86,71,94,82,95,85,78,75,68,84,88,63,66,93,76,65,41,81
great,923,3226,26,26,35,15,15,76.077,74.423,0,2.655,unknown,regular,77,35,64,70,72,70,66,73,87,72,95,83,96,86,80,75,70,86,90,64,67,94,77,66,38,82
starter,924,3226,27,27,34,2,4,74.578,73.077,0,1.308,regular,regular,75,34,63,70,71,69,64,72,86,70,94,81,94,84,78,74,68,84,88,62,66,93,75,64,41,80
bench,925,3226,27,27,8,0,0,74.749,73.038,1,1.6537,unknown,regular,75,33,63,70,71,69,65,72,86,71,94,82,95,85,78,74,68,83,88,62,66,93,75,64,36,81
low,926,3226,28,28,12,1,1,74.786,73.115,3,1.6202,unknown,regular,75,33,63,70,71,69,65,72,86,71,94,82,95,85,78,74,68,84,88,62,66,93,75,64,37,81
medium,927,3226,27,27,26,6,5,76.112,74.538,0,3.7125,unknown,regular,77,36,64,70,72,70,66,73,87,72,95,83,96,86,80,75,70,86,90,64,67,94,77,66,40,82
great,928,3226,28,28,35,15,15,74.786,73.231,0,1.545,unknown,regular,75,33,63,70,71,69,65,72,86,71,94,82,95,85,78,74,68,84,88,62,66,93,75,64,40,81
starter,929,3226,26,26,34,2,4,75.776,74.0,0,2.829,unknown,regular,76,35,64,70,72,70,66,73,87,72,95,83,96,86,79,75,69,85,89,63,67,94,76,65,35,82
bench,930,3226,27,27,8,0,0,74.786,73.192,0,1.6195,unknown,regular,75,33,63,70,71,69,65,72,86,71,94,82,95,85,78,74,68,84,88,62,66,93,75,64,39,81
low,931,3226,26,26,12,1,1,69.705,68.154,3,0.401,unknown,regular,70,29,58,65,66,64,59,67,81,65,89,76,90,79,73,70,63,79,83,57,61,89,70,59,35,75
medium,932,3226,27,27,26,6,5,72.714,71.115,20,0.9619,unknown,regular,73,30,61,68,69,67,63,70,84,69,92,80,93,83,76,72,66,81,86,60,64,91,73,62,37,79
great,933,3226,27,27,35,15,15,76.421,74.654,0,4.5862,unknown,sharpie,77,36,63,70,71,69,66,73,87,72,95,83,96,86,80,86,70,86,90,64,66,94,77,66,36,82
starter,934,3226,27,27,34,2,4,74.903,73.308,0,2.0882,unknown,regular,75,34,63,70,71,69,65,72,86,71,94,82,95,85,78,75,68,84,88,62,66,93,75,65,39,81
bench,935,3226,28,28,8,0,0,73.368,71.692,16,1.0537,unknown,regular,73,31,62,69,70,68,64,71,85,69,93,81,94,83,76,73,66,82,86,60,65,92,73,63,36,79
low,936,3226,27,27,12,1,1,71.945,70.462,0,0.4147,unknown,regular,72,30,60,68,68,66,62,69,83,68,91,79,92,82,75,71,65,81,85,60,63,90,73,62,39,78
medium,937,3226,26,26,26,6,5,73.62,71.923,25,1.3339,unknown,regular,74,32,62,68,70,68,64,71,85,69,93,80,94,83,77,73,67,83,87,61,65,92,74,63,35,80
great,938,3226,28,28,35,15,15,73.921,72.346,8,1.233,unknown,regular,74,32,62,70,71,68,64,71,85,70,93,81,94,84,77,74,67,82,87,61,65,93,74,63,39,80
starter,939,3226,28,28,34,2,4,71.029,69.462,2,0.5348,unknown,regular,70,29,60,67,68,66,61,69,83,67,91,78,92,81,73,72,63,79,83,57,63,90,70,60,37,77
bench,940,3226,28,28,8,0,0,70.446,68.846,18,0.6052,unknown,regular,70,27,59,65,67,65,61,68,82,67,90,78,91,81,73,70,63,79,83,57,62,89,71,60,35,77
low,941,3226,27,27,12,1,1,73.242,71.654,12,0.9767,unknown,regular,73,31,62,68,70,68,63,71,85,69,93,80,94,83,76,73,66,82,86,60,65,92,73,63,38,79
medium,942,3226,26,26,26,6,5,76.112,74.577,0,2.7227,unknown,regular,77,36,64,70,72,70,66,73,87,72,95,83,96,86,80,75,70,86,90,64,67,94,77,66,41,82
great,943,3226,27,27,35,15,15,75.655,74.038,0,2.5343,unknown,regular,76,35,64,70,72,70,66,73,87,71,95,82,96,86,79,75,69,85,89,63,67,94,76,65,39,81
starter,944,3226,28,28,34,2,4,68.237,66.885,-24,-1.0235,decliner,regular,69,29,56,64,64,62,58,65,79,64,87,75,88,78,72,67,62,78,82,56,59,86,69,58,38,74
bench,945,3226,26,26,8,0,0,72.23,70.923,0,0.3896,unknown,sharpie,73,30,56,62,64,62,63,70,84,69,92,80,93,83,80,75,70,86,85,60,59,92,73,62,42,79
low,946,3226,27,27,12,1,1,71.448,69.769,11,0.6843,unknown,genetic_freak,71,28,64,70,72,70,61,68,82,67,90,78,91,81,72,67,62,78,84,58,67,89,71,61,35,77
medium,947,3226,26,26,26,6,5,70.245,68.731,1,0.3705,unknown,regular,71,30,58,66,66,64,60,67,81,66,89,77,90,80,74,70,64,80,84,58,61,88,71,60,36,76
great,948,3226,28,28,35,15,15,76.112,74.577,0,4.0158,unknown,regular,77,36,64,70,72,70,66,73,87,72,95,83,96,86,80,75,70,86,90,64,67,94,77,66,41,82
starter,949,3226,27,27,34,2,4,76.112,74.462,0,3.4846,unknown,regular,77,36,64,70,72,70,66,73,87,72,95,83,96,86,80,75,70,86,90,64,67,94,77,66,38,82
bench,950,3226,27,27,8,0,0,73.743,72.231,0,1.0516,unknown,regular,74,33,62,69,70,68,64,71,85,69,93,81,94,83,77,74,67,83,87,61,65,92,74,63,40,79
low,951,3226,27,27,12,1,1,75.084,73.577,0,1.8172,unknown,regular,76,34,63,70,71,69,65,72,86,71,94,82,95,85,79,74,69,85,88,63,66,93,76,65,41,81
medium,952,3226,28,28,26,6,5,74.821,73.346,0,1.6157,unknown,regular,75,34,63,70,71,69,65,72,86,71,94,82,95,85,78,74,68,84,88,62,66,93,75,64,42,81
great,953,3226,27,27,35,15,15,74.51,72.808,11,1.4632,unknown,regular,75,33,63,70,71,69,64,72,86,70,94,81,95,84,77,74,68,83,88,62,66,93,75,64,36,80
starter,954,3226,27,27,34,2,4,71.748,70.231,1,0.5687,unknown,regular,72,31,60,68,68,66,62,69,83,67,91,78,92,81,75,72,65,81,85,59,63,90,72,61,38,77
bench,955,3226,26,26,8,0,0,73.01,71.5,0,0.548,unknown,regular,74,32,61,68,69,67,63,70,84,69,92,80,93,83,76,72,66,82,87,61,64,91,74,63,39,79
low,956,3226,28,28,12,1,1,74.2,72.769,0,1.1303,unknown,regular,75,34,62,69,70,68,64,71,85,70,93,81,94,84,78,74,68,84,88,62,65,92,75,64,42,80
medium,957,3226,27,27,26,6,5,72.829,71.154,24,1.1389,unknown,regular,73,31,61,68,69,67,63,70,84,69,92,80,93,83,76,73,66,82,86,60,64,91,73,62,35,79
great,958,3226,28,28,35,15,15,74.786,73.154,0,1.8899,unknown,regular,75,33,63,70,71,69,65,72,86,71,94,82,95,85,78,74,68,84,88,62,66,93,75,64,38,81
starter,959,3226,27,27,34,2,4,73.322,71.769,2,0.9842,regular,regular,73,32,62,69,70,68,63,71,85,69,93,80,94,83,76,73,66,82,86,60,65,92,73,63,39,79
bench,960,3226,27,27,8,0,0,67.855,66.423,0,0.1225,decliner,regular,68,26,56,62,64,62,58,65,79,64,87,75,88,78,71,67,61,77,81,56,59,86,69,58,36,74
low,961,3226,27,27,12,1,1,73.608,72.154,0,0.5026,unknown,regular,73,31,62,69,70,68,64,71,85,70,93,81,94,84,76,74,66,82,86,61,65,92,74,63,42,80
medium,962,3226,28,28,26,6,5,73.408,71.769,0,0.0,early_peak,regular,74,33,62,68,70,67,63,71,85,69,93,80,93,83,77,73,67,83,87,61,64,91,74,63,36,79
great,963,3226,26,26,35,15,15,76.112,74.577,0,5.0904,unknown,regular,77,36,64,70,72,70,66,73,87,72,95,83,96,86,80,75,70,86,90,64,67,94,77,66,41,82
starter,964,3226,27,27,34,2,4,74.821,73.269,0,1.7758,unknown,regular,75,34,63,70,71,69,65,72,86,71,94,82,95,85,78,74,68,84,88,62,66,93,75,64,40,81
bench,965,3226,28,28,8,0,0,72.848,71.423,0,0.4217,unknown,regular,73,31,61,68,70,68,63,71,84,69,92,80,93,83,75,73,65,81,85,60,64,92,73,62,42,79
low,966,3226,26,26,12,1,1,71.238,69.654,11,0.5761,unknown,regular,71,30,60,66,68,66,61,69,83,67,91,78,92,81,74,71,64,80,84,58,63,90,71,60,36,77
medium,967,3226,28,28,26,6,5,70.893,69.308,25,0.734,unknown,regular,72,29,59,65,67,65,61,68,82,67,90,78,91,81,74,70,64,80,84,59,62,89,72,61,35,77
great,968,3226,26,26,35,15,15,76.112,74.423,0,4.13,unknown,regular,77,36,64,70,72,70,66,73,87,72,95,83,96,86,80,75,70,86,90,64,67,94,77,66,37,82
starter,969,3226,27,27,34,2,4,75.17,73.538,1,2.3879,unknown,regular,76,34,63,70,71,69,65,72,86,71,94,82,95,85,79,75,69,84,89,63,66,94,76,65,38,81
bench,970,3226,26,26,8,0,0,72.68,71.038,22,0.9248,unknown,jokester,73,30,61,68,69,67,63,70,84,69,92,80,93,83,75,73,66,81,86,60,64,91,73,62,36,78
low,971,3226,27,27,12,1,1,72.144,70.538,21,0.9349,unknown,regular,73,30,60,67,68,66,62,70,84,68,91,79,92,82,75,72,66,81,85,60,63,91,73,62,36,78
medium,972,3226,28,28,26,6,5,75.498,73.769,0,2.7196,unknown,regular,76,34,64,70,72,70,65,73,87,71,95,82,96,85,79,75,69,85,89,63,66,94,76,65,36,81
great,973,3226,27,27,35,15,15,72.519,71.077,2,0.6405,unknown,sharpie,73,32,58,65,66,64,62,70,84,68,92,79,92,82,80,75,70,86,86,60,61,91,73,62,39,78
starter,974,3226,27,27,34,2,4,74.122,72.654,0,0.8661,unknown,regular,75,33,62,69,70,68,64,71,85,70,93,81,94,84,78,73,68,84,88,62,65,92,75,64,41,80
bench,975,3226,26,26,8,0,0,68.654,67.154,0,0.1857,unknown,regular,68,24,58,65,66,64,59,67,81,65,89,76,90,78,70,70,60,76,80,55,60,88,68,58,37,74
low,976,3226,27,27,12,1,1,74.0,72.423,1,1.2815,unknown,regular,74,32,62,70,71,68,64,71,85,70,94,81,94,84,77,74,67,83,87,61,65,93,74,63,39,80
medium,977,3226,28,28,26,6,5,75.776,74.154,0,3.5101,unknown,regular,76,35,64,70,72,70,66,73,87,72,95,83,96,86,79,75,69,85,89,63,67,94,76,65,39,82
great,978,3226,27,27,35,15,15,76.112,74.577,0,4.0257,unknown,regular,77,36,64,70,72,70,66,73,87,72,95,83,96,86,80,75,70,86,90,64,67,94,77,66,41,82
starter,979,3226,28,28,34,2,4,76.051,74.423,0,3.5033,unknown,sharpie,76,35,62,69,70,68,66,73,87,72,95,83,96,86,80,84,70,86,90,64,65,94,77,66,39,82
bench,980,3226,28,28,8,0,0,73.741,72.038,23,1.2206,unknown,regular,74,32,62,68,70,68,64,71,85,70,93,81,94,84,77,73,67,83,87,61,65,92,74,63,35,80
low,981,3226,27,27,12,1,1,71.9,70.308,19,0.8855,unknown,regular,72,30,60,67,68,66,62,69,83,68,91,79,92,82,75,71,65,81,85,60,63,90,73,62,36,78
medium,982,3226,28,28,26,6,5,74.786,73.115,0,1.6997,unknown,regular,75,33,63,70,71,69,65,72,86,71,94,82,95,85,78,74,68,84,88,62,66,93,75,64,37,81
great,983,3226,26,26,35,15,15,73.786,72.269,0,0.6635,unknown,regular,74,32,62,69,70,68,64,71,85,70,93,81,94,84,77,73,67,83,87,61,65,92,74,63,40,80
starter,984,3226,28,28,34,2,4,73.21,71.769,0,0.6524,unknown,regular,74,32,61,69,69,67,63,70,84,69,92,80,93,83,77,73,67,83,87,61,64,91,74,63,41,79
bench,985,3226,28,28,8,0,0,73.864,72.385,0,1.1165,unknown,regular,74,33,62,69,70,68,64,71,85,70,93,81,94,84,77,74,67,83,87,61,65,92,74,63,41,80
low,986,3226,26,26,12,1,1,73.68,72.077,16,1.1014,unknown,regular,74,32,62,69,70,68,64,71,85,70,93,81,94,84,76,74,66,82,86,61,65,92,74,63,38,80
medium,987,3226,26,26,26,6,5,76.112,74.385,0,3.8042,unknown,regular,77,36,64,70,72,70,66,73,87,72,95,83,96,86,80,75,70,86,90,64,67,94,77,66,36,82
great,988,3226,27,27,35,15,15,73.245,71.769,0,0.6206,unknown,regular,74,33,61,69,69,67,63,70,84,69,92,80,93,83,77,73,67,83,87,61,64,91,74,63,40,79
starter,989,3226,27,27,34,2,4,76.112,74.538,0,2.8268,unknown,regular,77,36,64,70,72,70,66,73,87,72,95,83,96,86,80,75,70,86,90,64,67,94,77,66,40,82
bench,990,3226,27,27,8,0,0,74.551,72.962,0,1.5206,unknown,regular,75,33,63,70,71,69,65,72,86,70,94,81,95,84,77,74,68,83,88,62,66,93,75,64,39,80
low,991,3226,28,28,12,1,1,72.677,71.077,17,0.9257,unknown,regular,73,30,61,68,69,67,63,70,84,69,92,80,93,83,75,72,66,81,86,60,64,91,73,62,37,79
medium,992,3226,28,28,26,6,5,74.903,73.423,1,1.9874,unknown,regular,75,34,63,70,71,69,65,72,86,71,94,82,95,85,78,75,68,84,88,62,66,93,75,65,42,81
great,993,3226,26,26,35,15,15,71.112,69.538,25,1.6595,late_bloomer,regular,72,31,59,65,67,65,61,68,82,67,90,78,91,81,75,70,65,81,85,59,62,89,72,61,35,77
starter,994,3226,28,28,34,2,4,75.291,73.615,4,2.5292,unknown,regular,76,34,63,70,72,69,65,72,86,71,95,82,95,85,79,75,69,85,89,63,66,94,76,65,37,81
bench,995,3226,28,28,8,0,0,71.945,70.5,0,0.4246,unknown,regular,72,30,60,68,68,66,62,69,83,68,91,79,92,82,75,71,65,81,85,60,63,90,73,62,40,78
low,996,3226,28,28,12,1,1,70.885,69.462,0,0.2761,unknown,regular,70,27,60,67,68,66,61,69,83,67,91,78,92,81,72,72,63,78,83,57,63,90,70,60,41,77
medium,997,3226,28,28,26,6,5,74.329,72.885,0,1.2702,unknown,regular,75,34,62,70,71,68,64,71,85,70,93,81,94,84,78,74,68,84,88,62,65,93,75,64,42,80
great,998,3226,27,27,35,15,15,76.112,74.462,0,4.1094,unknown,regular,77,36,64,70,72,70,66,73,87,72,95,83,96,86,80,75,70,86,90,64,67,94,77,66,38,82
starter,999,3226,28,28,34,2,4,66.455,65.077,-24,-1.1623,decliner,regular,67,27,54,64,63,60,56,63,77,62,85,73,86,76,70,67,60,76,80,54,57,84,67,56,36,72
bench,1000,3226,27,27,8,0,0,74.2,72.731,0,1.14,unknown,regular,75,34,62,69,70,68,64,71,85,70,93,81,94,84,78,74,68,84,88,62,65,92,75,64,41,80
low,1001,3226,29,29,12,1,1,73.703,72.231,0,1.0146,unknown,regular,74,33,62,69,70,68,64,71,85,69,93,80,94,83,77,74,67,83,87,61,65,92,74,63,41,79
medium,1002,3226,29,29,26,6,5,71.271,69.654,3,0.595,unknown,regular,71,28,60,67,69,66,62,69,83,67,91,79,92,82,73,72,63,79,83,58,63,90,71,60,36,77
great,1003,3226,29,29,35,15,15,75.291,73.538,0,2.3747,unknown,regular,76,34,63,70,72,69,65,72,86,71,95,82,95,85,79,75,69,85,89,63,66,94,76,65,35,81
starter,1004,3226,27,27,34,2,4,74.709,73.0,2,1.6095,unknown,regular,75,33,63,70,71,69,65,72,86,71,94,82,95,85,78,74,68,83,88,62,66,93,75,64,36,80
bench,1005,3226,27,27,8,0,0,71.657,70.154,0,0.3097,unknown,regular,71,29,60,67,69,66,62,69,83,68,92,79,92,82,74,72,64,80,84,58,63,91,71,61,39,78
low,1006,3226,29,29,12,1,1,73.884,72.269,0,1.1773,unknown,regular,74,32,62,70,71,68,64,71,85,70,93,81,94,84,76,74,67,82,87,61,65,93,74,63,38,80
medium,1007,3226,27,27,26,6,5,75.249,73.538,0,2.2568,unknown,regular,76,34,63,70,72,69,65,72,86,71,94,82,95,85,79,75,69,85,89,63,66,94,76,65,36,81
great,1008,3226,28,28,35,15,15,76.112,74.538,0,4.2081,unknown,regular,77,36,64,70,72,70,66,73,87,72,95,83,96,86,80,75,70,86,90,64,67,94,77,66,40,82
starter,1009,3226,29,29,34,2,4,74.821,73.346,0,1.6736,unknown,regular,75,34,63,70,71,69,65,72,86,71,94,82,95,85,78,74,68,84,88,62,66,93,75,64,42,81
bench,1010,3226,27,27,8,0,0,74.122,72.615,0,0.7849,unknown,regular,75,33,62,69,70,68,64,71,85,70,93,81,94,84,78,73,68,84,88,62,65,92,75,64,40,80
low,1011,3226,29,29,12,1,1,70.241,68.808,3,0.4557,unknown,sharpie,70,29,54,62,63,60,60,68,82,66,90,77,91,80,79,75,69,85,83,57,57,90,70,59,37,76
medium,1012,3226,29,29,26,6,5,75.776,74.0,0,3.5027,unknown,regular,76,35,64,70,72,70,66,73,87,72,95,83,96,86,79,75,69,85,89,63,67,94,76,65,35,82
great,1013,3226,27,27,35,15,15,73.245,71.731,0,0.7529,unknown,regular,74,33,61,69,69,67,63,70,84,69,92,80,93,83,77,73,67,83,87,61,64,91,74,63,39,79
starter,1014,3226,28,28,34,2,4,75.455,73.846,0,2.3521,unknown,regular,76,34,63,70,72,70,65,72,87,72,95,82,95,85,79,75,69,85,89,63,67,94,76,65,39,81
bench,1015,3226,28,28,8,0,0,69.141,67.731,0,0.1905,unknown,regular,68,26,58,67,67,64,60,67,81,65,89,76,90,79,70,71,61,76,80,55,61,89,68,58,40,75
low,1016,3226,27,27,12,1,1,70.255,68.731,1,0.3648,unknown,regular,71,29,58,67,66,64,60,67,81,66,89,77,90,80,74,70,64,80,84,58,61,88,71,60,36,76
medium,1017,3226,28,28,26,6,5,74.373,72.846,0,1.7038,unknown,sharpie,75,33,60,66,68,66,65,72,86,71,94,82,95,85,80,75,70,86,88,62,63,93,75,64,39,81
great,1018,3226,27,27,35,15,15,75.901,74.308,0,3.352,unknown,sharpie,77,36,63,69,71,69,66,73,87,72,95,83,96,86,80,75,70,86,90,64,66,94,77,66,39,82
starter,1019,3226,27,27,34,2,4,74.2,72.692,0,1.021,unknown,regular,75,34,62,69,70,68,64,71,85,70,93,81,94,84,78,74,68,84,88,62,65,92,75,64,40,80
bench,1020,3226,28,28,8,0,0,75.242,73.769,0,1.4599,unknown,regular,76,35,63,70,71,69,65,72,86,71,94,82,95,85,79,75,69,85,89,63,66,94,76,65,42,81
low,1021,3226,27,27,12,1,1,75.814,74.308,0,1.9346,unknown,regular,76,35,64,70,72,70,66,73,87,72,95,83,96,86,79,75,69,85,89,63,67,94,76,66,42,82
medium,1022,3226,29,29,26,6,5,74.979,73.462,0,2.1911,unknown,regular,75,34,63,70,71,69,65,72,86,71,94,82,95,85,78,75,68,84,88,63,66,93,76,65,41,81
great,1023,3226,27,27,35,15,15,76.077,74.423,0,2.6837,unknown,regular,77,35,64,70,72,70,66,73,87,72,95,83,96,86,80,75,70,86,90,64,67,94,77,66,38,82
starter,1024,3226,28,28,34,2,4,74.619,73.115,1,1.3708,regular,regular,75,34,63,70,71,69,64,72,86,70,94,81,95,84,78,74,68,84,88,62,66,93,75,64,41,80
bench,1025,3226,28,28,8,0,0,74.786,73.077,1,1.6568,unknown,regular,75,33,63,70,71,69,65,72,86,71,94,82,95,85,78,74,68,84,88,62,66,93,75,64,36,81
low,1026,3226,29,29,12,1,1,74.786,73.115,0,1.6211,unknown,regular,75,33,63,70,71,69,65,72,86,71,94,82,95,85,78,74,68,84,88,62,66,93,75,64,37,81
medium,1027,3226,28,28,26,6,5,76.112,74.538,0,3.611,unknown,regular,77,36,64,70,72,70,66,73,87,72,95,83,96,86,80,75,70,86,90,64,67,94,77,66,40,82
great,1028,3226,29,29,35,15,15,74.786,73.231,0,1.7605,unknown,regular,75,33,63,70,71,69,65,72,86,71,94,82,95,85,78,74,68,84,88,62,66,93,75,64,40,81
starter,1029,3226,27,27,34,2,4,75.776,74.0,0,2.8456,unknown,regular,76,35,64,70,72,70,66,73,87,72,95,83,96,86,79,75,69,85,89,63,67,94,76,65,35,82
bench,1030,3226,28,28,8,0,0,74.786,73.192,0,1.6185,unknown,regular,75,33,63,70,71,69,65,72,86,71,94,82,95,85,78,74,68,84,88,62,66,93,75,64,39,81
low,1031,3226,27,27,12,1,1,69.835,68.269,3,0.4099,unknown,regular,70,29,58,66,67,64,59,67,81,65,89,76,90,79,73,71,63,79,83,57,61,89,70,59,35,75
medium,1032,3226,28,28,26,6,5,73.135,71.5,10,0.9122,unknown,regular,73,30,62,69,70,68,63,71,85,69,93,80,94,83,76,73,66,81,86,60,64,92,73,62,37,79
great,1033,3226,28,28,35,15,15,76.421,74.654,0,4.5221,unknown,sharpie,77,36,63,70,71,69,66,73,87,72,95,83,96,86,80,86,70,86,90,64,66,94,77,66,36,82
starter,1034,3226,28,28,34,2,4,74.979,73.385,2,2.1123,unknown,regular,75,34,63,70,71,69,65,72,86,71,94,82,95,85,78,75,68,84,88,63,66,93,76,65,39,81
bench,1035,3226,29,29,8,0,0,73.411,71.731,1,1.0576,unknown,regular,73,31,62,69,70,68,64,71,85,69,93,81,94,83,76,74,66,82,86,60,65,92,73,63,36,79
low,1036,3226,28,28,12,1,1,71.945,70.462,0,0.4206,unknown,regular,72,30,60,68,68,66,62,69,83,68,91,79,92,82,75,71,65,81,85,60,63,90,73,62,39,78
medium,1037,3226,27,27,26,6,5,74.159,72.423,13,1.3413,unknown,regular,74,32,63,69,71,69,64,72,86,70,94,81,94,84,77,74,67,83,87,61,65,93,74,64,35,80
great,1038,3226,29,29,35,15,15,73.958,72.385,1,1.2402,unknown,regular,74,32,62,70,71,68,64,71,85,70,93,81,94,84,77,74,67,83,87,61,65,93,74,63,39,80
starter,1039,3226,29,29,34,2,4,71.074,69.5,1,0.5848,unknown,regular,70,29,60,68,68,66,61,69,83,67,91,78,92,81,73,72,63,79,83,57,63,90,70,60,37,77
bench,1040,3226,29,29,8,0,0,70.909,69.269,11,0.6042,unknown,regular,70,27,60,66,68,66,61,69,83,67,91,78,92,81,73,71,63,79,83,57,63,90,71,60,35,77
low,1041,3226,28,28,12,1,1,73.33,71.731,2,0.9832,unknown,regular,73,31,62,69,70,68,63,71,85,69,93,80,94,83,76,74,66,82,86,60,65,92,73,63,38,79
medium,1042,3226,27,27,26,6,5,76.112,74.577,0,2.7501,unknown,regular,77,36,64,70,72,70,66,73,87,72,95,83,96,86,80,75,70,86,90,64,67,94,77,66,41,82
great,1043,3226,28,28,35,15,15,75.655,74.038,0,2.3933,unknown,regular,76,35,64,70,72,70,66,73,87,71,95,82,96,86,79,75,69,85,89,63,67,94,76,65,39,81
starter,1044,3226,29,29,34,2,4,67.349,66.038,-22,-0.97,decliner,regular,68,29,55,63,63,61,57,64,78,63,86,74,87,77,71,66,61,77,81,56,58,85,68,58,38,73
bench,1045,3226,27,27,8,0,0,72.23,70.923,0,0.3902,unknown,sharpie,73,30,56,62,64,62,63,70,84,69,92,80,93,83,80,75,70,86,85,60,59,92,73,62,42,79
low,1046,3226,28,28,12,1,1,71.857,70.154,10,0.7037,unknown,genetic_freak,71,28,64,70,72,70,62,69,83,68,91,79,92,82,72,67,62,78,84,58,67,90,71,61,35,78
medium,1047,3226,27,27,26,6,5,70.375,68.846,3,0.4016,unknown,regular,71,30,58,67,66,64,60,67,81,66,89,77,90,80,74,71,64,80,84,58,61,89,71,60,36,76
great,1048,3226,29,29,35,15,15,76.112,74.577,0,3.8447,unknown,regular,77,36,64,70,72,70,66,73,87,72,95,83,96,86,80,75,70,86,90,64,67,94,77,66,41,82
starter,1049,3226,28,28,34,2,4,76.112,74.462,0,3.4399,unknown,regular,77,36,64,70,72,70,66,73,87,72,95,83,96,86,80,75,70,86,90,64,67,94,77,66,38,82
bench,1050,3226,28,28,8,0,0,73.743,72.231,0,1.0519,unknown,regular,74,33,62,69,70,68,64,71,85,69,93,81,94,83,77,74,67,83,87,61,65,92,74,63,40,79
low,1051,3226,28,28,12,1,1,75.084,73.577,0,1.8026,unknown,regular,76,34,63,70,71,69,65,72,86,71,94,82,95,85,79,74,69,85,88,63,66,93,76,65,41,81
medium,1052,3226,29,29,26,6,5,74.821,73.346,0,1.6249,unknown,regular,75,34,63,70,71,69,65,72,86,71,94,82,95,85,78,74,68,84,88,62,66,93,75,64,42,81
great,1053,3226,28,28,35,15,15,74.51,72.808,0,1.5364,unknown,regular,75,33,63,70,71,69,64,72,86,70,94,81,95,84,77,74,68,83,88,62,66,93,75,64,36,80
starter,1054,3226,28,28,34,2,4,71.877,70.346,3,0.6191,unknown,regular,72,31,60,69,69,66,62,69,83,67,91,78,92,81,75,72,65,81,85,59,63,91,72,61,38,77
bench,1055,3226,27,27,8,0,0,73.01,71.5,0,0.5492,unknown,regular,74,32,61,68,69,67,63,70,84,69,92,80,93,83,76,72,66,82,87,61,64,91,74,63,39,79
low,1056,3226,29,29,12,1,1,74.2,72.769,0,1.1234,unknown,regular,75,34,62,69,70,68,64,71,85,70,93,81,94,84,78,74,68,84,88,62,65,92,75,64,42,80
medium,1057,3226,28,28,26,6,5,73.683,71.962,21,1.1637,unknown,regular,74,31,62,69,70,68,64,71,85,70,93,81,94,84,76,74,67,82,86,61,65,92,74,63,35,80
great,1058,3226,29,29,35,15,15,74.829,73.192,1,1.9645,unknown,regular,75,33,63,70,71,69,65,72,86,71,94,82,95,85,78,75,68,84,88,62,66,93,75,64,38,81
starter,1059,3226,28,28,34,2,4,73.365,71.808,1,1.0035,regular,regular,73,32,62,69,70,68,63,71,85,69,93,80,94,83,76,74,66,82,86,60,65,92,73,63,39,79
bench,1060,3226,28,28,8,0,0,67.855,66.423,0,-0.5514,decliner,regular,68,26,56,62,64,62,58,65,79,64,87,75,88,78,71,67,61,77,81,56,59,86,69,58,36,74
low,1061,3226,28,28,12,1,1,73.608,72.154,0,0.5087,unknown,regular,73,31,62,69,70,68,64,71,85,70,93,81,94,84,76,74,66,82,86,61,65,92,74,63,42,80
medium,1062,3226,29,29,26,6,5,73.408,71.769,0,0.0,early_peak,regular,74,33,62,68,70,67,63,71,85,69,93,80,93,83,77,73,67,83,87,61,64,91,74,63,36,79
great,1063,3226,27,27,35,15,15,76.112,74.577,0,4.711,unknown,regular,77,36,64,70,72,70,66,73,87,72,95,83,96,86,80,75,70,86,90,64,67,94,77,66,41,82
starter,1064,3226,28,28,34,2,4,74.821,73.269,0,1.8162,unknown,regular,75,34,63,70,71,69,65,72,86,71,94,82,95,85,78,74,68,84,88,62,66,93,75,64,40,81
bench,1065,3226,29,29,8,0,0,72.848,71.423,0,0.4199,unknown,regular,73,31,61,68,70,68,63,71,84,69,92,80,93,83,75,73,65,81,85,60,64,92,73,62,42,79
low,1066,3226,27,27,12,1,1,71.369,69.769,3,0.5821,unknown,regular,71,30,60,67,68,66,61,69,83,67,91,78,92,81,74,72,64,80,84,58,63,91,71,60,36,77
medium,1067,3226,29,29,26,6,5,71.557,69.923,16,0.7362,unknown,regular,72,29,60,66,68,66,62,69,83,68,91,79,92,82,74,71,64,80,84,59,63,90,72,61,35,78
great,1068,3226,27,27,35,15,15,76.112,74.423,0,3.9224,unknown,regular,77,36,64,70,72,70,66,73,87,72,95,83,96,86,80,75,70,86,90,64,67,94,77,66,37,82
starter,1069,3226,28,28,34,2,4,75.17,73.538,0,2.2931,unknown,regular,76,34,63,70,71,69,65,72,86,71,94,82,95,85,79,75,69,84,89,63,66,94,76,65,38,81
bench,1070,3226,27,27,8,0,0,73.098,71.423,10,0.9267,unknown,jokester,73,30,62,69,70,68,63,71,85,69,93,80,94,83,75,73,66,81,86,60,64,92,73,62,36,79
low,1071,3226,28,28,12,1,1,72.845,71.192,17,0.941,unknown,regular,73,30,61,68,69,67,63,71,85,69,92,80,93,83,75,73,66,81,86,60,64,92,73,62,36,79
medium,1072,3226,29,29,26,6,5,75.498,73.769,0,2.7122,unknown,regular,76,34,64,70,72,70,65,73,87,71,95,82,96,85,79,75,69,85,89,63,66,94,76,65,36,81
great,1073,3226,28,28,35,15,15,72.561,71.115,1,0.715,unknown,sharpie,73,32,58,65,66,64,62,70,84,68,92,79,93,82,80,75,70,86,86,60,61,91,73,62,39,78
starter,1074,3226,28,28,34,2,4,74.122,72.654,0,0.9164,unknown,regular,75,33,62,69,70,68,64,71,85,70,93,81,94,84,78,73,68,84,88,62,65,92,75,64,41,80
bench,1075,3226,27,27,8,0,0,68.654,67.154,0,0.1851,unknown,regular,68,24,58,65,66,64,59,67,81,65,89,76,90,78,70,70,60,76,80,55,60,88,68,58,37,74
low,1076,3226,28,28,12,1,1,74.0,72.423,0,1.2798,unknown,regular,74,32,62,70,71,68,64,71,85,70,94,81,94,84,77,74,67,83,87,61,65,93,74,63,39,80
medium,1077,3226,29,29,26,6,5,75.776,74.154,0,3.5244,unknown,regular,76,35,64,70,72,70,66,73,87,72,95,83,96,86,79,75,69,85,89,63,67,94,76,65,39,82
great,1078,3226,28,28,35,15,15,76.112,74.577,0,4.2737,unknown,regular,77,36,64,70,72,70,66,73,87,72,95,83,96,86,80,75,70,86,90,64,67,94,77,66,41,82
starter,1079,3226,29,29,34,2,4,76.051,74.423,0,3.7371,unknown,sharpie,76,35,62,69,70,68,66,73,87,72,95,83,96,86,80,84,70,86,90,64,65,94,77,66,39,82
bench,1080,3226,29,29,8,0,0,73.913,72.192,4,1.2186,unknown,regular,74,32,62,69,71,68,64,71,85,70,93,81,94,84,77,74,67,83,87,61,65,93,74,63,35,80
low,1081,3226,28,28,12,1,1,72.602,70.962,17,0.884,unknown,regular,73,30,61,68,69,67,63,70,84,69,92,80,93,83,75,72,65,81,85,60,64,91,73,62,36,79
medium,1082,3226,29,29,26,6,5,74.786,73.115,0,1.7453,unknown,regular,75,33,63,70,71,69,65,72,86,71,94,82,95,85,78,74,68,84,88,62,66,93,75,64,37,81
great,1083,3226,27,27,35,15,15,73.786,72.269,0,0.6122,unknown,regular,74,32,62,69,70,68,64,71,85,70,93,81,94,84,77,73,67,83,87,61,65,92,74,63,40,80
starter,1084,3226,29,29,34,2,4,73.21,71.769,0,0.6664,unknown,regular,74,32,61,69,69,67,63,70,84,69,92,80,93,83,77,73,67,83,87,61,64,91,74,63,41,79
bench,1085,3226,29,29,8,0,0,73.864,72.385,0,1.1109,unknown,regular,74,33,62,69,70,68,64,71,85,70,93,81,94,84,77,74,67,83,87,61,65,92,74,63,41,80
low,1086,3226,27,27,12,1,1,73.68,72.077,0,1.1178,unknown,regular,74,32,62,69,70,68,64,71,85,70,93,81,94,84,76,74,66,82,86,61,65,92,74,63,38,80
medium,1087,3226,27,27,26,6,5,76.112,74.385,0,3.9254,unknown,regular,77,36,64,70,72,70,66,73,87,72,95,83,96,86,80,75,70,86,90,64,67,94,77,66,36,82
great,1088,3226,28,28,35,15,15,73.245,71.769,0,0.6793,unknown,regular,74,33,61,69,69,67,63,70,84,69,92,80,93,83,77,73,67,83,87,61,64,91,74,63,40,79
starter,1089,3226,28,28,34,2,4,76.112,74.538,0,2.909,unknown,regular,77,36,64,70,72,70,66,73,87,72,95,83,96,86,80,75,70,86,90,64,67,94,77,66,40,82
bench,1090,3226,28,28,8,0,0,74.551,72.962,0,1.5311,unknown,regular,75,33,63,70,71,69,65,72,86,70,94,81,95,84,77,74,68,83,88,62,66,93,75,64,39,80
low,1091,3226,29,29,12,1,1,73.098,71.462,10,0.9093,unknown,regular,73,30,62,69,70,68,63,71,85,69,93,80,94,83,75,73,66,81,86,60,64,92,73,62,37,79
medium,1092,3226,29,29,26,6,5,74.903,73.423,0,2.0336,unknown,regular,75,34,63,70,71,69,65,72,86,71,94,82,95,85,78,75,68,84,88,62,66,93,75,65,42,81
great,1093,3226,27,27,35,15,15,72.112,70.5,25,2.7051,late_bloomer,regular,73,32,60,66,68,66,62,69,83,68,91,79,92,82,76,71,66,82,86,60,63,90,73,62,35,78
starter,1094,3226,29,29,34,2,4,75.291,73.615,0,2.4988,unknown,regular,76,34,63,70,72,69,65,72,86,71,95,82,95,85,79,75,69,85,89,63,66,94,76,65,37,81
bench,1095,3226,29,29,8,0,0,71.945,70.5,0,0.4262,unknown,regular,72,30,60,68,68,66,62,69,83,68,91,79,92,82,75,71,65,81,85,60,63,90,73,62,40,78
low,1096,3226,29,29,12,1,1,70.885,69.462,0,0.2799,unknown,regular,70,27,60,67,68,66,61,69,83,67,91,78,92,81,72,72,63,78,83,57,63,90,70,60,41,77
medium,1097,3226,29,29,26,6,5,74.329,72.885,0,1.2651,unknown,regular,75,34,62,70,71,68,64,71,85,70,93,81,94,84,78,74,68,84,88,62,65,93,75,64,42,80
great,1098,3226,28,28,35,15,15,76.112,74.462,0,3.9242,unknown,regular,77,36,64,70,72,70,66,73,87,72,95,83,96,86,80,75,70,86,90,64,67,94,77,66,38,82
starter,1099,3226,29,29,34,2,4,65.49,64.154,-24,-1.094,decliner,regular,66,27,53,63,62,59,55,62,76,61,84,72,85,75,69,66,59,75,79,53,56,83,66,55,36,71
bench,1100,3226,28,28,8,0,0,74.2,72.731,0,1.138,unknown,regular,75,34,62,69,70,68,64,71,85,70,93,81,94,84,78,74,68,84,88,62,65,92,75,64,41,80
low,1101,3226,30,30,12,1,1,73.703,72.231,0,0.0,unknown,regular,74,33,62,69,70,68,64,71,85,69,93,80,94,83,77,74,67,83,87,61,65,92,74,63,41,79
medium,1102,3226,30,30,26,6,5,71.271,69.654,0,0.0,unknown,regular,71,28,60,67,69,66,62,69,83,67,91,79,92,82,73,72,63,79,83,58,63,90,71,60,36,77
great,1103,3226,30,30,35,15,15,75.291,73.538,0,0.0,unknown,regular,76,34,63,70,72,69,65,72,86,71,95,82,95,85,79,75,69,85,89,63,66,94,76,65,35,81
starter,1104,3226,28,28,34,2,4,74.786,73.077,2,1.6756,unknown,regular,75,33,63,70,71,69,65,72,86,71,94,82,95,85,78,74,68,84,88,62,66,93,75,64,36,81
bench,1105,3226,28,28,8,0,0,71.657,70.154,0,0.3122,unknown,regular,71,29,60,67,69,66,62,69,83,68,92,79,92,82,74,72,64,80,84,58,63,91,71,61,39,78
low,1106,3226,30,30,12,1,1,73.884,72.269,0,0.0,unknown,regular,74,32,62,70,71,68,64,71,85,70,93,81,94,84,76,74,67,82,87,61,65,93,74,63,38,80
medium,1107,3226,28,28,26,6,5,75.249,73.538,0,2.4785,unknown,regular,76,34,63,70,72,69,65,72,86,71,94,82,95,85,79,75,69,85,89,63,66,94,76,65,36,81
great,1108,3226,29,29,35,15,15,76.112,74.538,0,4.2359,unknown,regular,77,36,64,70,72,70,66,73,87,72,95,83,96,86,80,75,70,86,90,64,67,94,77,66,40,82
starter,1109,3226,30,30,34,2,4,74.821,73.346,0,0.0,unknown,regular,75,34,63,70,71,69,65,72,86,71,94,82,95,85,78,74,68,84,88,62,66,93,75,64,42,81
bench,1110,3226,28,28,8,0,0,74.122,72.615,0,0.7865,unknown,regular,75,33,62,69,70,68,64,71,85,70,93,81,94,84,78,73,68,84,88,62,65,92,75,64,40,80
low,1111,3226,30,30,12,1,1,70.241,68.808,0,0.0,unknown,sharpie,70,29,54,62,63,60,60,68,82,66,90,77,91,80,79,75,69,85,83,57,57,90,70,59,37,76
medium,1112,3226,30,30,26,6,5,75.776,74.0,0,0.0,unknown,regular,76,35,64,70,72,70,66,73,87,72,95,83,96,86,79,75,69,85,89,63,67,94,76,65,35,82
great,1113,3226,28,28,35,15,15,73.245,71.731,0,0.683,unknown,regular,74,33,61,69,69,67,63,70,84,69,92,80,93,83,77,73,67,83,87,61,64,91,74,63,39,79
starter,1114,3226,29,29,34,2,4,75.455,73.846,0,2.5252,unknown,regular,76,34,63,70,72,70,65,72,87,72,95,82,95,85,79,75,69,85,89,63,67,94,76,65,39,81
bench,1115,3226,29,29,8,0,0,69.141,67.731,0,0.1915,unknown,regular,68,26,58,67,67,64,60,67,81,65,89,76,90,79,70,71,61,76,80,55,61,89,68,58,40,75
low,1116,3226,28,28,12,1,1,70.255,68.731,0,0.3674,unknown,regular,71,29,58,67,66,64,60,67,81,66,89,77,90,80,74,70,64,80,84,58,61,88,71,60,36,76
medium,1117,3226,29,29,26,6,5,74.373,72.846,0,1.7513,unknown,sharpie,75,33,60,66,68,66,65,72,86,71,94,82,95,85,80,75,70,86,88,62,63,93,75,64,39,81
great,1118,3226,28,28,35,15,15,75.901,74.308,0,3.2722,unknown,sharpie,77,36,63,69,71,69,66,73,87,72,95,83,96,86,80,75,70,86,90,64,66,94,77,66,39,82
starter,1119,3226,28,28,34,2,4,74.2,72.692,0,1.0081,unknown,regular,75,34,62,69,70,68,64,71,85,70,93,81,94,84,78,74,68,84,88,62,65,92,75,64,40,80
bench,1120,3226,29,29,8,0,0,75.242,73.769,0,1.4594,unknown,regular,76,35,63,70,71,69,65,72,86,71,94,82,95,85,79,75,69,85,89,63,66,94,76,65,42,81
low,1121,3226,28,28,12,1,1,75.814,74.308,0,1.918,unknown,regular,76,35,64,70,72,70,66,73,87,72,95,83,96,86,79,75,69,85,89,63,67,94,76,66,42,82
medium,1122,3226,30,30,26,6,5,74.979,73.462,0,0.0,unknown,regular,75,34,63,70,71,69,65,72,86,71,94,82,95,85,78,75,68,84,88,63,66,93,76,65,41,81
great,1123,3226,28,28,35,15,15,76.077,74.423,0,2.8419,unknown,regular,77,35,64,70,72,70,66,73,87,72,95,83,96,86,80,75,70,86,90,64,67,94,77,66,38,82
starter,1124,3226,29,29,34,2,4,74.619,73.115,0,1.378,regular,regular,75,34,63,70,71,69,64,72,86,70,94,81,95,84,78,74,68,84,88,62,66,93,75,64,41,80
bench,1125,3226,29,29,8,0,0,74.786,73.077,0,1.6637,unknown,regular,75,33,63,70,71,69,65,72,86,71,94,82,95,85,78,74,68,84,88,62,66,93,75,64,36,81
low,1126,3226,30,30,12,1,1,74.786,73.115,0,0.0,unknown,regular,75,33,63,70,71,69,65,72,86,71,94,82,95,85,78,74,68,84,88,62,66,93,75,64,37,81
medium,1127,3226,29,29,26,6,5,76.112,74.538,0,3.7742,unknown,regular,77,36,64,70,72,70,66,73,87,72,95,83,96,86,80,75,70,86,90,64,67,94,77,66,40,82
great,1128,3226,30,30,35,15,15,74.786,73.231,0,0.0,unknown,regular,75,33,63,70,71,69,65,72,86,71,94,82,95,85,78,74,68,84,88,62,66,93,75,64,40,81
starter,1129,3226,28,28,34,2,4,75.776,74.0,0,2.93,unknown,regular,76,35,64,70,72,70,66,73,87,72,95,83,96,86,79,75,69,85,89,63,67,94,76,65,35,82
bench,1130,3226,29,29,8,0,0,74.786,73.192,0,1.6145,unknown,regular,75,33,63,70,71,69,65,72,86,71,94,82,95,85,78,74,68,84,88,62,66,93,75,64,39,81
low,1131,3226,28,28,12,1,1,69.88,68.308,1,0.4107,unknown,regular,70,29,58,67,67,64,59,67,81,65,89,76,90,79,73,71,63,79,83,57,61,89,70,59,35,75
medium,1132,3226,29,29,26,6,5,73.291,71.654,4,0.9965,unknown,regular,73,31,62,69,70,68,63,71,85,69,93,80,94,83,76,74,66,82,86,60,65,92,73,62,37,79
great,1133,3226,29,29,35,15,15,76.421,74.654,0,4.9114,unknown,sharpie,77,36,63,70,71,69,66,73,87,72,95,83,96,86,80,86,70,86,90,64,66,94,77,66,36,82
starter,1134,3226,29,29,34,2,4,75.016,73.423,1,2.2945,unknown,regular,76,34,63,70,71,69,65,72,86,71,94,82,95,85,78,75,68,84,88,63,66,93,76,65,39,81
bench,1135,3226,30,30,8,0,0,73.411,71.731,0,0.0,unknown,regular,73,31,62,69,70,68,64,71,85,69,93,81,94,83,76,74,66,82,86,60,65,92,73,63,36,79
low,1136,3226,29,29,12,1,1,71.945,70.462,0,0.4187,unknown,regular,72,30,60,68,68,66,62,69,83,68,91,79,92,82,75,71,65,81,85,60,63,90,73,62,39,78
medium,1137,3226,28,28,26,6,5,74.287,72.538,3,1.385,unknown,regular,74,32,63,70,71,69,64,72,86,70,94,81,95,84,77,74,67,83,87,61,66,93,74,64,35,80
great,1138,3226,30,30,35,15,15,73.958,72.385,0,0.0,unknown,regular,74,32,62,70,71,68,64,71,85,70,93,81,94,84,77,74,67,83,87,61,65,93,74,63,39,80
starter,1139,3226,30,30,34,2,4,71.074,69.5,0,0.0,unknown,regular,70,29,60,68,68,66,61,69,83,67,91,78,92,81,73,72,63,79,83,57,63,90,70,60,37,77
bench,1140,3226,30,30,8,0,0,70.909,69.269,0,0.0,unknown,regular,70,27,60,66,68,66,61,69,83,67,91,78,92,81,73,71,63,79,83,57,63,90,71,60,35,77
low,1141,3226,29,29,12,1,1,73.33,71.731,0,0.9826,unknown,regular,73,31,62,69,70,68,63,71,85,69,93,80,94,83,76,74,66,82,86,60,65,92,73,63,38,79
medium,1142,3226,28,28,26,6,5,76.112,74.577,0,2.6669,unknown,regular,77,36,64,70,72,70,66,73,87,72,95,83,96,86,80,75,70,86,90,64,67,94,77,66,41,82
great,1143,3226,29,29,35,15,15,75.655,74.038,0,2.6592,unknown,regular,76,35,64,70,72,70,66,73,87,71,95,82,96,86,79,75,69,85,89,63,67,94,76,65,39,81
starter,1144,3226,30,30,34,2,4,66.539,65.269,-20,-0.9772,decliner,regular,67,29,55,62,62,60,56,63,77,62,85,73,86,76,70,65,61,76,80,56,57,84,67,58,38,72
bench,1145,3226,28,28,8,0,0,72.23,70.923,0,0.3903,unknown,sharpie,73,30,56,62,64,62,63,70,84,69,92,80,93,83,80,75,70,86,85,60,59,92,73,62,42,79
low,1146,3226,29,29,12,1,1,72.024,70.308,4,0.6849,unknown,genetic_freak,71,28,64,70,72,70,62,70,84,68,92,79,92,82,72,67,62,78,84,58,67,91,71,61,35,78
medium,1147,3226,28,28,26,6,5,70.463,68.923,2,0.3951,unknown,regular,71,30,58,68,67,64,60,67,81,66,89,77,90,80,74,71,64,80,84,58,61,89,71,60,36,76
great,1148,3226,30,30,35,15,15,76.112,74.577,0,0.0,unknown,regular,77,36,64,70,72,70,66,73,87,72,95,83,96,86,80,75,70,86,90,64,67,94,77,66,41,82
starter,1149,3226,29,29,34,2,4,76.112,74.462,0,3.6312,unknown,regular,77,36,64,70,72,70,66,73,87,72,95,83,96,86,80,75,70,86,90,64,67,94,77,66,38,82
bench,1150,3226,29,29,8,0,0,73.743,72.231,0,1.0535,unknown,regular,74,33,62,69,70,68,64,71,85,69,93,81,94,83,77,74,67,83,87,61,65,92,74,63,40,79
low,1151,3226,29,29,12,1,1,75.084,73.577,0,1.7866,unknown,regular,76,34,63,70,71,69,65,72,86,71,94,82,95,85,79,74,69,85,88,63,66,93,76,65,41,81
medium,1152,3226,30,30,26,6,5,74.821,73.346,0,0.0,unknown,regular,75,34,63,70,71,69,65,72,86,71,94,82,95,85,78,74,68,84,88,62,66,93,75,64,42,81
great,1153,3226,29,29,35,15,15,74.51,72.808,0,1.4715,unknown,regular,75,33,63,70,71,69,64,72,86,70,94,81,95,84,77,74,68,83,88,62,66,93,75,64,36,80
starter,1154,3226,29,29,34,2,4,71.877,70.346,0,0.6215,unknown,regular,72,31,60,69,69,66,62,69,83,67,91,78,92,81,75,72,65,81,85,59,63,91,72,61,38,77
bench,1155,3226,28,28,8,0,0,73.01,71.5,0,0.5451,unknown,regular,74,32,61,68,69,67,63,70,84,69,92,80,93,83,76,72,66,82,87,61,64,91,74,63,39,79
low,1156,3226,30,30,12,1,1,74.2,72.769,0,0.0,unknown,regular,75,34,62,69,70,68,64,71,85,70,93,81,94,84,78,74,68,84,88,62,65,92,75,64,42,80
medium,1157,3226,29,29,26,6,5,73.958,72.231,7,1.2184,unknown,regular,74,32,62,70,71,68,64,71,85,70,93,81,94,84,77,74,67,83,87,61,65,93,74,63,35,80
great,1158,3226,30,30,35,15,15,74.829,73.192,0,0.0,unknown,regular,75,33,63,70,71,69,65,72,86,71,94,82,95,85,78,75,68,84,88,62,66,93,75,64,38,81
starter,1159,3226,29,29,34,2,4,73.365,71.808,0,1.0146,regular,regular,73,32,62,69,70,68,63,71,85,69,93,80,94,83,76,74,66,82,86,60,65,92,73,63,39,79
bench,1160,3226,29,29,8,0,0,67.855,66.423,0,-0.548,decliner,regular,68,26,56,62,64,62,58,65,79,64,87,75,88,78,71,67,61,77,81,56,59,86,69,58,36,74
low,1161,3226,29,29,12,1,1,73.608,72.154,0,0.4997,unknown,regular,73,31,62,69,70,68,64,71,85,70,93,81,94,84,76,74,66,82,86,61,65,92,74,63,42,80
medium,1162,3226,30,30,26,6,5,72.443,70.846,-24,-1.3964,early_peak,regular,73,33,61,67,69,66,62,70,84,68,92,79,92,82,76,72,66,82,86,60,63,90,73,62,36,78
great,1163,3226,28,28,35,15,15,76.112,74.577,0,4.8892,unknown,regular,77,36,64,70,72,70,66,73,87,72,95,83,96,86,80,75,70,86,90,64,67,94,77,66,41,82
starter,1164,3226,29,29,34,2,4,74.821,73.269,0,1.8639,unknown,regular,75,34,63,70,71,69,65,72,86,71,94,82,95,85,78,74,68,84,88,62,66,93,75,64,40,81
bench,1165,3226,30,30,8,0,0,72.848,71.423,0,0.0,unknown,regular,73,31,61,68,70,68,63,71,84,69,92,80,93,83,75,73,65,81,85,60,64,92,73,62,42,79
low,1166,3226,28,28,12,1,1,71.414,69.808,1,0.5788,unknown,regular,71,30,60,68,68,66,61,69,83,67,91,78,92,81,74,72,64,80,84,58,63,91,71,60,36,77
medium,1167,3226,30,30,26,6,5,71.557,69.923,0,0.0,unknown,regular,72,29,60,66,68,66,62,69,83,68,91,79,92,82,74,71,64,80,84,59,63,90,72,61,35,78
great,1168,3226,28,28,35,15,15,76.112,74.423,0,4.0491,unknown,regular,77,36,64,70,72,70,66,73,87,72,95,83,96,86,80,75,70,86,90,64,67,94,77,66,37,82
starter,1169,3226,29,29,34,2,4,75.17,73.538,0,2.3623,unknown,regular,76,34,63,70,71,69,65,72,86,71,94,82,95,85,79,75,69,84,89,63,66,94,76,65,38,81
bench,1170,3226,28,28,8,0,0,73.098,71.423,0,0.9271,unknown,jokester,73,30,62,69,70,68,63,71,85,69,93,80,94,83,75,73,66,81,86,60,64,92,73,62,36,79
low,1171,3226,29,29,12,1,1,73.139,71.462,7,0.9546,unknown,regular,73,30,62,69,70,68,63,71,85,69,93,80,94,83,75,73,66,81,86,60,65,92,73,62,36,79
medium,1172,3226,30,30,26,6,5,75.498,73.769,0,0.0,unknown,regular,76,34,64,70,72,70,65,73,87,71,95,82,96,85,79,75,69,85,89,63,66,94,76,65,36,81
great,1173,3226,29,29,35,15,15,72.561,71.115,0,0.6264,unknown,sharpie,73,32,58,65,66,64,62,70,84,68,92,79,93,82,80,75,70,86,86,60,61,91,73,62,39,78
starter,1174,3226,29,29,34,2,4,74.122,72.654,0,0.8392,unknown,regular,75,33,62,69,70,68,64,71,85,70,93,81,94,84,78,73,68,84,88,62,65,92,75,64,41,80
bench,1175,3226,28,28,8,0,0,68.654,67.154,0,0.1845,unknown,regular,68,24,58,65,66,64,59,67,81,65,89,76,90,78,70,70,60,76,80,55,60,88,68,58,37,74
low,1176,3226,29,29,12,1,1,74.0,72.423,0,1.2561,unknown,regular,74,32,62,70,71,68,64,71,85,70,94,81,94,84,77,74,67,83,87,61,65,93,74,63,39,80
medium,1177,3226,30,30,26,6,5,75.776,74.154,0,0.0,unknown,regular,76,35,64,70,72,70,66,73,87,72,95,83,96,86,79,75,69,85,89,63,67,94,76,65,39,82
great,1178,3226,29,29,35,15,15,76.112,74.577,0,4.3043,unknown,regular,77,36,64,70,72,70,66,73,87,72,95,83,96,86,80,75,70,86,90,64,67,94,77,66,41,82
starter,1179,3226,30,30,34,2,4,76.051,74.423,0,0.0,unknown,sharpie,76,35,62,69,70,68,66,73,87,72,95,83,96,86,80,84,70,86,90,64,65,94,77,66,39,82
bench,1180,3226,30,30,8,0,0,73.913,72.192,0,0.0,unknown,regular,74,32,62,69,71,68,64,71,85,70,93,81,94,84,77,74,67,83,87,61,65,93,74,63,35,80
low,1181,3226,29,29,12,1,1,72.816,71.154,5,0.8787,unknown,regular,73,30,61,69,70,67,63,70,84,69,93,80,93,83,75,73,65,81,85,60,64,92,73,62,36,79
medium,1182,3226,30,30,26,6,5,74.786,73.115,0,0.0,unknown,regular,75,33,63,70,71,69,65,72,86,71,94,82,95,85,78,74,68,84,88,62,66,93,75,64,37,81
great,1183,3226,28,28,35,15,15,73.786,72.269,0,0.6823,unknown,regular,74,32,62,69,70,68,64,71,85,70,93,81,94,84,77,73,67,83,87,61,65,92,74,63,40,80
starter,1184,3226,30,30,34,2,4,73.21,71.769,0,0.0,unknown,regular,74,32,61,69,69,67,63,70,84,69,92,80,93,83,77,73,67,83,87,61,64,91,74,63,41,79
bench,1185,3226,30,30,8,0,0,73.864,72.385,0,0.0,unknown,regular,74,33,62,69,70,68,64,71,85,70,93,81,94,84,77,74,67,83,87,61,65,92,74,63,41,80
low,1186,3226,28,28,12,1,1,73.68,72.077,0,1.11,unknown,regular,74,32,62,69,70,68,64,71,85,70,93,81,94,84,76,74,66,82,86,61,65,92,74,63,38,80
medium,1187,3226,28,28,26,6,5,76.112,74.385,0,3.6884,unknown,regular,77,36,64,70,72,70,66,73,87,72,95,83,96,86,80,75,70,86,90,64,67,94,77,66,36,82
great,1188,3226,29,29,35,15,15,73.245,71.769,0,0.6506,unknown,regular,74,33,61,69,69,67,63,70,84,69,92,80,93,83,77,73,67,83,87,61,64,91,74,63,40,79
starter,1189,3226,29,29,34,2,4,76.112,74.538,0,2.9592,unknown,regular,77,36,64,70,72,70,66,73,87,72,95,83,96,86,80,75,70,86,90,64,67,94,77,66,40,82
bench,1190,3226,29,29,8,0,0,74.551,72.962,0,1.5252,unknown,regular,75,33,63,70,71,69,65,72,86,70,94,81,95,84,77,74,68,83,88,62,66,93,75,64,39,80
low,1191,3226,30,30,12,1,1,73.098,71.462,0,0.0,unknown,regular,73,30,62,69,70,68,63,71,85,69,93,80,94,83,75,73,66,81,86,60,64,92,73,62,37,79
medium,1192,3226,30,30,26,6,5,74.903,73.423,0,0.0,unknown,regular,75,34,63,70,71,69,65,72,86,71,94,82,95,85,78,75,68,84,88,62,66,93,75,65,42,81
great,1193,3226,28,28,35,15,15,73.112,71.462,25,2.7128,late_bloomer,regular,74,33,61,67,69,67,63,70,84,69,92,80,93,83,77,72,67,83,87,61,64,91,74,63,35,79
starter,1194,3226,30,30,34,2,4,75.291,73.615,0,0.0,unknown,regular,76,34,63,70,72,69,65,72,86,71,95,82,95,85,79,75,69,85,89,63,66,94,76,65,37,81
bench,1195,3226,30,30,8,0,0,71.945,70.5,0,0.0,unknown,regular,72,30,60,68,68,66,62,69,83,68,91,79,92,82,75,71,65,81,85,60,63,90,73,62,40,78
low,1196,3226,30,30,12,1,1,70.885,69.462,0,0.0,unknown,regular,70,27,60,67,68,66,61,69,83,67,91,78,92,81,72,72,63,78,83,57,63,90,70,60,41,77
medium,1197,3226,30,30,26,6,5,74.329,72.885,0,0.0,unknown,regular,75,34,62,70,71,68,64,71,85,70,93,81,94,84,78,74,68,84,88,62,65,93,75,64,42,80
great,1198,3226,29,29,35,15,15,76.112,74.462,0,4.0723,unknown,regular,77,36,64,70,72,70,66,73,87,72,95,83,96,86,80,75,70,86,90,64,67,94,77,66,38,82
starter,1199,3226,30,30,34,2,4,64.526,63.231,-24,-1.1764,decliner,regular,65,27,52,62,61,58,54,61,75,60,83,71,84,74,68,65,58,74,78,52,55,82,65,54,36,70
bench,1200,3226,29,29,8,0,0,74.2,72.731,0,1.1391,unknown,regular,75,34,62,69,70,68,64,71,85,70,93,81,94,84,78,74,68,84,88,62,65,92,75,64,41,80
low,1201,3226,31,31,12,1,1,73.703,72.231,0,0.0,unknown,regular,74,33,62,69,70,68,64,71,85,69,93,80,94,83,77,74,67,83,87,61,65,92,74,63,41,79
medium,1202,3226,31,31,26,6,5,71.271,69.654,0,0.0,unknown,regular,71,28,60,67,69,66,62,69,83,67,91,79,92,82,73,72,63,79,83,58,63,90,71,60,36,77
great,1203,3226,31,31,35,15,15,75.291,73.538,0,0.0,unknown,regular,76,34,63,70,72,69,65,72,86,71,95,82,95,85,79,75,69,85,89,63,66,94,76,65,35,81
starter,1204,3226,29,29,34,2,4,74.786,73.077,0,1.6468,unknown,regular,75,33,63,70,71,69,65,72,86,71,94,82,95,85,78,74,68,84,88,62,66,93,75,64,36,81
bench,1205,3226,29,29,8,0,0,71.657,70.154,0,0.3117,unknown,regular,71,29,60,67,69,66,62,69,83,68,92,79,92,82,74,72,64,80,84,58,63,91,71,61,39,78
low,1206,3226,31,31,12,1,1,73.884,72.269,0,0.0,unknown,regular,74,32,62,70,71,68,64,71,85,70,93,81,94,84,76,74,67,82,87,61,65,93,74,63,38,80
medium,1207,3226,29,29,26,6,5,75.249,73.538,0,2.2775,unknown,regular,76,34,63,70,72,69,65,72,86,71,94,82,95,85,79,75,69,85,89,63,66,94,76,65,36,81
great,1208,3226,30,30,35,15,15,76.112,74.538,0,0.0,unknown,regular,77,36,64,70,72,70,66,73,87,72,95,83,96,86,80,75,70,86,90,64,67,94,77,66,40,82
starter,1209,3226,31,31,34,2,4,74.821,73.346,0,0.0,unknown,regular,75,34,63,70,71,69,65,72,86,71,94,82,95,85,78,74,68,84,88,62,66,93,75,64,42,81
bench,1210,3226,29,29,8,0,0,74.122,72.615,0,0.7871,unknown,regular,75,33,62,69,70,68,64,71,85,70,93,81,94,84,78,73,68,84,88,62,65,92,75,64,40,80
low,1211,3226,31,31,12,1,1,70.241,68.808,0,0.0,unknown,sharpie,70,29,54,62,63,60,60,68,82,66,90,77,91,80,79,75,69,85,83,57,57,90,70,59,37,76
medium,1212,3226,31,31,26,6,5,75.776,74.0,0,0.0,unknown,regular,76,35,64,70,72,70,66,73,87,72,95,83,96,86,79,75,69,85,89,63,67,94,76,65,35,82
great,1213,3226,29,29,35,15,15,73.245,71.731,0,0.7592,unknown,regular,74,33,61,69,69,67,63,70,84,69,92,80,93,83,77,73,67,83,87,61,64,91,74,63,39,79
starter,1214,3226,30,30,34,2,4,75.455,73.846,0,0.0,unknown,regular,76,34,63,70,72,70,65,72,87,72,95,82,95,85,79,75,69,85,89,63,67,94,76,65,39,81
bench,1215,3226,30,30,8,0,0,69.141,67.731,0,0.0,unknown,regular,68,26,58,67,67,64,60,67,81,65,89,76,90,79,70,71,61,76,80,55,61,89,68,58,40,75
low,1216,3226,29,29,12,1,1,70.255,68.731,0,0.3643,unknown,regular,71,29,58,67,66,64,60,67,81,66,89,77,90,80,74,70,64,80,84,58,61,88,71,60,36,76
medium,1217,3226,30,30,26,6,5,74.373,72.846,0,0.0,unknown,sharpie,75,33,60,66,68,66,65,72,86,71,94,82,95,85,80,75,70,86,88,62,63,93,75,64,39,81
great,1218,3226,29,29,35,15,15,75.901,74.308,0,2.9299,unknown,sharpie,77,36,63,69,71,69,66,73,87,72,95,83,96,86,80,75,70,86,90,64,66,94,77,66,39,82
starter,1219,3226,29,29,34,2,4,74.2,72.692,0,1.0107,unknown,regular,75,34,62,69,70,68,64,71,85,70,93,81,94,84,78,74,68,84,88,62,65,92,75,64,40,80
bench,1220,3226,30,30,8,0,0,75.242,73.769,0,0.0,unknown,regular,76,35,63,70,71,69,65,72,86,71,94,82,95,85,79,75,69,85,89,63,66,94,76,65,42,81
low,1221,3226,29,29,12,1,1,75.814,74.308,0,1.9088,unknown,regular,76,35,64,70,72,70,66,73,87,72,95,83,96,86,79,75,69,85,89,63,67,94,76,66,42,82
medium,1222,3226,31,31,26,6,5,74.979,73.462,0,0.0,unknown,regular,75,34,63,70,71,69,65,72,86,71,94,82,95,85,78,75,68,84,88,63,66,93,76,65,41,81
great,1223,3226,29,29,35,15,15,76.077,74.423,0,2.7241,unknown,regular,77,35,64,70,72,70,66,73,87,72,95,83,96,86,80,75,70,86,90,64,67,94,77,66,38,82
starter,1224,3226,30,30,34,2,4,74.619,73.115,0,0.0,regular,regular,75,34,63,70,71,69,64,72,86,70,94,81,95,84,78,74,68,84,88,62,66,93,75,64,41,80
bench,1225,3226,30,30,8,0,0,74.786,73.077,0,0.0,unknown,regular,75,33,63,70,71,69,65,72,86,71,94,82,95,85,78,74,68,84,88,62,66,93,75,64,36,81
low,1226,3226,31,31,12,1,1,74.786,73.115,0,0.0,unknown,regular,75,33,63,70,71,69,65,72,86,71,94,82,95,85,78,74,68,84,88,62,66,93,75,64,37,81
medium,1227,3226,30,30,26,6,5,76.112,74.538,0,0.0,unknown,regular,77,36,64,70,72,70,66,73,87,72,95,83,96,86,80,75,70,86,90,64,67,94,77,66,40,82
great,1228,3226,31,31,35,15,15,74.786,73.231,0,0.0,unknown,regular,75,33,63,70,71,69,65,72,86,71,94,82,95,85,78,74,68,84,88,62,66,93,75,64,40,81
starter,1229,3226,29,29,34,2,4,75.776,74.0,0,2.895,unknown,regular,76,35,64,70,72,70,66,73,87,72,95,83,96,86,79,75,69,85,89,63,67,94,76,65,35,82
bench,1230,3226,30,30,8,0,0,74.786,73.192,0,0.0,unknown,regular,75,33,63,70,71,69,65,72,86,71,94,82,95,85,78,74,68,84,88,62,66,93,75,64,39,81
low,1231,3226,29,29,12,1,1,69.925,68.346,1,0.4118,unknown,regular,70,29,58,68,67,64,59,67,81,65,89,76,90,79,73,71,63,79,83,57,61,89,70,59,35,75
medium,1232,3226,30,30,26,6,5,73.291,71.654,0,0.0,unknown,regular,73,31,62,69,70,68,63,71,85,69,93,80,94,83,76,74,66,82,86,60,65,92,73,62,37,79
great,1233,3226,30,30,35,15,15,76.421,74.654,0,0.0,unknown,sharpie,77,36,63,70,71,69,66,73,87,72,95,83,96,86,80,86,70,86,90,64,66,94,77,66,36,82
starter,1234,3226,30,30,34,2,4,75.016,73.423,0,0.0,unknown,regular,76,34,63,70,71,69,65,72,86,71,94,82,95,85,78,75,68,84,88,63,66,93,76,65,39,81
bench,1235,3226,31,31,8,0,0,73.411,71.731,0,0.0,unknown,regular,73,31,62,69,70,68,64,71,85,69,93,81,94,83,76,74,66,82,86,60,65,92,73,63,36,79
low,1236,3226,30,30,12,1,1,71.945,70.462,0,0.0,unknown,regular,72,30,60,68,68,66,62,69,83,68,91,79,92,82,75,71,65,81,85,60,63,90,73,62,39,78
medium,1237,3226,29,29,26,6,5,74.287,72.538,0,1.2836,unknown,regular,74,32,63,70,71,69,64,72,86,70,94,81,95,84,77,74,67,83,87,61,66,93,74,64,35,80
great,1238,3226,31,31,35,15,15,73.958,72.385,0,0.0,unknown,regular,74,32,62,70,71,68,64,71,85,70,93,81,94,84,77,74,67,83,87,61,65,93,74,63,39,80
starter,1239,3226,31,31,34,2,4,71.074,69.5,0,0.0,unknown,regular,70,29,60,68,68,66,61,69,83,67,91,78,92,81,73,72,63,79,83,57,63,90,70,60,37,77
bench,1240,3226,31,31,8,0,0,70.909,69.269,0,0.0,unknown,regular,70,27,60,66,68,66,61,69,83,67,91,78,92,81,73,71,63,79,83,57,63,90,71,60,35,77
low,1241,3226,30,30,12,1,1,73.33,71.731,0,0.0,unknown,regular,73,31,62,69,70,68,63,71,85,69,93,80,94,83,76,74,66,82,86,60,65,92,73,63,38,79
medium,1242,3226,29,29,26,6,5,76.112,74.577,0,2.5721,unknown,regular,77,36,64,70,72,70,66,73,87,72,95,83,96,86,80,75,70,86,90,64,67,94,77,66,41,82
great,1243,3226,30,30,35,15,15,75.655,74.038,0,0.0,unknown,regular,76,35,64,70,72,70,66,73,87,71,95,82,96,86,79,75,69,85,89,63,67,94,76,65,39,81
starter,1244,3226,31,31,34,2,4,65.733,64.5,-20,-0.976,decliner,regular,66,29,55,61,61,59,56,62,76,61,84,72,85,75,69,64,60,75,79,56,56,83,66,58,38,71
bench,1245,3226,29,29,8,0,0,72.23,70.923,0,0.3922,unknown,sharpie,73,30,56,62,64,62,63,70,84,69,92,80,93,83,80,75,70,86,85,60,59,92,73,62,42,79
low,1246,3226,30,30,12,1,1,72.024,70.308,0,0.0,unknown,genetic_freak,71,28,64,70,72,70,62,70,84,68,92,79,92,82,72,67,62,78,84,58,67,91,71,61,35,78
medium,1247,3226,29,29,26,6,5,70.463,68.923,0,0.4044,unknown,regular,71,30,58,68,67,64,60,67,81,66,89,77,90,80,74,71,64,80,84,58,61,89,71,60,36,76
great,1248,3226,31,31,35,15,15,76.112,74.577,0,0.0,unknown,regular,77,36,64,70,72,70,66,73,87,72,95,83,96,86,80,75,70,86,90,64,67,94,77,66,41,82
starter,1249,3226,30,30,34,2,4,76.112,74.462,0,0.0,unknown,regular,77,36,64,70,72,70,66,73,87,72,95,83,96,86,80,75,70,86,90,64,67,94,77,66,38,82
bench,1250,3226,30,30,8,0,0,73.743,72.231,0,0.0,unknown,regular,74,33,62,69,70,68,64,71,85,69,93,81,94,83,77,74,67,83,87,61,65,92,74,63,40,79
low,1251,3226,30,30,12,1,1,75.084,73.577,0,0.0,unknown,regular,76,34,63,70,71,69,65,72,86,71,94,82,95,85,79,74,69,85,88,63,66,93,76,65,41,81
medium,1252,3226,31,31,26,6,5,74.821,73.346,0,0.0,unknown,regular,75,34,63,70,71,69,65,72,86,71,94,82,95,85,78,74,68,84,88,62,66,93,75,64,42,81
great,1253,3226,30,30,35,15,15,74.51,72.808,0,0.0,unknown,regular,75,33,63,70,71,69,64,72,86,70,94,81,95,84,77,74,68,83,88,62,66,93,75,64,36,80
starter,1254,3226,30,30,34,2,4,71.877,70.346,0,0.0,unknown,regular,72,31,60,69,69,66,62,69,83,67,91,78,92,81,75,72,65,81,85,59,63,91,72,61,38,77
bench,1255,3226,29,29,8,0,0,73.01,71.5,0,0.545,unknown,regular,74,32,61,68,69,67,63,70,84,69,92,80,93,83,76,72,66,82,87,61,64,91,74,63,39,79
low,1256,3226,31,31,12,1,1,74.2,72.769,0,0.0,unknown,regular,75,34,62,69,70,68,64,71,85,70,93,81,94,84,78,74,68,84,88,62,65,92,75,64,42,80
medium,1257,3226,30,30,26,6,5,73.958,72.231,0,0.0,unknown,regular,74,32,62,70,71,68,64,71,85,70,93,81,94,84,77,74,67,83,87,61,65,93,74,63,35,80
great,1258,3226,31,31,35,15,15,74.829,73.192,0,0.0,unknown,regular,75,33,63,70,71,69,65,72,86,71,94,82,95,85,78,75,68,84,88,62,66,93,75,64,38,81
starter,1259,3226,30,30,34,2,4,73.365,71.808,0,0.0,regular,regular,73,32,62,69,70,68,63,71,85,69,93,80,94,83,76,74,66,82,86,60,65,92,73,63,39,79
bench,1260,3226,30,30,8,0,0,67.855,66.423,0,-0.5533,decliner,regular,68,26,56,62,64,62,58,65,79,64,87,75,88,78,71,67,61,77,81,56,59,86,69,58,36,74
low,1261,3226,30,30,12,1,1,73.608,72.154,0,0.0,unknown,regular,73,31,62,69,70,68,64,71,85,70,93,81,94,84,76,74,66,82,86,61,65,92,74,63,42,80
medium,1262,3226,31,31,26,6,5,71.478,69.923,-24,-1.2772,early_peak,regular,72,33,60,66,68,65,61,69,83,67,91,78,91,81,75,71,65,81,85,59,62,89,72,61,36,77
great,1263,3226,29,29,35,15,15,76.112,74.577,0,5.4171,unknown,regular,77,36,64,70,72,70,66,73,87,72,95,83,96,86,80,75,70,86,90,64,67,94,77,66,41,82
starter,1264,3226,30,30,34,2,4,74.821,73.269,0,0.0,unknown,regular,75,34,63,70,71,69,65,72,86,71,94,82,95,85,78,74,68,84,88,62,66,93,75,64,40,81
bench,1265,3226,31,31,8,0,0,72.848,71.423,0,0.0,unknown,regular,73,31,61,68,70,68,63,71,84,69,92,80,93,83,75,73,65,81,85,60,64,92,73,62,42,79
low,1266,3226,29,29,12,1,1,71.414,69.808,0,0.5751,unknown,regular,71,30,60,68,68,66,61,69,83,67,91,78,92,81,74,72,64,80,84,58,63,91,71,60,36,77
medium,1267,3226,31,31,26,6,5,71.557,69.923,0,0.0,unknown,regular,72,29,60,66,68,66,62,69,83,68,91,79,92,82,74,71,64,80,84,59,63,90,72,61,35,78
great,1268,3226,29,29,35,15,15,76.112,74.423,0,4.4246,unknown,regular,77,36,64,70,72,70,66,73,87,72,95,83,96,86,80,75,70,86,90,64,67,94,77,66,37,82
starter,1269,3226,30,30,34,2,4,75.17,73.538,0,0.0,unknown,regular,76,34,63,70,71,69,65,72,86,71,94,82,95,85,79,75,69,84,89,63,66,94,76,65,38,81
bench,1270,3226,29,29,8,0,0,73.098,71.423,0,0.9226,unknown,jokester,73,30,62,69,70,68,63,71,85,69,93,80,94,83,75,73,66,81,86,60,64,92,73,62,36,79
low,1271,3226,30,30,12,1,1,73.139,71.462,0,0.0,unknown,regular,73,30,62,69,70,68,63,71,85,69,93,80,94,83,75,73,66,81,86,60,65,92,73,62,36,79
medium,1272,3226,31,31,26,6,5,75.498,73.769,0,0.0,unknown,regular,76,34,64,70,72,70,65,73,87,71,95,82,96,85,79,75,69,85,89,63,66,94,76,65,36,81
great,1273,3226,30,30,35,15,15,72.561,71.115,0,0.0,unknown,sharpie,73,32,58,65,66,64,62,70,84,68,92,79,93,82,80,75,70,86,86,60,61,91,73,62,39,78
starter,1274,3226,30,30,34,2,4,74.122,72.654,0,0.0,unknown,regular,75,33,62,69,70,68,64,71,85,70,93,81,94,84,78,73,68,84,88,62,65,92,75,64,41,80
bench,1275,3226,29,29,8,0,0,68.654,67.154,0,0.1854,unknown,regular,68,24,58,65,66,64,59,67,81,65,89,76,90,78,70,70,60,76,80,55,60,88,68,58,37,74
low,1276,3226,30,30,12,1,1,74.0,72.423,0,0.0,unknown,regular,74,32,62,70,71,68,64,71,85,70,94,81,94,84,77,74,67,83,87,61,65,93,74,63,39,80
medium,1277,3226,31,31,26,6,5,75.776,74.154,0,0.0,unknown,regular,76,35,64,70,72,70,66,73,87,72,95,83,96,86,79,75,69,85,89,63,67,94,76,65,39,82
great,1278,3226,30,30,35,15,15,76.112,74.577,0,0.0,unknown,regular,77,36,64,70,72,70,66,73,87,72,95,83,96,86,80,75,70,86,90,64,67,94,77,66,41,82
starter,1279,3226,31,31,34,2,4,76.051,74.423,0,0.0,unknown,sharpie,76,35,62,69,70,68,66,73,87,72,95,83,96,86,80,84,70,86,90,64,65,94,77,66,39,82
bench,1280,3226,31,31,8,0,0,73.913,72.192,0,0.0,unknown,regular,74,32,62,69,71,68,64,71,85,70,93,81,94,84,77,74,67,83,87,61,65,93,74,63,35,80
low,1281,3226,30,30,12,1,1,72.816,71.154,0,0.0,unknown,regular,73,30,61,69,70,67,63,70,84,69,93,80,93,83,75,73,65,81,85,60,64,92,73,62,36,79
medium,1282,3226,31,31,26,6,5,74.786,73.115,0,0.0,unknown,regular,75,33,63,70,71,69,65,72,86,71,94,82,95,85,78,74,68,84,88,62,66,93,75,64,37,81
great,1283,3226,29,29,35,15,15,73.786,72.269,0,0.597,unknown,regular,74,32,62,69,70,68,64,71,85,70,93,81,94,84,77,73,67,83,87,61,65,92,74,63,40,80
starter,1284,3226,31,31,34,2,4,73.21,71.769,0,0.0,unknown,regular,74,32,61,69,69,67,63,70,84,69,92,80,93,83,77,73,67,83,87,61,64,91,74,63,41,79
bench,1285,3226,31,31,8,0,0,73.864,72.385,0,0.0,unknown,regular,74,33,62,69,70,68,64,71,85,70,93,81,94,84,77,74,67,83,87,61,65,92,74,63,41,80
low,1286,3226,29,29,12,1,1,73.68,72.077,0,1.1132,unknown,regular,74,32,62,69,70,68,64,71,85,70,93,81,94,84,76,74,66,82,86,61,65,92,74,63,38,80
medium,1287,3226,29,29,26,6,5,76.112,74.385,0,3.7599,unknown,regular,77,36,64,70,72,70,66,73,87,72,95,83,96,86,80,75,70,86,90,64,67,94,77,66,36,82
great,1288,3226,30,30,35,15,15,73.245,71.769,0,0.0,unknown,regular,74,33,61,69,69,67,63,70,84,69,92,80,93,83,77,73,67,83,87,61,64,91,74,63,40,79
starter,1289,3226,30,30,34,2,4,76.112,74.538,0,0.0,unknown,regular,77,36,64,70,72,70,66,73,87,72,95,83,96,86,80,75,70,86,90,64,67,94,77,66,40,82
bench,1290,3226,30,30,8,0,0,74.551,72.962,0,0.0,unknown,regular,75,33,63,70,71,69,65,72,86,70,94,81,95,84,77,74,68,83,88,62,66,93,75,64,39,80
low,1291,3226,31,31,12,1,1,73.098,71.462,0,0.0,unknown,regular,73,30,62,69,70,68,63,71,85,69,93,80,94,83,75,73,66,81,86,60,64,92,73,62,37,79
medium,1292,3226,31,31,26,6,5,74.903,73.423,0,0.0,unknown,regular,75,34,63,70,71,69,65,72,86,71,94,82,95,85,78,75,68,84,88,62,66,93,75,65,42,81
great,1293,3226,29,29,35,15,15,74.112,72.423,25,2.6606,late_bloomer,regular,75,34,62,68,70,68,64,71,85,70,93,81,94,84,78,73,68,84,88,62,65,92,75,64,35,80
starter,1294,3226,31,31,34,2,4,75.291,73.615,0,0.0,unknown,regular,76,34,63,70,72,69,65,72,86,71,95,82,95,85,79,75,69,85,89,63,66,94,76,65,37,81
bench,1295,3226,31,31,8,0,0,71.945,70.5,0,0.0,unknown,regular,72,30,60,68,68,66,62,69,83,68,91,79,92,82,75,71,65,81,85,60,63,90,73,62,40,78
low,1296,3226,31,31,12,1,1,70.885,69.462,0,0.0,unknown,regular,70,27,60,67,68,66,61,69,83,67,91,78,92,81,72,72,63,78,83,57,63,90,70,60,41,77
medium,1297,3226,31,31,26,6,5,74.329,72.885,0,0.0,unknown,regular,75,34,62,70,71,68,64,71,85,70,93,81,94,84,78,74,68,84,88,62,65,93,75,64,42,80
great,1298,3226,30,30,35,15,15,76.112,74.462,0,0.0,unknown,regular,77,36,64,70,72,70,66,73,87,72,95,83,96,86,80,75,70,86,90,64,67,94,77,66,38,82
starter,1299,3226,31,31,34,2,4,63.561,62.308,-24,-1.1519,decliner,regular,64,27,51,61,60,57,53,60,74,59,82,70,83,73,67,64,57,73,77,51,54,81,64,53,36,69
bench,1300,3226,30,30,8,0,0,74.2,72.731,0,0.0,unknown,regular,75,34,62,69,70,68,64,71,85,70,93,81,94,84,78,74,68,84,88,62,65,92,75,64,41,80
low,1301,3226,32,32,12,1,1,73.703,72.231,0,0.0,unknown,regular,74,33,62,69,70,68,64,71,85,69,93,80,94,83,77,74,67,83,87,61,65,92,74,63,41,79
medium,1302,3226,32,32,26,6,5,71.271,69.654,0,0.0,unknown,regular,71,28,60,67,69,66,62,69,83,67,91,79,92,82,73,72,63,79,83,58,63,90,71,60,36,77
great,1303,3226,32,32,35,15,15,75.291,73.538,0,0.0,unknown,regular,76,34,63,70,72,69,65,72,86,71,95,82,95,85,79,75,69,85,89,63,66,94,76,65,35,81
starter,1304,3226,30,30,34,2,4,74.786,73.077,0,0.0,unknown,regular,75,33,63,70,71,69,65,72,86,71,94,82,95,85,78,74,68,84,88,62,66,93,75,64,36,81
bench,1305,3226,30,30,8,0,0,71.657,70.154,0,0.0,unknown,regular,71,29,60,67,69,66,62,69,83,68,92,79,92,82,74,72,64,80,84,58,63,91,71,61,39,78
low,1306,3226,32,32,12,1,1,73.884,72.269,0,0.0,unknown,regular,74,32,62,70,71,68,64,71,85,70,93,81,94,84,76,74,67,82,87,61,65,93,74,63,38,80
medium,1307,3226,30,30,26,6,5,75.249,73.538,0,0.0,unknown,regular,76,34,63,70,72,69,65,72,86,71,94,82,95,85,79,75,69,85,89,63,66,94,76,65,36,81
great,1308,3226,31,31,35,15,15,76.112,74.538,0,0.0,unknown,regular,77,36,64,70,72,70,66,73,87,72,95,83,96,86,80,75,70,86,90,64,67,94,77,66,40,82
starter,1309,3226,32,32,34,2,4,74.821,73.346,0,0.0,unknown,regular,75,34,63,70,71,69,65,72,86,71,94,82,95,85,78,74,68,84,88,62,66,93,75,64,42,81
bench,1310,3226,30,30,8,0,0,74.122,72.615,0,0.0,unknown,regular,75,33,62,69,70,68,64,71,85,70,93,81,94,84,78,73,68,84,88,62,65,92,75,64,40,80
low,1311,3226,32,32,12,1,1,70.241,68.808,0,0.0,unknown,sharpie,70,29,54,62,63,60,60,68,82,66,90,77,91,80,79,75,69,85,83,57,57,90,70,59,37,76
medium,1312,3226,32,32,26,6,5,75.776,74.0,0,0.0,unknown,regular,76,35,64,70,72,70,66,73,87,72,95,83,96,86,79,75,69,85,89,63,67,94,76,65,35,82
great,1313,3226,30,30,35,15,15,73.245,71.731,0,0.0,unknown,regular,74,33,61,69,69,67,63,70,84,69,92,80,93,83,77,73,67,83,87,61,64,91,74,63,39,79
starter,1314,3226,31,31,34,2,4,75.455,73.846,0,0.0,unknown,regular,76,34,63,70,72,70,65,72,87,72,95,82,95,85,79,75,69,85,89,63,67,94,76,65,39,81
bench,1315,3226,31,31,8,0,0,69.141,67.731,0,0.0,unknown,regular,68,26,58,67,67,64,60,67,81,65,89,76,90,79,70,71,61,76,80,55,61,89,68,58,40,75
low,1316,3226,30,30,12,1,1,70.255,68.731,0,0.0,unknown,regular,71,29,58,67,66,64,60,67,81,66,89,77,90,80,74,70,64,80,84,58,61,88,71,60,36,76
medium,1317,3226,31,31,26,6,5,74.373,72.846,0,0.0,unknown,sharpie,75,33,60,66,68,66,65,72,86,71,94,82,95,85,80,75,70,86,88,62,63,93,75,64,39,81
great,1318,3226,30,30,35,15,15,75.901,74.308,0,0.0,unknown,sharpie,77,36,63,69,71,69,66,73,87,72,95,83,96,86,80,75,70,86,90,64,66,94,77,66,39,82
starter,1319,3226,30,30,34,2,4,74.2,72.692,0,0.0,unknown,regular,75,34,62,69,70,68,64,71,85,70,93,81,94,84,78,74,68,84,88,62,65,92,75,64,40,80
bench,1320,3226,31,31,8,0,0,75.242,73.769,0,0.0,unknown,regular,76,35,63,70,71,69,65,72,86,71,94,82,95,85,79,75,69,85,89,63,66,94,76,65,42,81
low,1321,3226,30,30,12,1,1,75.814,74.308,0,0.0,unknown,regular,76,35,64,70,72,70,66,73,87,72,95,83,96,86,79,75,69,85,89,63,67,94,76,66,42,82
medium,1322,3226,32,32,26,6,5,74.979,73.462,0,0.0,unknown,regular,75,34,63,70,71,69,65,72,86,71,94,82,95,85,78,75,68,84,88,63,66,93,76,65,41,81
great,1323,3226,30,30,35,15,15,76.077,74.423,0,0.0,unknown,regular,77,35,64,70,72,70,66,73,87,72,95,83,96,86,80,75,70,86,90,64,67,94,77,66,38,82
starter,1324,3226,31,31,34,2,4,74.619,73.115,0,0.0,regular,regular,75,34,63,70,71,69,64,72,86,70,94,81,95,84,78,74,68,84,88,62,66,93,75,64,41,80
bench,1325,3226,31,31,8,0,0,74.786,73.077,0,0.0,unknown,regular,75,33,63,70,71,69,65,72,86,71,94,82,95,85,78,74,68,84,88,62,66,93,75,64,36,81
low,1326,3226,32,32,12,1,1,74.786,73.115,0,0.0,unknown,regular,75,33,63,70,71,69,65,72,86,71,94,82,95,85,78,74,68,84,88,62,66,93,75,64,37,81
medium,1327,3226,31,31,26,6,5,76.112,74.538,0,0.0,unknown,regular,77,36,64,70,72,70,66,73,87,72,95,83,96,86,80,75,70,86,90,64,67,94,77,66,40,82
great,1328,3226,32,32,35,15,15,74.786,73.231,0,0.0,unknown,regular,75,33,63,70,71,69,65,72,86,71,94,82,95,85,78,74,68,84,88,62,66,93,75,64,40,81
starter,1329,3226,30,30,34,2,4,75.776,74.0,0,0.0,unknown,regular,76,35,64,70,72,70,66,73,87,72,95,83,96,86,79,75,69,85,89,63,67,94,76,65,35,82
bench,1330,3226,31,31,8,0,0,74.786,73.192,0,0.0,unknown,regular,75,33,63,70,71,69,65,72,86,71,94,82,95,85,78,74,68,84,88,62,66,93,75,64,39,81
low,1331,3226,30,30,12,1,1,69.925,68.346,0,0.0,unknown,regular,70,29,58,68,67,64,59,67,81,65,89,76,90,79,73,71,63,79,83,57,61,89,70,59,35,75
medium,1332,3226,31,31,26,6,5,73.291,71.654,0,0.0,unknown,regular,73,31,62,69,70,68,63,71,85,69,93,80,94,83,76,74,66,82,86,60,65,92,73,62,37,79
great,1333,3226,31,31,35,15,15,76.421,74.654,0,0.0,unknown,sharpie,77,36,63,70,71,69,66,73,87,72,95,83,96,86,80,86,70,86,90,64,66,94,77,66,36,82
starter,1334,3226,31,31,34,2,4,75.016,73.423,0,0.0,unknown,regular,76,34,63,70,71,69,65,72,86,71,94,82,95,85,78,75,68,84,88,63,66,93,76,65,39,81
bench,1335,3226,32,32,8,0,0,73.411,71.731,0,0.0,unknown,regular,73,31,62,69,70,68,64,71,85,69,93,81,94,83,76,74,66,82,86,60,65,92,73,63,36,79
low,1336,3226,31,31,12,1,1,71.945,70.462,0,0.0,unknown,regular,72,30,60,68,68,66,62,69,83,68,91,79,92,82,75,71,65,81,85,60,63,90,73,62,39,78
medium,1337,3226,30,30,26,6,5,74.287,72.538,0,0.0,unknown,regular,74,32,63,70,71,69,64,72,86,70,94,81,95,84,77,74,67,83,87,61,66,93,74,64,35,80
great,1338,3226,32,32,35,15,15,73.958,72.385,0,0.0,unknown,regular,74,32,62,70,71,68,64,71,85,70,93,81,94,84,77,74,67,83,87,61,65,93,74,63,39,80
starter,1339,3226,32,32,34,2,4,71.074,69.5,0,0.0,unknown,regular,70,29,60,68,68,66,61,69,83,67,91,78,92,81,73,72,63,79,83,57,63,90,70,60,37,77
bench,1340,3226,32,32,8,0,0,70.909,69.269,0,0.0,unknown,regular,70,27,60,66,68,66,61,69,83,67,91,78,92,81,73,71,63,79,83,57,63,90,71,60,35,77
low,1341,3226,31,31,12,1,1,73.33,71.731,0,0.0,unknown,regular,73,31,62,69,70,68,63,71,85,69,93,80,94,83,76,74,66,82,86,60,65,92,73,63,38,79
medium,1342,3226,30,30,26,6,5,76.112,74.577,0,0.0,unknown,regular,77,36,64,70,72,70,66,73,87,72,95,83,96,86,80,75,70,86,90,64,67,94,77,66,41,82
great,1343,3226,31,31,35,15,15,75.655,74.038,0,0.0,unknown,regular,76,35,64,70,72,70,66,73,87,71,95,82,96,86,79,75,69,85,89,63,67,94,76,65,39,81
starter,1344,3226,32,32,34,2,4,64.768,63.577,-24,-1.4221,decliner,regular,65,29,54,60,60,58,55,61,75,60,83,71,84,74,68,63,59,74,78,55,55,82,65,57,38,70
bench,1345,3226,30,30,8,0,0,72.23,70.923,0,0.0,unknown,sharpie,73,30,56,62,64,62,63,70,84,69,92,80,93,83,80,75,70,86,85,60,59,92,73,62,42,79
low,1346,3226,31,31,12,1,1,72.024,70.308,0,0.0,unknown,genetic_freak,71,28,64,70,72,70,62,70,84,68,92,79,92,82,72,67,62,78,84,58,67,91,71,61,35,78
medium,1347,3226,30,30,26,6,5,70.463,68.923,0,0.0,unknown,regular,71,30,58,68,67,64,60,67,81,66,89,77,90,80,74,71,64,80,84,58,61,89,71,60,36,76
great,1348,3226,32,32,35,15,15,76.112,74.577,0,0.0,unknown,regular,77,36,64,70,72,70,66,73,87,72,95,83,96,86,80,75,70,86,90,64,67,94,77,66,41,82
starter,1349,3226,31,31,34,2,4,76.112,74.462,0,0.0,unknown,regular,77,36,64,70,72,70,66,73,87,72,95,83,96,86,80,75,70,86,90,64,67,94,77,66,38,82
bench,1350,3226,31,31,8,0,0,73.743,72.231,0,0.0,unknown,regular,74,33,62,69,70,68,64,71,85,69,93,81,94,83,77,74,67,83,87,61,65,92,74,63,40,79
low,1351,3226,31,31,12,1,1,75.084,73.577,0,0.0,unknown,regular,76,34,63,70,71,69,65,72,86,71,94,82,95,85,79,74,69,85,88,63,66,93,76,65,41,81
medium,1352,3226,32,32,26,6,5,74.821,73.346,0,0.0,unknown,regular,75,34,63,70,71,69,65,72,86,71,94,82,95,85,78,74,68,84,88,62,66,93,75,64,42,81
great,1353,3226,31,31,35,15,15,74.51,72.808,0,0.0,unknown,regular,75,33,63,70,71,69,64,72,86,70,94,81,95,84,77,74,68,83,88,62,66,93,75,64,36,80
starter,1354,3226,31,31,34,2,4,71.877,70.346,0,0.0,unknown,regular,72,31,60,69,69,66,62,69,83,67,91,78,92,81,75,72,65,81,85,59,63,91,72,61,38,77
bench,1355,3226,30,30,8,0,0,73.01,71.5,0,0.0,unknown,regular,74,32,61,68,69,67,63,70,84,69,92,80,93,83,76,72,66,82,87,61,64,91,74,63,39,79
low,1356,3226,32,32,12,1,1,74.2,72.769,0,0.0,unknown,regular,75,34,62,69,70,68,64,71,85,70,93,81,94,84,78,74,68,84,88,62,65,92,75,64,42,80
medium,1357,3226,31,31,26,6,5,73.958,72.231,0,0.0,unknown,regular,74,32,62,70,71,68,64,71,85,70,93,81,94,84,77,74,67,83,87,61,65,93,74,63,35,80
great,1358,3226,32,32,35,15,15,74.829,73.192,0,0.0,unknown,regular,75,33,63,70,71,69,65,72,86,71,94,82,95,85,78,75,68,84,88,62,66,93,75,64,38,81
starter,1359,3226,31,31,34,2,4,73.365,71.808,0,0.0,regular,regular,73,32,62,69,70,68,63,71,85,69,93,80,94,83,76,74,66,82,86,60,65,92,73,63,39,79
bench,1360,3226,31,31,8,0,0,67.855,66.423,0,-0.5529,decliner,regular,68,26,56,62,64,62,58,65,79,64,87,75,88,78,71,67,61,77,81,56,59,86,69,58,36,74
low,1361,3226,31,31,12,1,1,73.608,72.154,0,0.0,unknown,regular,73,31,62,69,70,68,64,71,85,70,93,81,94,84,76,74,66,82,86,61,65,92,74,63,42,80
medium,1362,3226,32,32,26,6,5,70.513,69.0,-24,-1.4251,early_peak,regular,71,33,59,65,67,64,60,68,82,66,90,77,90,80,74,70,64,80,84,58,61,88,71,60,36,76
great,1363,3226,30,30,35,15,15,76.112,74.577,0,0.0,unknown,regular,77,36,64,70,72,70,66,73,87,72,95,83,96,86,80,75,70,86,90,64,67,94,77,66,41,82
starter,1364,3226,31,31,34,2,4,74.821,73.269,0,0.0,unknown,regular,75,34,63,70,71,69,65,72,86,71,94,82,95,85,78,74,68,84,88,62,66,93,75,64,40,81
bench,1365,3226,32,32,8,0,0,72.848,71.423,0,0.0,unknown,regular,73,31,61,68,70,68,63,71,84,69,92,80,93,83,75,73,65,81,85,60,64,92,73,62,42,79
low,1366,3226,30,30,12,1,1,71.414,69.808,0,0.0,unknown,regular,71,30,60,68,68,66,61,69,83,67,91,78,92,81,74,72,64,80,84,58,63,91,71,60,36,77
medium,1367,3226,32,32,26,6,5,71.557,69.923,0,0.0,unknown,regular,72,29,60,66,68,66,62,69,83,68,91,79,92,82,74,71,64,80,84,59,63,90,72,61,35,78
great,1368,3226,30,30,35,15,15,76.112,74.423,0,0.0,unknown,regular,77,36,64,70,72,70,66,73,87,72,95,83,96,86,80,75,70,86,90,64,67,94,77,66,37,82
starter,1369,3226,31,31,34,2,4,75.17,73.538,0,0.0,unknown,regular,76,34,63,70,71,69,65,72,86,71,94,82,95,85,79,75,69,84,89,63,66,94,76,65,38,81
bench,1370,3226,30,30,8,0,0,73.098,71.423,0,0.0,unknown,jokester,73,30,62,69,70,68,63,71,85,69,93,80,94,83,75,73,66,81,86,60,64,92,73,62,36,79
low,1371,3226,31,31,12,1,1,73.139,71.462,0,0.0,unknown,regular,73,30,62,69,70,68,63,71,85,69,93,80,94,83,75,73,66,81,86,60,65,92,73,62,36,79
medium,1372,3226,32,32,26,6,5,75.498,73.769,0,0.0,unknown,regular,76,34,64,70,72,70,65,73,87,71,95,82,96,85,79,75,69,85,89,63,66,94,76,65,36,81
great,1373,3226,31,31,35,15,15,72.561,71.115,0,0.0,unknown,sharpie,73,32,58,65,66,64,62,70,84,68,92,79,93,82,80,75,70,86,86,60,61,91,73,62,39,78
starter,1374,3226,31,31,34,2,4,74.122,72.654,0,0.0,unknown,regular,75,33,62,69,70,68,64,71,85,70,93,81,94,84,78,73,68,84,88,62,65,92,75,64,41,80
bench,1375,3226,30,30,8,0,0,68.654,67.154,0,0.0,unknown,regular,68,24,58,65,66,64,59,67,81,65,89,76,90,78,70,70,60,76,80,55,60,88,68,58,37,74
low,1376,3226,31,31,12,1,1,74.0,72.423,0,0.0,unknown,regular,74,32,62,70,71,68,64,71,85,70,94,81,94,84,77,74,67,83,87,61,65,93,74,63,39,80
medium,1377,3226,32,32,26,6,5,75.776,74.154,0,0.0,unknown,regular,76,35,64,70,72,70,66,73,87,72,95,83,96,86,79,75,69,85,89,63,67,94,76,65,39,82
great,1378,3226,31,31,35,15,15,76.112,74.577,0,0.0,unknown,regular,77,36,64,70,72,70,66,73,87,72,95,83,96,86,80,75,70,86,90,64,67,94,77,66,41,82
starter,1379,3226,32,32,34,2,4,76.051,74.423,0,0.0,unknown,sharpie,76,35,62,69,70,68,66,73,87,72,95,83,96,86,80,84,70,86,90,64,65,94,77,66,39,82
bench,1380,3226,32,32,8,0,0,73.913,72.192,0,0.0,unknown,regular,74,32,62,69,71,68,64,71,85,70,93,81,94,84,77,74,67,83,87,61,65,93,74,63,35,80
low,1381,3226,31,31,12,1,1,72.816,71.154,0,0.0,unknown,regular,73,30,61,69,70,67,63,70,84,69,93,80,93,83,75,73,65,81,85,60,64,92,73,62,36,79
medium,1382,3226,32,32,26,6,5,74.786,73.115,0,0.0,unknown,regular,75,33,63,70,71,69,65,72,86,71,94,82,95,85,78,74,68,84,88,62,66,93,75,64,37,81
great,1383,3226,30,30,35,15,15,73.786,72.269,0,0.0,unknown,regular,74,32,62,69,70,68,64,71,85,70,93,81,94,84,77,73,67,83,87,61,65,92,74,63,40,80
starter,1384,3226,32,32,34,2,4,73.21,71.769,0,0.0,unknown,regular,74,32,61,69,69,67,63,70,84,69,92,80,93,83,77,73,67,83,87,61,64,91,74,63,41,79
bench,1385,3226,32,32,8,0,0,73.864,72.385,0,0.0,unknown,regular,74,33,62,69,70,68,64,71,85,70,93,81,94,84,77,74,67,83,87,61,65,92,74,63,41,80
low,1386,3226,30,30,12,1,1,73.68,72.077,0,0.0,unknown,regular,74,32,62,69,70,68,64,71,85,70,93,81,94,84,76,74,66,82,86,61,65,92,74,63,38,80
medium,1387,3226,30,30,26,6,5,76.112,74.385,0,0.0,unknown,regular,77,36,64,70,72,70,66,73,87,72,95,83,96,86,80,75,70,86,90,64,67,94,77,66,36,82
great,1388,3226,31,31,35,15,15,73.245,71.769,0,0.0,unknown,regular,74,33,61,69,69,67,63,70,84,69,92,80,93,83,77,73,67,83,87,61,64,91,74,63,40,79
starter,1389,3226,31,31,34,2,4,76.112,74.538,0,0.0,unknown,regular,77,36,64,70,72,70,66,73,87,72,95,83,96,86,80,75,70,86,90,64,67,94,77,66,40,82
bench,1390,3226,31,31,8,0,0,74.551,72.962,0,0.0,unknown,regular,75,33,63,70,71,69,65,72,86,70,94,81,95,84,77,74,68,83,88,62,66,93,75,64,39,80
low,1391,3226,32,32,12,1,1,73.098,71.462,0,0.0,unknown,regular,73,30,62,69,70,68,63,71,85,69,93,80,94,83,75,73,66,81,86,60,64,92,73,62,37,79
medium,1392,3226,32,32,26,6,5,74.903,73.423,0,0.0,unknown,regular,75,34,63,70,71,69,65,72,86,71,94,82,95,85,78,75,68,84,88,62,66,93,75,65,42,81
great,1393,3226,30,30,35,15,15,75.077,73.346,24,2.537,late_bloomer,regular,76,34,63,69,71,69,65,72,86,71,94,82,95,85,79,74,69,85,89,63,66,93,76,65,35,81
starter,1394,3226,32,32,34,2,4,75.291,73.615,0,0.0,unknown,regular,76,34,63,70,72,69,65,72,86,71,95,82,95,85,79,75,69,85,89,63,66,94,76,65,37,81
bench,1395,3226,32,32,8,0,0,71.945,70.5,0,0.0,unknown,regular,72,30,60,68,68,66,62,69,83,68,91,79,92,82,75,71,65,81,85,60,63,90,73,62,40,78
low,1396,3226,32,32,12,1,1,70.885,69.462,0,0.0,unknown,regular,70,27,60,67,68,66,61,69,83,67,91,78,92,81,72,72,63,78,83,57,63,90,70,60,41,77
medium,1397,3226,32,32,26,6,5,74.329,72.885,0,0.0,unknown,regular,75,34,62,70,71,68,64,71,85,70,93,81,94,84,78,74,68,84,88,62,65,93,75,64,42,80
great,1398,3226,31,31,35,15,15,76.112,74.462,0,0.0,unknown,regular,77,36,64,70,72,70,66,73,87,72,95,83,96,86,80,75,70,86,90,64,67,94,77,66,38,82
starter,1399,3226,32,32,34,2,4,62.596,61.385,-24,-1.5888,decliner,regular,63,27,50,60,59,56,52,59,73,58,81,69,82,72,66,63,56,72,76,50,53,80,63,52,36,68
bench,1400,3226,31,31,8,0,0,74.2,72.731,0,0.0,unknown,regular,75,34,62,69,70,68,64,71,85,70,93,81,94,84,78,74,68,84,88,62,65,92,75,64,41,80
low,1401,3226,33,33,12,1,1,73.703,72.231,0,0.0,unknown,regular,74,33,62,69,70,68,64,71,85,69,93,80,94,83,77,74,67,83,87,61,65,92,74,63,41,79
medium,1402,3226,33,33,26,6,5,71.271,69.654,0,0.0,unknown,regular,71,28,60,67,69,66,62,69,83,67,91,79,92,82,73,72,63,79,83,58,63,90,71,60,36,77
great,1403,3226,33,33,35,15,15,75.291,73.538,0,0.0,unknown,regular,76,34,63,70,72,69,65,72,86,71,95,82,95,85,79,75,69,85,89,63,66,94,76,65,35,81
starter,1404,3226,31,31,34,2,4,74.786,73.077,0,0.0,unknown,regular,75,33,63,70,71,69,65,72,86,71,94,82,95,85,78,74,68,84,88,62,66,93,75,64,36,81
bench,1405,3226,31,31,8,0,0,71.657,70.154,0,0.0,unknown,regular,71,29,60,67,69,66,62,69,83,68,92,79,92,82,74,72,64,80,84,58,63,91,71,61,39,78
low,1406,3226,33,33,12,1,1,73.884,72.269,0,0.0,unknown,regular,74,32,62,70,71,68,64,71,85,70,93,81,94,84,76,74,67,82,87,61,65,93,74,63,38,80
medium,1407,3226,31,31,26,6,5,75.249,73.538,0,0.0,unknown,regular,76,34,63,70,72,69,65,72,86,71,94,82,95,85,79,75,69,85,89,63,66,94,76,65,36,81
great,1408,3226,32,32,35,15,15,76.112,74.538,0,0.0,unknown,regular,77,36,64,70,72,70,66,73,87,72,95,83,96,86,80,75,70,86,90,64,67,94,77,66,40,82
starter,1409,3226,33,33,34,2,4,74.821,73.346,0,0.0,unknown,regular,75,34,63,70,71,69,65,72,86,71,94,82,95,85,78,74,68,84,88,62,66,93,75,64,42,81
bench,1410,3226,31,31,8,0,0,74.122,72.615,0,0.0,unknown,regular,75,33,62,69,70,68,64,71,85,70,93,81,94,84,78,73,68,84,88,62,65,92,75,64,40,80
low,1411,3226,33,33,12,1,1,70.241,68.808,0,0.0,unknown,sharpie,70,29,54,62,63,60,60,68,82,66,90,77,91,80,79,75,69,85,83,57,57,90,70,59,37,76
medium,1412,3226,33,33,26,6,5,75.776,74.0,0,0.0,unknown,regular,76,35,64,70,72,70,66,73,87,72,95,83,96,86,79,75,69,85,89,63,67,94,76,65,35,82
great,1413,3226,31,31,35,15,15,73.245,71.731,0,0.0,unknown,regular,74,33,61,69,69,67,63,70,84,69,92,80,93,83,77,73,67,83,87,61,64,91,74,63,39,79
starter,1414,3226,32,32,34,2,4,75.455,73.846,0,0.0,unknown,regular,76,34,63,70,72,70,65,72,87,72,95,82,95,85,79,75,69,85,89,63,67,94,76,65,39,81
bench,1415,3226,32,32,8,0,0,69.141,67.731,0,0.0,unknown,regular,68,26,58,67,67,64,60,67,81,65,89,76,90,79,70,71,61,76,80,55,61,89,68,58,40,75
low,1416,3226,31,31,12,1,1,70.255,68.731,0,0.0,unknown,regular,71,29,58,67,66,64,60,67,81,66,89,77,90,80,74,70,64,80,84,58,61,88,71,60,36,76
medium,1417,3226,32,32,26,6,5,74.373,72.846,0,0.0,unknown,sharpie,75,33,60,66,68,66,65,72,86,71,94,82,95,85,80,75,70,86,88,62,63,93,75,64,39,81
great,1418,3226,31,31,35,15,15,75.901,74.308,0,0.0,unknown,sharpie,77,36,63,69,71,69,66,73,87,72,95,83,96,86,80,75,70,86,90,64,66,94,77,66,39,82
starter,1419,3226,31,31,34,2,4,74.2,72.692,0,0.0,unknown,regular,75,34,62,69,70,68,64,71,85,70,93,81,94,84,78,74,68,84,88,62,65,92,75,64,40,80
bench,1420,3226,32,32,8,0,0,75.242,73.769,0,0.0,unknown,regular,76,35,63,70,71,69,65,72,86,71,94,82,95,85,79,75,69,85,89,63,66,94,76,65,42,81
low,1421,3226,31,31,12,1,1,75.814,74.308,0,0.0,unknown,regular,76,35,64,70,72,70,66,73,87,72,95,83,96,86,79,75,69,85,89,63,67,94,76,66,42,82
medium,1422,3226,33,33,26,6,5,74.979,73.462,0,0.0,unknown,regular,75,34,63,70,71,69,65,72,86,71,94,82,95,85,78,75,68,84,88,63,66,93,76,65,41,81
great,1423,3226,31,31,35,15,15,76.077,74.423,0,0.0,unknown,regular,77,35,64,70,72,70,66,73,87,72,95,83,96,86,80,75,70,86,90,64,67,94,77,66,38,82
starter,1424,3226,32,32,34,2,4,74.619,73.115,0,0.0,regular,regular,75,34,63,70,71,69,64,72,86,70,94,81,95,84,78,74,68,84,88,62,66,93,75,64,41,80
bench,1425,3226,32,32,8,0,0,74.786,73.077,0,0.0,unknown,regular,75,33,63,70,71,69,65,72,86,71,94,82,95,85,78,74,68,84,88,62,66,93,75,64,36,81
low,1426,3226,33,33,12,1,1,74.786,73.115,0,0.0,unknown,regular,75,33,63,70,71,69,65,72,86,71,94,82,95,85,78,74,68,84,88,62,66,93,75,64,37,81
medium,1427,3226,32,32,26,6,5,76.112,74.538,0,0.0,unknown,regular,77,36,64,70,72,70,66,73,87,72,95,83,96,86,80,75,70,86,90,64,67,94,77,66,40,82
great,1428,3226,33,33,35,15,15,74.786,73.231,0,0.0,unknown,regular,75,33,63,70,71,69,65,72,86,71,94,82,95,85,78,74,68,84,88,62,66,93,75,64,40,81
starter,1429,3226,31,31,34,2,4,75.776,74.0,0,0.0,unknown,regular,76,35,64,70,72,70,66,73,87,72,95,83,96,86,79,75,69,85,89,63,67,94,76,65,35,82
bench,1430,3226,32,32,8,0,0,74.786,73.192,0,0.0,unknown,regular,75,33,63,70,71,69,65,72,86,71,94,82,95,85,78,74,68,84,88,62,66,93,75,64,39,81
low,1431,3226,31,31,12,1,1,69.925,68.346,0,0.0,unknown,regular,70,29,58,68,67,64,59,67,81,65,89,76,90,79,73,71,63,79,83,57,61,89,70,59,35,75
medium,1432,3226,32,32,26,6,5,73.291,71.654,0,0.0,unknown,regular,73,31,62,69,70,68,63,71,85,69,93,80,94,83,76,74,66,82,86,60,65,92,73,62,37,79
great,1433,3226,32,32,35,15,15,76.421,74.654,0,0.0,unknown,sharpie,77,36,63,70,71,69,66,73,87,72,95,83,96,86,80,86,70,86,90,64,66,94,77,66,36,82
starter,1434,3226,32,32,34,2,4,75.016,73.423,0,0.0,unknown,regular,76,34,63,70,71,69,65,72,86,71,94,82,95,85,78,75,68,84,88,63,66,93,76,65,39,81
bench,1435,3226,33,33,8,0,0,73.411,71.731,0,0.0,unknown,regular,73,31,62,69,70,68,64,71,85,69,93,81,94,83,76,74,66,82,86,60,65,92,73,63,36,79
low,1436,3226,32,32,12,1,1,71.945,70.462,0,0.0,unknown,regular,72,30,60,68,68,66,62,69,83,68,91,79,92,82,75,71,65,81,85,60,63,90,73,62,39,78
medium,1437,3226,31,31,26,6,5,74.287,72.538,0,0.0,unknown,regular,74,32,63,70,71,69,64,72,86,70,94,81,95,84,77,74,67,83,87,61,66,93,74,64,35,80
great,1438,3226,33,33,35,15,15,73.958,72.385,0,0.0,unknown,regular,74,32,62,70,71,68,64,71,85,70,93,81,94,84,77,74,67,83,87,61,65,93,74,63,39,80
starter,1439,3226,33,33,34,2,4,71.074,69.5,0,0.0,unknown,regular,70,29,60,68,68,66,61,69,83,67,91,78,92,81,73,72,63,79,83,57,63,90,70,60,37,77
bench,1440,3226,33,33,8,0,0,70.909,69.269,0,0.0,unknown,regular,70,27,60,66,68,66,61,69,83,67,91,78,92,81,73,71,63,79,83,57,63,90,71,60,35,77
low,1441,3226,32,32,12,1,1,73.33,71.731,0,0.0,unknown,regular,73,31,62,69,70,68,63,71,85,69,93,80,94,83,76,74,66,82,86,60,65,92,73,63,38,79
medium,1442,3226,31,31,26,6,5,76.112,74.577,0,0.0,unknown,regular,77,36,64,70,72,70,66,73,87,72,95,83,96,86,80,75,70,86,90,64,67,94,77,66,41,82
great,1443,3226,32,32,35,15,15,75.655,74.038,0,0.0,unknown,regular,76,35,64,70,72,70,66,73,87,71,95,82,96,86,79,75,69,85,89,63,67,94,76,65,39,81
starter,1444,3226,33,33,34,2,4,63.803,62.654,-24,-1.3951,decliner,regular,64,29,53,59,59,57,54,60,74,59,82,70,83,73,67,62,58,73,77,54,54,81,64,56,38,69
bench,1445,3226,31,31,8,0,0,72.23,70.923,0,0.0,unknown,sharpie,73,30,56,62,64,62,63,70,84,69,92,80,93,83,80,75,70,86,85,60,59,92,73,62,42,79
low,1446,3226,32,32,12,1,1,72.024,70.308,0,0.0,unknown,genetic_freak,71,28,64,70,72,70,62,70,84,68,92,79,92,82,72,67,62,78,84,58,67,91,71,61,35,78
medium,1447,3226,31,31,26,6,5,70.463,68.923,0,0.0,unknown,regular,71,30,58,68,67,64,60,67,81,66,89,77,90,80,74,71,64,80,84,58,61,89,71,60,36,76
great,1448,3226,33,33,35,15,15,76.112,74.577,0,0.0,unknown,regular,77,36,64,70,72,70,66,73,87,72,95,83,96,86,80,75,70,86,90,64,67,94,77,66,41,82
starter,1449,3226,32,32,34,2,4,76.112,74.462,0,0.0,unknown,regular,77,36,64,70,72,70,66,73,87,72,95,83,96,86,80,75,70,86,90,64,67,94,77,66,38,82
bench,1450,3226,32,32,8,0,0,73.743,72.231,0,0.0,unknown,regular,74,33,62,69,70,68,64,71,85,69,93,81,94,83,77,74,67,83,87,61,65,92,74,63,40,79
low,1451,3226,32,32,12,1,1,75.084,73.577,0,0.0,unknown,regular,76,34,63,70,71,69,65,72,86,71,94,82,95,85,79,74,69,85,88,63,66,93,76,65,41,81
medium,1452,3226,33,33,26,6,5,74.821,73.346,0,0.0,unknown,regular,75,34,63,70,71,69,65,72,86,71,94,82,95,85,78,74,68,84,88,62,66,93,75,64,42,81
great,1453,3226,32,32,35,15,15,74.51,72.808,0,0.0,unknown,regular,75,33,63,70,71,69,64,72,86,70,94,81,95,84,77,74,68,83,88,62,66,93,75,64,36,80
starter,1454,3226,32,32,34,2,4,71.877,70.346,0,0.0,unknown,regular,72,31,60,69,69,66,62,69,83,67,91,78,92,81,75,72,65,81,85,59,63,91,72,61,38,77
bench,1455,3226,31,31,8,0,0,73.01,71.5,0,0.0,unknown,regular,74,32,61,68,69,67,63,70,84,69,92,80,93,83,76,72,66,82,87,61,64,91,74,63,39,79
low,1456,3226,33,33,12,1,1,74.2,72.769,0,0.0,unknown,regular,75,34,62,69,70,68,64,71,85,70,93,81,94,84,78,74,68,84,88,62,65,92,75,64,42,80
medium,1457,3226,32,32,26,6,5,73.958,72.231,0,0.0,unknown,regular,74,32,62,70,71,68,64,71,85,70,93,81,94,84,77,74,67,83,87,61,65,93,74,63,35,80
great,1458,3226,33,33,35,15,15,74.829,73.192,0,0.0,unknown,regular,75,33,63,70,71,69,65,72,86,71,94,82,95,85,78,75,68,84,88,62,66,93,75,64,38,81
starter,1459,3226,32,32,34,2,4,73.365,71.808,0,0.0,regular,regular,73,32,62,69,70,68,63,71,85,69,93,80,94,83,76,74,66,82,86,60,65,92,73,63,39,79
bench,1460,3226,32,32,8,0,0,67.488,66.077,-9,-0.7951,decliner,regular,68,26,56,62,64,62,58,65,78,64,86,74,87,77,71,66,61,77,80,56,59,85,69,58,36,73
low,1461,3226,32,32,12,1,1,73.608,72.154,0,0.0,unknown,regular,73,31,62,69,70,68,64,71,85,70,93,81,94,84,76,74,66,82,86,61,65,92,74,63,42,80
medium,1462,3226,33,33,26,6,5,69.548,68.077,-24,-1.3483,early_peak,regular,70,33,58,64,66,63,59,67,81,65,89,76,89,79,73,69,63,79,83,57,60,87,70,59,36,75
great,1463,3226,31,31,35,15,15,76.112,74.577,0,0.0,unknown,regular,77,36,64,70,72,70,66,73,87,72,95,83,96,86,80,75,70,86,90,64,67,94,77,66,41,82
starter,1464,3226,32,32,34,2,4,74.821,73.269,0,0.0,unknown,regular,75,34,63,70,71,69,65,72,86,71,94,82,95,85,78,74,68,84,88,62,66,93,75,64,40,81
bench,1465,3226,33,33,8,0,0,72.848,71.423,0,0.0,unknown,regular,73,31,61,68,70,68,63,71,84,69,92,80,93,83,75,73,65,81,85,60,64,92,73,62,42,79
low,1466,3226,31,31,12,1,1,71.414,69.808,0,0.0,unknown,regular,71,30,60,68,68,66,61,69,83,67,91,78,92,81,74,72,64,80,84,58,63,91,71,60,36,77
medium,1467,3226,33,33,26,6,5,71.557,69.923,0,0.0,unknown,regular,72,29,60,66,68,66,62,69,83,68,91,79,92,82,74,71,64,80,84,59,63,90,72,61,35,78
great,1468,3226,31,31,35,15,15,76.112,74.423,0,0.0,unknown,regular,77,36,64,70,72,70,66,73,87,72,95,83,96,86,80,75,70,86,90,64,67,94,77,66,37,82
starter,1469,3226,32,32,34,2,4,75.17,73.538,0,0.0,unknown,regular,76,34,63,70,71,69,65,72,86,71,94,82,95,85,79,75,69,84,89,63,66,94,76,65,38,81
bench,1470,3226,31,31,8,0,0,73.098,71.423,0,0.0,unknown,jokester,73,30,62,69,70,68,63,71,85,69,93,80,94,83,75,73,66,81,86,60,64,92,73,62,36,79
low,1471,3226,32,32,12,1,1,73.139,71.462,0,0.0,unknown,regular,73,30,62,69,70,68,63,71,85,69,93,80,94,83,75,73,66,81,86,60,65,92,73,62,36,79
medium,1472,3226,33,33,26,6,5,75.498,73.769,0,0.0,unknown,regular,76,34,64,70,72,70,65,73,87,71,95,82,96,85,79,75,69,85,89,63,66,94,76,65,36,81
great,1473,3226,32,32,35,15,15,72.561,71.115,0,0.0,unknown,sharpie,73,32,58,65,66,64,62,70,84,68,92,79,93,82,80,75,70,86,86,60,61,91,73,62,39,78
starter,1474,3226,32,32,34,2,4,74.122,72.654,0,0.0,unknown,regular,75,33,62,69,70,68,64,71,85,70,93,81,94,84,78,73,68,84,88,62,65,92,75,64,41,80
bench,1475,3226,31,31,8,0,0,68.654,67.154,0,0.0,unknown,regular,68,24,58,65,66,64,59,67,81,65,89,76,90,78,70,70,60,76,80,55,60,88,68,58,37,74
low,1476,3226,32,32,12,1,1,74.0,72.423,0,0.0,unknown,regular,74,32,62,70,71,68,64,71,85,70,94,81,94,84,77,74,67,83,87,61,65,93,74,63,39,80
medium,1477,3226,33,33,26,6,5,75.776,74.154,0,0.0,unknown,regular,76,35,64,70,72,70,66,73,87,72,95,83,96,86,79,75,69,85,89,63,67,94,76,65,39,82
great,1478,3226,32,32,35,15,15,76.112,74.577,0,0.0,unknown,regular,77,36,64,70,72,70,66,73,87,72,95,83,96,86,80,75,70,86,90,64,67,94,77,66,41,82
starter,1479,3226,33,33,34,2,4,76.051,74.423,0,0.0,unknown,sharpie,76,35,62,69,70,68,66,73,87,72,95,83,96,86,80,84,70,86,90,64,65,94,77,66,39,82
bench,1480,3226,33,33,8,0,0,73.913,72.192,0,0.0,unknown,regular,74,32,62,69,71,68,64,71,85,70,93,81,94,84,77,74,67,83,87,61,65,93,74,63,35,80
low,1481,3226,32,32,12,1,1,72.816,71.154,0,0.0,unknown,regular,73,30,61,69,70,67,63,70,84,69,93,80,93,83,75,73,65,81,85,60,64,92,73,62,36,79
medium,1482,3226,33,33,26,6,5,74.786,73.115,0,0.0,unknown,regular,75,33,63,70,71,69,65,72,86,71,94,82,95,85,78,74,68,84,88,62,66,93,75,64,37,81
great,1483,3226,31,31,35,15,15,73.786,72.269,0,0.0,unknown,regular,74,32,62,69,70,68,64,71,85,70,93,81,94,84,77,73,67,83,87,61,65,92,74,63,40,80
starter,1484,3226,33,33,34,2,4,73.21,71.769,0,0.0,unknown,regular,74,32,61,69,69,67,63,70,84,69,92,80,93,83,77,73,67,83,87,61,64,91,74,63,41,79
bench,1485,3226,33,33,8,0,0,73.864,72.385,0,0.0,unknown,regular,74,33,62,69,70,68,64,71,85,70,93,81,94,84,77,74,67,83,87,61,65,92,74,63,41,80
low,1486,3226,31,31,12,1,1,73.68,72.077,0,0.0,unknown,regular,74,32,62,69,70,68,64,71,85,70,93,81,94,84,76,74,66,82,86,61,65,92,74,63,38,80
medium,1487,3226,31,31,26,6,5,76.112,74.385,0,0.0,unknown,regular,77,36,64,70,72,70,66,73,87,72,95,83,96,86,80,75,70,86,90,64,67,94,77,66,36,82
great,1488,3226,32,32,35,15,15,73.245,71.769,0,0.0,unknown,regular,74,33,61,69,69,67,63,70,84,69,92,80,93,83,77,73,67,83,87,61,64,91,74,63,40,79
starter,1489,3226,32,32,34,2,4,76.112,74.538,0,0.0,unknown,regular,77,36,64,70,72,70,66,73,87,72,95,83,96,86,80,75,70,86,90,64,67,94,77,66,40,82
bench,1490,3226,32,32,8,0,0,74.551,72.962,0,0.0,unknown,regular,75,33,63,70,71,69,65,72,86,70,94,81,95,84,77,74,68,83,88,62,66,93,75,64,39,80
low,1491,3226,33,33,12,1,1,73.098,71.462,0,0.0,unknown,regular,73,30,62,69,70,68,63,71,85,69,93,80,94,83,75,73,66,81,86,60,64,92,73,62,37,79
medium,1492,3226,33,33,26,6,5,74.903,73.423,0,0.0,unknown,regular,75,34,63,70,71,69,65,72,86,71,94,82,95,85,78,75,68,84,88,62,66,93,75,65,42,81
great,1493,3226,31,31,35,15,15,75.249,73.5,4,2.5891,late_bloomer,regular,76,34,63,70,72,69,65,72,86,71,94,82,95,85,79,75,69,85,89,63,66,94,76,65,35,81
starter,1494,3226,33,33,34,2,4,75.291,73.615,0,0.0,unknown,regular,76,34,63,70,72,69,65,72,86,71,95,82,95,85,79,75,69,85,89,63,66,94,76,65,37,81
bench,1495,3226,33,33,8,0,0,71.945,70.5,0,0.0,unknown,regular,72,30,60,68,68,66,62,69,83,68,91,79,92,82,75,71,65,81,85,60,63,90,73,62,40,78
low,1496,3226,33,33,12,1,1,70.885,69.462,0,0.0,unknown,regular,70,27,60,67,68,66,61,69,83,67,91,78,92,81,72,72,63,78,83,57,63,90,70,60,41,77
medium,1497,3226,33,33,26,6,5,74.329,72.885,0,0.0,unknown,regular,75,34,62,70,71,68,64,71,85,70,93,81,94,84,78,74,68,84,88,62,65,93,75,64,42,80
great,1498,3226,32,32,35,15,15,76.112,74.462,0,0.0,unknown,regular,77,36,64,70,72,70,66,73,87,72,95,83,96,86,80,75,70,86,90,64,67,94,77,66,38,82
starter,1499,3226,33,33,34,2,4,61.631,60.462,-24,-1.6645,decliner,regular,62,27,49,59,58,55,51,58,72,57,80,68,81,71,65,62,55,71,75,49,52,79,62,51,36,67
bench,1500,3226,32,32,8,0,0,74.2,72.731,0,0.0,unknown,regular,75,34,62,69,70,68,64,71,85,70,93,81,94,84,78,74,68,84,88,62,65,92,75,64,41,80
low,1501,3226,34,34,12,1,1,72.975,71.538,-18,-0.8031,unknown,regular,73,33,62,68,69,67,64,70,84,68,92,79,93,82,76,73,67,82,86,61,65,91,73,63,41,78
medium,1502,3226,34,34,26,6,5,71.271,69.654,0,-0.4951,unknown,regular,71,28,60,67,69,66,62,69,83,67,91,79,92,82,73,72,63,79,83,58,63,90,71,60,36,77
great,1503,3226,34,34,35,15,15,74.201,72.5,-27,-1.849,unknown,regular,75,34,62,69,71,68,64,71,85,70,93,81,93,84,78,74,68,84,88,62,65,92,75,64,35,80
starter,1504,3226,32,32,34,2,4,74.786,73.077,0,0.0,unknown,regular,75,33,63,70,71,69,65,72,86,71,94,82,95,85,78,74,68,84,88,62,66,93,75,64,36,81
bench,1505,3226,32,32,8,0,0,71.657,70.154,0,0.0,unknown,regular,71,29,60,67,69,66,62,69,83,68,92,79,92,82,74,72,64,80,84,58,63,91,71,61,39,78
low,1506,3226,34,34,12,1,1,72.957,71.385,-23,-0.9311,unknown,regular,73,32,61,69,70,67,63,70,84,69,92,80,93,83,75,73,66,81,86,61,64,92,73,62,38,79
medium,1507,3226,32,32,26,6,5,75.249,73.538,0,0.0,unknown,regular,76,34,63,70,72,69,65,72,86,71,94,82,95,85,79,75,69,85,89,63,66,94,76,65,36,81
great,1508,3226,33,33,35,15,15,76.112,74.538,0,0.0,unknown,regular,77,36,64,70,72,70,66,73,87,72,95,83,96,86,80,75,70,86,90,64,67,94,77,66,40,82
starter,1509,3226,34,34,34,2,4,73.856,72.423,-24,-1.3642,unknown,regular,74,34,62,69,70,68,64,71,85,70,93,81,94,84,77,73,67,83,87,61,65,92,74,63,42,80
bench,1510,3226,32,32,8,0,0,74.122,72.615,0,0.0,unknown,regular,75,33,62,69,70,68,64,71,85,70,93,81,94,84,78,73,68,84,88,62,65,92,75,64,40,80
low,1511,3226,34,34,12,1,1,70.241,68.808,0,-0.3534,unknown,sharpie,70,29,54,62,63,60,60,68,82,66,90,77,91,80,79,75,69,85,83,57,57,90,70,59,37,76
medium,1512,3226,34,34,26,6,5,73.925,72.231,-46,-2.5862,unknown,regular,74,34,62,68,70,68,64,71,85,70,93,81,94,84,77,73,68,83,87,62,65,92,74,64,35,80
great,1513,3226,32,32,35,15,15,73.245,71.731,0,0.0,unknown,regular,74,33,61,69,69,67,63,70,84,69,92,80,93,83,77,73,67,83,87,61,64,91,74,63,39,79
starter,1514,3226,33,33,34,2,4,75.455,73.846,0,0.0,unknown,regular,76,34,63,70,72,70,65,72,87,72,95,82,95,85,79,75,69,85,89,63,67,94,76,65,39,81
bench,1515,3226,33,33,8,0,0,69.141,67.731,0,0.0,unknown,regular,68,26,58,67,67,64,60,67,81,65,89,76,90,79,70,71,61,76,80,55,61,89,68,58,40,75
low,1516,3226,32,32,12,1,1,70.255,68.731,0,0.0,unknown,regular,71,29,58,67,66,64,60,67,81,66,89,77,90,80,74,70,64,80,84,58,61,88,71,60,36,76
medium,1517,3226,33,33,26,6,5,74.373,72.846,0,0.0,unknown,sharpie,75,33,60,66,68,66,65,72,86,71,94,82,95,85,80,75,70,86,88,62,63,93,75,64,39,81
great,1518,3226,32,32,35,15,15,75.901,74.308,0,0.0,unknown,sharpie,77,36,63,69,71,69,66,73,87,72,95,83,96,86,80,75,70,86,90,64,66,94,77,66,39,82
starter,1519,3226,32,32,34,2,4,74.2,72.692,0,0.0,unknown,regular,75,34,62,69,70,68,64,71,85,70,93,81,94,84,78,74,68,84,88,62,65,92,75,64,40,80
bench,1520,3226,33,33,8,0,0,75.242,73.769,0,0.0,unknown,regular,76,35,63,70,71,69,65,72,86,71,94,82,95,85,79,75,69,85,89,63,66,94,76,65,42,81
low,1521,3226,32,32,12,1,1,75.814,74.308,0,0.0,unknown,regular,76,35,64,70,72,70,66,73,87,72,95,83,96,86,79,75,69,85,89,63,67,94,76,66,42,82
medium,1522,3226,34,34,26,6,5,74.014,72.538,-24,-1.6482,unknown,regular,74,34,62,69,70,68,64,71,85,70,93,81,94,84,77,74,67,83,87,62,65,92,75,64,41,80
great,1523,3226,32,32,35,15,15,76.077,74.423,0,0.0,unknown,regular,77,35,64,70,72,70,66,73,87,72,95,83,96,86,80,75,70,86,90,64,67,94,77,66,38,82
starter,1524,3226,33,33,34,2,4,74.619,73.115,0,0.0,regular,regular,75,34,63,70,71,69,64,72,86,70,94,81,95,84,78,74,68,84,88,62,66,93,75,64,41,80
bench,1525,3226,33,33,8,0,0,74.786,73.077,0,0.0,unknown,regular,75,33,63,70,71,69,65,72,86,71,94,82,95,85,78,74,68,84,88,62,66,93,75,64,36,81
low,1526,3226,34,34,12,1,1,73.821,72.192,-24,-1.2605,unknown,regular,74,33,62,69,70,68,64,71,85,70,93,81,94,84,77,73,67,83,87,61,65,92,74,63,37,80
medium,1527,3226,33,33,26,6,5,76.112,74.538,0,0.0,unknown,regular,77,36,64,70,72,70,66,73,87,72,95,83,96,86,80,75,70,86,90,64,67,94,77,66,40,82
great,1528,3226,34,34,35,15,15,73.821,72.308,-24,-1.379,unknown,regular,74,33,62,69,70,68,64,71,85,70,93,81,94,84,77,73,67,83,87,61,65,92,74,63,40,80
starter,1529,3226,32,32,34,2,4,75.776,74.0,0,0.0,unknown,regular,76,35,64,70,72,70,66,73,87,72,95,83,96,86,79,75,69,85,89,63,67,94,76,65,35,82
bench,1530,3226,33,33,8,0,0,74.786,73.192,0,0.0,unknown,regular,75,33,63,70,71,69,65,72,86,71,94,82,95,85,78,74,68,84,88,62,66,93,75,64,39,81
low,1531,3226,32,32,12,1,1,69.925,68.346,0,0.0,unknown,regular,70,29,58,68,67,64,59,67,81,65,89,76,90,79,73,71,63,79,83,57,61,89,70,59,35,75
medium,1532,3226,33,33,26,6,5,73.291,71.654,0,0.0,unknown,regular,73,31,62,69,70,68,63,71,85,69,93,80,94,83,76,74,66,82,86,60,65,92,73,62,37,79
great,1533,3226,33,33,35,15,15,76.421,74.654,0,0.0,unknown,sharpie,77,36,63,70,71,69,66,73,87,72,95,83,96,86,80,86,70,86,90,64,66,94,77,66,36,82
starter,1534,3226,33,33,34,2,4,75.016,73.423,0,0.0,unknown,regular,76,34,63,70,71,69,65,72,86,71,94,82,95,85,78,75,68,84,88,63,66,93,76,65,39,81
bench,1535,3226,34,34,8,0,0,72.683,71.038,-18,-0.8265,unknown,regular,72,31,62,68,69,67,64,70,84,68,92,80,93,82,75,73,66,81,85,60,65,91,72,63,36,78
low,1536,3226,33,33,12,1,1,71.945,70.462,0,0.0,unknown,regular,72,30,60,68,68,66,62,69,83,68,91,79,92,82,75,71,65,81,85,60,63,90,73,62,39,78
medium,1537,3226,32,32,26,6,5,74.287,72.538,0,0.0,unknown,regular,74,32,63,70,71,69,64,72,86,70,94,81,95,84,77,74,67,83,87,61,66,93,74,64,35,80
great,1538,3226,34,34,35,15,15,73.189,71.654,-19,-0.8357,unknown,regular,73,32,62,69,70,67,64,70,84,69,92,80,93,83,76,73,67,82,86,61,64,92,73,63,39,79
starter,1539,3226,34,34,34,2,4,71.074,69.5,0,-0.4115,unknown,regular,70,29,60,68,68,66,61,69,83,67,91,78,92,81,73,72,63,79,83,57,63,90,70,60,37,77
bench,1540,3226,34,34,8,0,0,70.909,69.269,0,-0.4706,unknown,regular,70,27,60,66,68,66,61,69,83,67,91,78,92,81,73,71,63,79,83,57,63,90,71,60,35,77
low,1541,3226,33,33,12,1,1,73.33,71.731,0,0.0,unknown,regular,73,31,62,69,70,68,63,71,85,69,93,80,94,83,76,74,66,82,86,60,65,92,73,63,38,79
medium,1542,3226,32,32,26,6,5,76.112,74.577,0,0.0,unknown,regular,77,36,64,70,72,70,66,73,87,72,95,83,96,86,80,75,70,86,90,64,67,94,77,66,41,82
great,1543,3226,33,33,35,15,15,75.655,74.038,0,0.0,unknown,regular,76,35,64,70,72,70,66,73,87,71,95,82,96,86,79,75,69,85,89,63,67,94,76,65,39,81
starter,1544,3226,34,34,34,2,4,62.838,61.731,-24,-1.3529,decliner,regular,63,29,52,58,58,56,53,59,73,58,81,69,82,72,66,61,57,72,76,53,53,80,63,55,38,68
bench,1545,3226,32,32,8,0,0,72.23,70.923,0,0.0,unknown,sharpie,73,30,56,62,64,62,63,70,84,69,92,80,93,83,80,75,70,86,85,60,59,92,73,62,42,79
low,1546,3226,33,33,12,1,1,72.024,70.308,0,0.0,unknown,genetic_freak,71,28,64,70,72,70,62,70,84,68,92,79,92,82,72,67,62,78,84,58,67,91,71,61,35,78
medium,1547,3226,32,32,26,6,5,70.463,68.923,0,0.0,unknown,regular,71,30,58,68,67,64,60,67,81,66,89,77,90,80,74,71,64,80,84,58,61,89,71,60,36,76
great,1548,3226,34,34,35,15,15,74.106,72.654,-50,-2.8546,unknown,regular,75,35,62,68,70,68,64,71,85,70,93,81,93,84,78,73,68,84,88,62,65,92,75,64,41,80
starter,1549,3226,33,33,34,2,4,76.112,74.462,0,0.0,unknown,regular,77,36,64,70,72,70,66,73,87,72,95,83,96,86,80,75,70,86,90,64,67,94,77,66,38,82
bench,1550,3226,33,33,8,0,0,73.743,72.231,0,0.0,unknown,regular,74,33,62,69,70,68,64,71,85,69,93,81,94,83,77,74,67,83,87,61,65,92,74,63,40,79
low,1551,3226,33,33,12,1,1,75.084,73.577,0,0.0,unknown,regular,76,34,63,70,71,69,65,72,86,71,94,82,95,85,79,74,69,85,88,63,66,93,76,65,41,81
medium,1552,3226,34,34,26,6,5,73.856,72.423,-24,-1.2163,unknown,regular,74,34,62,69,70,68,64,71,85,70,93,81,94,84,77,73,67,83,87,61,65,92,74,63,42,80
great,1553,3226,33,33,35,15,15,74.51,72.808,0,0.0,unknown,regular,75,33,63,70,71,69,64,72,86,70,94,81,95,84,77,74,68,83,88,62,66,93,75,64,36,80
starter,1554,3226,33,33,34,2,4,71.877,70.346,0,0.0,unknown,regular,72,31,60,69,69,66,62,69,83,67,91,78,92,81,75,72,65,81,85,59,63,91,72,61,38,77
bench,1555,3226,32,32,8,0,0,73.01,71.5,0,0.0,unknown,regular,74,32,61,68,69,67,63,70,84,69,92,80,93,83,76,72,66,82,87,61,64,91,74,63,39,79
low,1556,3226,34,34,12,1,1,73.39,72.0,-20,-0.8621,unknown,regular,74,34,61,68,69,67,64,70,84,69,92,80,93,83,77,73,68,83,87,62,64,91,74,64,42,79
medium,1557,3226,33,33,26,6,5,73.958,72.231,0,0.0,unknown,regular,74,32,62,70,71,68,64,71,85,70,93,81,94,84,77,74,67,83,87,61,65,93,74,63,35,80
great,1558,3226,34,34,35,15,15,73.864,72.269,-24,-1.4824,unknown,regular,74,33,62,69,70,68,64,71,85,70,93,81,94,84,77,74,67,83,87,61,65,92,74,63,38,80
starter,1559,3226,33,33,34,2,4,73.365,71.808,0,0.0,regular,regular,73,32,62,69,70,68,63,71,85,69,93,80,94,83,76,74,66,82,86,60,65,92,73,63,39,79
bench,1560,3226,33,33,8,0,0,67.075,65.692,-10,-0.7946,decliner,regular,68,26,56,61,64,62,58,65,77,64,85,73,86,76,71,65,61,77,79,56,59,84,69,58,36,72
low,1561,3226,33,33,12,1,1,73.608,72.154,0,0.0,unknown,regular,73,31,62,69,70,68,64,71,85,70,93,81,94,84,76,74,66,82,86,61,65,92,74,63,42,80
medium,1562,3226,34,34,26,6,5,68.057,66.654,-37,-2.4033,early_peak,regular,69,32,57,62,64,62,58,66,79,64,87,74,87,77,72,67,62,77,81,56,59,85,69,58,36,73
great,1563,3226,32,32,35,15,15,76.112,74.577,0,0.0,unknown,regular,77,36,64,70,72,70,66,73,87,72,95,83,96,86,80,75,70,86,90,64,67,94,77,66,41,82
starter,1564,3226,33,33,34,2,4,74.821,73.269,0,0.0,unknown,regular,75,34,63,70,71,69,65,72,86,71,94,82,95,85,78,74,68,84,88,62,66,93,75,64,40,81
bench,1565,3226,34,34,8,0,0,72.848,71.423,0,-0.3273,unknown,regular,73,31,61,68,70,68,63,71,84,69,92,80,93,83,75,73,65,81,85,60,64,92,73,62,42,79
low,1566,3226,32,32,12,1,1,71.414,69.808,0,0.0,unknown,regular,71,30,60,68,68,66,61,69,83,67,91,78,92,81,74,72,64,80,84,58,63,91,71,60,36,77
medium,1567,3226,34,34,26,6,5,71.557,69.923,0,-0.5332,unknown,regular,72,29,60,66,68,66,62,69,83,68,91,79,92,82,74,71,64,80,84,59,63,90,72,61,35,78
great,1568,3226,32,32,35,15,15,76.112,74.423,0,0.0,unknown,regular,77,36,64,70,72,70,66,73,87,72,95,83,96,86,80,75,70,86,90,64,67,94,77,66,37,82
starter,1569,3226,33,33,34,2,4,75.17,73.538,0,0.0,unknown,regular,76,34,63,70,71,69,65,72,86,71,94,82,95,85,79,75,69,84,89,63,66,94,76,65,38,81
bench,1570,3226,32,32,8,0,0,73.098,71.423,0,0.0,unknown,jokester,73,30,62,69,70,68,63,71,85,69,93,80,94,83,75,73,66,81,86,60,64,92,73,62,36,79
low,1571,3226,33,33,12,1,1,73.139,71.462,0,0.0,unknown,regular,73,30,62,69,70,68,63,71,85,69,93,80,94,83,75,73,66,81,86,60,65,92,73,62,36,79
medium,1572,3226,34,34,26,6,5,74.13,72.462,-34,-2.1016,unknown,regular,75,33,63,69,71,69,64,72,85,70,93,80,94,83,78,73,68,84,87,62,65,92,75,64,36,79
great,1573,3226,33,33,35,15,15,72.561,71.115,0,0.0,unknown,sharpie,73,32,58,65,66,64,62,70,84,68,92,79,93,82,80,75,70,86,86,60,61,91,73,62,39,78
starter,1574,3226,33,33,34,2,4,74.122,72.654,0,0.0,unknown,regular,75,33,62,69,70,68,64,71,85,70,93,81,94,84,78,73,68,84,88,62,65,92,75,64,41,80
bench,1575,3226,32,32,8,0,0,68.654,67.154,0,0.0,unknown,regular,68,24,58,65,66,64,59,67,81,65,89,76,90,78,70,70,60,76,80,55,60,88,68,58,37,74
low,1576,3226,33,33,12,1,1,74.0,72.423,0,0.0,unknown,regular,74,32,62,70,71,68,64,71,85,70,94,81,94,84,77,74,67,83,87,61,65,93,74,63,39,80
medium,1577,3226,34,34,26,6,5,73.925,72.385,-46,-2.545,unknown,regular,74,34,62,68,70,68,64,71,85,70,93,81,94,84,77,73,68,83,87,62,65,92,74,64,39,80
great,1578,3226,33,33,35,15,15,76.112,74.577,0,0.0,unknown,regular,77,36,64,70,72,70,66,73,87,72,95,83,96,86,80,75,70,86,90,64,67,94,77,66,41,82
starter,1579,3226,34,34,34,2,4,74.138,72.577,-48,-2.8442,unknown,sharpie,74,34,61,68,69,67,64,71,85,70,92,81,94,84,77,81,68,83,88,62,64,92,75,64,39,80
bench,1580,3226,34,34,8,0,0,72.948,71.269,-24,-0.948,unknown,regular,73,32,61,68,70,67,63,70,84,69,92,80,93,83,76,73,66,82,86,60,64,92,73,62,35,79
low,1581,3226,33,33,12,1,1,72.816,71.154,0,0.0,unknown,regular,73,30,61,69,70,67,63,70,84,69,93,80,93,83,75,73,65,81,85,60,64,92,73,62,36,79
medium,1582,3226,34,34,26,6,5,73.821,72.192,-24,-1.2316,unknown,regular,74,33,62,69,70,68,64,71,85,70,93,81,94,84,77,73,67,83,87,61,65,92,74,63,37,80
great,1583,3226,32,32,35,15,15,73.786,72.269,0,0.0,unknown,regular,74,32,62,69,70,68,64,71,85,70,93,81,94,84,77,73,67,83,87,61,65,92,74,63,40,80
starter,1584,3226,34,34,34,2,4,73.21,71.769,0,-0.4983,unknown,regular,74,32,61,69,69,67,63,70,84,69,92,80,93,83,77,73,67,83,87,61,64,91,74,63,41,79
bench,1585,3226,34,34,8,0,0,73.055,71.615,-20,-0.868,unknown,regular,73,33,62,68,69,67,63,70,84,69,92,80,93,83,76,73,67,82,86,61,64,91,73,63,41,79
low,1586,3226,32,32,12,1,1,73.68,72.077,0,0.0,unknown,regular,74,32,62,69,70,68,64,71,85,70,93,81,94,84,76,74,66,82,86,61,65,92,74,63,38,80
medium,1587,3226,32,32,26,6,5,76.112,74.385,0,0.0,unknown,regular,77,36,64,70,72,70,66,73,87,72,95,83,96,86,80,75,70,86,90,64,67,94,77,66,36,82
great,1588,3226,33,33,35,15,15,73.245,71.769,0,0.0,unknown,regular,74,33,61,69,69,67,63,70,84,69,92,80,93,83,77,73,67,83,87,61,64,91,74,63,40,79
starter,1589,3226,33,33,34,2,4,76.112,74.538,0,0.0,unknown,regular,77,36,64,70,72,70,66,73,87,72,95,83,96,86,80,75,70,86,90,64,67,94,77,66,40,82
bench,1590,3226,33,33,8,0,0,74.551,72.962,0,0.0,unknown,regular,75,33,63,70,71,69,65,72,86,70,94,81,95,84,77,74,68,83,88,62,66,93,75,64,39,80
low,1591,3226,34,34,12,1,1,72.811,71.192,-7,-0.7086,unknown,regular,73,30,62,69,70,68,63,71,84,69,92,79,93,82,75,73,66,81,86,60,64,91,73,62,37,78
medium,1592,3226,34,34,26,6,5,73.938,72.5,-24,-1.4915,unknown,regular,74,34,62,69,70,68,64,71,85,70,93,81,94,84,77,74,67,83,87,61,65,92,74,64,42,80
great,1593,3226,32,32,35,15,15,75.249,73.5,0,0.8307,late_bloomer,regular,76,34,63,70,72,69,65,72,86,71,94,82,95,85,79,75,69,85,89,63,66,94,76,65,35,81
starter,1594,3226,34,34,34,2,4,74.084,72.462,-30,-1.963,unknown,regular,75,33,62,69,71,68,64,71,84,70,93,81,93,83,78,74,68,84,88,62,65,92,75,64,37,80
bench,1595,3226,34,34,8,0,0,71.945,70.5,0,-0.3308,unknown,regular,72,30,60,68,68,66,62,69,83,68,91,79,92,82,75,71,65,81,85,60,63,90,73,62,40,78
low,1596,3226,34,34,12,1,1,70.885,69.462,0,-0.2138,unknown,regular,70,27,60,67,68,66,61,69,83,67,91,78,92,81,72,72,63,78,83,57,63,90,70,60,41,77
medium,1597,3226,34,34,26,6,5,73.364,71.962,-24,-0.9628,unknown,regular,74,34,61,69,70,67,63,70,84,69,92,80,93,83,77,73,67,83,87,61,64,92,74,63,42,79
great,1598,3226,33,33,35,15,15,76.112,74.462,0,0.0,unknown,regular,77,36,64,70,72,70,66,73,87,72,95,83,96,86,80,75,70,86,90,64,67,94,77,66,38,82
starter,1599,3226,34,34,34,2,4,60.666,59.538,-24,-1.6519,decliner,regular,61,27,48,58,57,54,50,57,71,56,79,67,80,70,64,61,54,70,74,48,51,78,61,50,36,66
bench,1600,3226,33,33,8,0,0,74.2,72.731,0,0.0,unknown,regular,75,34,62,69,70,68,64,71,85,70,93,81,94,84,78,74,68,84,88,62,65,92,75,64,41,80
low,1601,3226,35,35,12,1,1,72.484,71.077,-12,-0.7787,unknown,regular,73,33,62,67,69,67,64,69,83,68,91,78,92,81,76,72,67,81,85,61,65,90,73,63,41,77
medium,1602,3226,35,35,26,6,5,71.271,69.654,0,-0.4544,unknown,regular,71,28,60,67,69,66,62,69,83,67,91,79,92,82,73,72,63,79,83,58,63,90,71,60,36,77
great,1603,3226,35,35,35,15,15,73.236,71.577,-24,-1.7182,unknown,regular,74,34,61,68,70,67,63,70,84,69,92,80,92,83,77,73,67,83,87,61,64,91,74,63,35,79
starter,1604,3226,33,33,34,2,4,74.786,73.077,0,0.0,unknown,regular,75,33,63,70,71,69,65,72,86,71,94,82,95,85,78,74,68,84,88,62,66,93,75,64,36,81
bench,1605,3226,33,33,8,0,0,71.657,70.154,0,0.0,unknown,regular,71,29,60,67,69,66,62,69,83,68,92,79,92,82,74,72,64,80,84,58,63,91,71,61,39,78
low,1606,3226,35,35,12,1,1,72.107,70.577,-21,-0.9202,unknown,regular,72,32,60,68,69,66,62,69,83,68,91,79,92,82,74,72,66,80,85,61,63,91,72,62,38,78
medium,1607,3226,33,33,26,6,5,75.249,73.538,0,0.0,unknown,regular,76,34,63,70,72,69,65,72,86,71,94,82,95,85,79,75,69,85,89,63,66,94,76,65,36,81
great,1608,3226,34,34,35,15,15,73.94,72.462,-54,-3.3676,unknown,regular,75,35,62,68,70,68,64,71,84,70,92,81,93,83,78,73,68,84,88,62,65,91,75,64,40,80
starter,1609,3226,35,35,34,2,4,72.891,71.5,-24,-1.3354,unknown,regular,73,34,61,68,69,67,63,70,84,69,92,80,93,83,76,72,66,82,86,60,64,91,73,62,42,79
bench,1610,3226,33,33,8,0,0,74.122,72.615,0,0.0,unknown,regular,75,33,62,69,70,68,64,71,85,70,93,81,94,84,78,73,68,84,88,62,65,92,75,64,40,80
low,1611,3226,35,35,12,1,1,70.241,68.808,0,-0.3597,unknown,sharpie,70,29,54,62,63,60,60,68,82,66,90,77,91,80,79,75,69,85,83,57,57,90,70,59,37,76
medium,1612,3226,35,35,26,6,5,72.115,70.5,-45,-2.5947,unknown,regular,72,33,61,66,68,66,62,69,83,68,91,79,92,82,75,71,67,81,85,61,63,90,72,63,35,78
great,1613,3226,33,33,35,15,15,73.245,71.731,0,0.0,unknown,regular,74,33,61,69,69,67,63,70,84,69,92,80,93,83,77,73,67,83,87,61,64,91,74,63,39,79
starter,1614,3226,34,34,34,2,4,74.365,72.808,-27,-1.8133,unknown,regular,75,34,62,69,71,69,64,71,86,71,93,81,93,84,78,74,68,84,88,62,66,92,75,64,39,80
bench,1615,3226,34,34,8,0,0,69.141,67.731,0,-0.1495,unknown,regular,68,26,58,67,67,64,60,67,81,65,89,76,90,79,70,71,61,76,80,55,61,89,68,58,40,75
low,1616,3226,33,33,12,1,1,70.255,68.731,0,0.0,unknown,regular,71,29,58,67,66,64,60,67,81,66,89,77,90,80,74,70,64,80,84,58,61,88,71,60,36,76
medium,1617,3226,34,34,26,6,5,73.449,71.962,-23,-1.2283,unknown,sharpie,74,33,60,65,67,65,64,71,85,70,93,81,94,84,79,74,69,85,87,61,62,92,74,63,39,80
great,1618,3226,33,33,35,15,15,75.901,74.308,0,0.0,unknown,sharpie,77,36,63,69,71,69,66,73,87,72,95,83,96,86,80,75,70,86,90,64,66,94,77,66,39,82
starter,1619,3226,33,33,34,2,4,74.2,72.692,0,0.0,unknown,regular,75,34,62,69,70,68,64,71,85,70,93,81,94,84,78,74,68,84,88,62,65,92,75,64,40,80
bench,1620,3226,34,34,8,0,0,74.277,72.846,-24,-1.1284,unknown,regular,75,35,62,69,70,68,64,71,85,70,93,81,94,84,78,74,68,84,88,62,65,93,75,64,42,80
low,1621,3226,33,33,12,1,1,75.814,74.308,0,0.0,unknown,regular,76,35,64,70,72,70,66,73,87,72,95,83,96,86,79,75,69,85,89,63,67,94,76,66,42,82
medium,1622,3226,35,35,26,6,5,73.049,71.615,-24,-1.5807,unknown,regular,73,34,61,68,69,67,63,70,84,69,92,80,93,83,76,73,66,82,86,61,64,91,74,63,41,79
great,1623,3226,33,33,35,15,15,76.077,74.423,0,0.0,unknown,regular,77,35,64,70,72,70,66,73,87,72,95,83,96,86,80,75,70,86,90,64,67,94,77,66,38,82
starter,1624,3226,34,34,34,2,4,73.654,72.192,-24,-1.0474,regular,regular,74,34,62,69,70,68,63,71,85,69,93,80,94,83,77,73,67,83,87,61,65,92,74,63,41,79
bench,1625,3226,34,34,8,0,0,73.821,72.154,-24,-1.2944,unknown,regular,74,33,62,69,70,68,64,71,85,70,93,81,94,84,77,73,67,83,87,61,65,92,74,63,36,80
low,1626,3226,35,35,12,1,1,72.856,71.269,-24,-1.2845,unknown,regular,73,33,61,68,69,67,63,70,84,69,92,80,93,83,76,72,66,82,86,60,64,91,73,62,37,79
medium,1627,3226,34,34,26,6,5,74.022,72.538,-52,-3.0572,unknown,regular,75,35,62,68,70,68,64,71,85,70,92,81,93,84,78,73,68,84,88,62,65,91,75,64,40,80
great,1628,3226,35,35,35,15,15,72.856,71.385,-24,-1.2575,unknown,regular,73,33,61,68,69,67,63,70,84,69,92,80,93,83,76,72,66,82,86,60,64,91,73,62,40,79
starter,1629,3226,33,33,34,2,4,75.776,74.0,0,0.0,unknown,regular,76,35,64,70,72,70,66,73,87,72,95,83,96,86,79,75,69,85,89,63,67,94,76,65,35,82
bench,1630,3226,34,34,8,0,0,73.821,72.269,-24,-1.2645,unknown,regular,74,33,62,69,70,68,64,71,85,70,93,81,94,84,77,73,67,83,87,61,65,92,74,63,39,80
low,1631,3226,33,33,12,1,1,69.925,68.346,0,0.0,unknown,regular,70,29,58,68,67,64,59,67,81,65,89,76,90,79,73,71,63,79,83,57,61,89,70,59,35,75
medium,1632,3226,34,34,26,6,5,72.878,71.269,-10,-0.738,unknown,regular,73,31,62,68,70,68,63,71,84,69,92,79,93,82,76,73,66,82,85,60,65,91,73,62,37,78
great,1633,3226,34,34,35,15,15,73.737,72.077,-67,-3.7655,unknown,sharpie,75,35,61,68,69,67,64,70,84,70,92,80,93,83,76,81,67,82,87,62,64,91,74,64,36,79
starter,1634,3226,34,34,34,2,4,73.926,72.385,-27,-1.7756,unknown,regular,75,34,62,69,70,68,64,71,85,70,92,81,93,84,77,74,67,83,87,62,65,91,75,64,39,80
bench,1635,3226,35,35,8,0,0,72.068,70.462,-15,-0.8234,unknown,regular,72,31,62,67,68,66,64,69,83,67,91,79,92,81,75,72,66,80,84,60,65,90,72,63,36,77
low,1636,3226,34,34,12,1,1,71.945,70.462,0,-0.3271,unknown,regular,72,30,60,68,68,66,62,69,83,68,91,79,92,82,75,71,65,81,85,60,63,90,73,62,39,78
medium,1637,3226,33,33,26,6,5,74.287,72.538,0,0.0,unknown,regular,74,32,63,70,71,69,64,72,86,70,94,81,95,84,77,74,67,83,87,61,66,93,74,64,35,80
great,1638,3226,35,35,35,15,15,72.262,70.769,-23,-0.9415,unknown,regular,72,32,61,68,69,66,63,69,83,68,91,79,92,82,75,72,66,81,85,61,63,91,72,62,39,78
starter,1639,3226,35,35,34,2,4,71.074,69.5,0,-0.4483,unknown,regular,70,29,60,68,68,66,61,69,83,67,91,78,92,81,73,72,63,79,83,57,63,90,70,60,37,77
bench,1640,3226,35,35,8,0,0,70.909,69.269,0,-0.4692,unknown,regular,70,27,60,66,68,66,61,69,83,67,91,78,92,81,73,71,63,79,83,57,63,90,71,60,35,77
low,1641,3226,34,34,12,1,1,72.797,71.231,-13,-0.7764,unknown,regular,73,31,62,68,69,68,63,70,84,69,92,79,93,82,76,73,66,81,85,60,65,91,73,63,38,78
medium,1642,3226,33,33,26,6,5,76.112,74.577,0,0.0,unknown,regular,77,36,64,70,72,70,66,73,87,72,95,83,96,86,80,75,70,86,90,64,67,94,77,66,41,82
great,1643,3226,34,34,35,15,15,74.33,72.769,-33,-2.0895,unknown,regular,75,34,63,69,71,69,65,72,85,70,93,80,94,84,78,74,68,84,87,62,66,92,75,64,39,79
starter,1644,3226,35,35,34,2,4,61.873,60.808,-24,-1.4478,decliner,regular,62,29,51,57,57,55,52,58,72,57,80,68,81,71,65,60,56,71,75,52,52,79,62,54,38,67
bench,1645,3226,33,33,8,0,0,72.23,70.923,0,0.0,unknown,sharpie,73,30,56,62,64,62,63,70,84,69,92,80,93,83,80,75,70,86,85,60,59,92,73,62,42,79
low,1646,3226,34,34,12,1,1,71.895,70.192,-3,-0.5401,unknown,genetic_freak,71,28,64,69,71,69,62,70,84,68,92,79,92,82,72,67,62,78,84,58,67,91,71,61,35,78
medium,1647,3226,33,33,26,6,5,70.463,68.923,0,0.0,unknown,regular,71,30,58,68,67,64,60,67,81,66,89,77,90,80,74,71,64,80,84,58,61,89,71,60,36,76
great,1648,3226,35,35,35,15,15,72.015,70.654,-52,-2.9127,unknown,regular,73,34,60,66,68,66,62,69,83,68,90,79,90,82,76,71,66,82,86,60,63,89,73,62,41,78
starter,1649,3226,34,34,34,2,4,74.185,72.615,-48,-2.6318,unknown,regular,75,35,62,68,70,68,64,71,85,70,93,81,94,84,78,73,68,84,88,63,65,92,75,64,38,80
bench,1650,3226,34,34,8,0,0,73.057,71.577,-17,-0.8149,unknown,regular,73,33,62,68,69,68,64,70,84,68,92,80,93,82,76,73,67,82,86,61,65,91,73,63,40,78
low,1651,3226,34,34,12,1,1,74.12,72.654,-24,-1.4128,unknown,regular,75,34,62,69,70,68,64,71,85,70,93,81,94,84,78,73,68,84,87,62,65,92,75,64,41,80
medium,1652,3226,35,35,26,6,5,72.891,71.5,-24,-1.338,unknown,regular,73,34,61,68,69,67,63,70,84,69,92,80,93,83,76,72,66,82,86,60,64,91,73,62,42,79
great,1653,3226,34,34,35,15,15,73.545,71.885,-24,-1.3025,unknown,regular,74,33,62,69,70,68,63,71,85,69,93,80,94,83,76,73,67,82,87,61,65,92,74,63,36,79
starter,1654,3226,34,34,34,2,4,71.877,70.346,0,-0.4679,unknown,regular,72,31,60,69,69,66,62,69,83,67,91,78,92,81,75,72,65,81,85,59,63,91,72,61,38,77
bench,1655,3226,33,33,8,0,0,73.01,71.5,0,0.0,unknown,regular,74,32,61,68,69,67,63,70,84,69,92,80,93,83,76,72,66,82,87,61,64,91,74,63,39,79
low,1656,3226,35,35,12,1,1,72.622,71.269,-19,-0.8711,unknown,regular,73,34,61,67,68,66,63,69,83,68,91,79,92,82,76,72,68,82,86,62,64,90,73,64,42,78
medium,1657,3226,34,34,26,6,5,73.107,71.423,-21,-0.8874,unknown,regular,73,32,61,69,70,67,63,70,84,69,92,80,93,83,76,73,67,82,86,61,64,92,73,63,35,79
great,1658,3226,35,35,35,15,15,72.899,71.346,-24,-1.4921,unknown,regular,73,33,61,68,69,67,63,70,84,69,92,80,93,83,76,73,66,82,86,60,64,91,73,62,38,79
starter,1659,3226,34,34,34,2,4,72.997,71.462,-9,-0.7267,regular,regular,73,32,62,69,70,68,63,71,84,69,92,79,93,82,76,73,66,82,85,60,65,91,73,63,39,78
bench,1660,3226,34,34,8,0,0,66.754,65.385,-8,-0.7923,decliner,regular,68,26,56,61,64,62,58,65,76,64,84,72,85,75,71,65,61,76,78,56,59,83,69,58,36,72
low,1661,3226,34,34,12,1,1,73.608,72.154,0,-0.3896,unknown,regular,73,31,62,69,70,68,64,71,85,70,93,81,94,84,76,74,66,82,86,61,65,92,74,63,42,80
medium,1662,3226,35,35,26,6,5,66.85,65.5,-30,-2.2855,early_peak,regular,68,31,56,61,63,61,57,65,77,63,85,73,85,75,71,66,61,76,80,55,58,83,68,57,36,72
great,1663,3226,33,33,35,15,15,76.112,74.577,0,0.0,unknown,regular,77,36,64,70,72,70,66,73,87,72,95,83,96,86,80,75,70,86,90,64,67,94,77,66,41,82
starter,1664,3226,34,34,34,2,4,73.856,72.346,-24,-1.4024,unknown,regular,74,34,62,69,70,68,64,71,85,70,93,81,94,84,77,73,67,83,87,61,65,92,74,63,40,80
bench,1665,3226,35,35,8,0,0,72.848,71.423,0,-0.326,unknown,regular,73,31,61,68,70,68,63,71,84,69,92,80,93,83,75,73,65,81,85,60,64,92,73,62,42,79
low,1666,3226,33,33,12,1,1,71.414,69.808,0,0.0,unknown,regular,71,30,60,68,68,66,61,69,83,67,91,78,92,81,74,72,64,80,84,58,63,91,71,60,36,77
medium,1667,3226,35,35,26,6,5,71.557,69.923,0,-0.5113,unknown,regular,72,29,60,66,68,66,62,69,83,68,91,79,92,82,74,71,64,80,84,59,63,90,72,61,35,78
great,1668,3226,33,33,35,15,15,76.112,74.423,0,0.0,unknown,regular,77,36,64,70,72,70,66,73,87,72,95,83,96,86,80,75,70,86,90,64,67,94,77,66,37,82
starter,1669,3226,34,34,34,2,4,74.08,72.5,-27,-1.7722,unknown,regular,75,34,62,69,70,68,64,71,85,70,92,81,93,84,78,74,68,83,88,62,65,92,75,64,38,80
bench,1670,3226,33,33,8,0,0,73.098,71.423,0,0.0,unknown,jokester,73,30,62,69,70,68,63,71,85,69,93,80,94,83,75,73,66,81,86,60,64,92,73,62,36,79
low,1671,3226,34,34,12,1,1,72.771,71.115,-9,-0.7242,unknown,regular,73,30,62,69,70,68,63,71,84,69,92,79,93,82,75,72,66,81,85,60,65,91,73,62,36,78
medium,1672,3226,35,35,26,6,5,72.846,71.231,-32,-2.1303,unknown,regular,74,32,62,68,70,68,63,71,83,69,91,78,92,81,77,72,67,82,86,61,64,90,74,63,36,78
great,1673,3226,34,34,35,15,15,72.481,71.038,-2,-0.4922,unknown,sharpie,73,32,58,65,66,64,62,70,84,68,92,79,93,82,80,74,70,85,86,60,61,91,73,62,39,78
starter,1674,3226,34,34,34,2,4,73.797,72.346,-8,-0.7072,unknown,regular,75,33,62,69,70,68,64,71,84,70,92,80,93,83,78,73,68,84,87,62,65,91,75,64,41,79
bench,1675,3226,33,33,8,0,0,68.654,67.154,0,0.0,unknown,regular,68,24,58,65,66,64,59,67,81,65,89,76,90,78,70,70,60,76,80,55,60,88,68,58,37,74
low,1676,3226,34,34,12,1,1,73.035,71.5,-24,-0.9769,unknown,regular,73,32,61,69,70,67,63,70,84,69,93,80,93,83,76,73,66,82,86,60,64,92,73,62,39,79
medium,1677,3226,35,35,26,6,5,72.156,70.692,-44,-2.5633,unknown,regular,72,33,61,66,68,66,63,69,83,68,91,79,92,82,75,71,67,81,85,61,63,90,72,63,39,78
great,1678,3226,34,34,35,15,15,74.022,72.577,-52,-3.127,unknown,regular,75,35,62,68,70,68,64,71,85,70,92,81,93,84,78,73,68,84,88,62,65,91,75,64,41,80
starter,1679,3226,35,35,34,2,4,72.267,70.769,-47,-2.8562,unknown,sharpie,72,33,60,67,68,66,62,69,83,68,90,79,92,82,74,78,66,80,86,60,63,90,73,62,39,78
bench,1680,3226,35,35,8,0,0,72.021,70.385,-23,-0.9443,unknown,regular,72,32,60,67,69,66,62,69,83,68,91,79,92,82,75,72,65,81,85,60,63,91,72,61,35,78
low,1681,3226,34,34,12,1,1,72.569,70.923,-6,-0.6954,unknown,regular,73,30,61,69,70,67,63,70,83,69,92,79,92,82,75,73,65,81,85,60,64,91,73,62,36,79
medium,1682,3226,35,35,26,6,5,72.856,71.269,-24,-1.3567,unknown,regular,73,33,61,68,69,67,63,70,84,69,92,80,93,83,76,72,66,82,86,60,64,91,73,62,37,79
great,1683,3226,33,33,35,15,15,73.786,72.269,0,0.0,unknown,regular,74,32,62,69,70,68,64,71,85,70,93,81,94,84,77,73,67,83,87,61,65,92,74,63,40,80
starter,1684,3226,35,35,34,2,4,73.21,71.769,0,-0.4927,unknown,regular,74,32,61,69,69,67,63,70,84,69,92,80,93,83,77,73,67,83,87,61,64,91,74,63,41,79
bench,1685,3226,35,35,8,0,0,72.286,70.885,-19,-0.8688,unknown,regular,72,33,62,67,68,66,63,69,83,68,91,79,92,82,75,72,67,81,85,61,63,90,72,63,41,78
low,1686,3226,33,33,12,1,1,73.68,72.077,0,0.0,unknown,regular,74,32,62,69,70,68,64,71,85,70,93,81,94,84,76,74,66,82,86,61,65,92,74,63,38,80
medium,1687,3226,33,33,26,6,5,76.112,74.385,0,0.0,unknown,regular,77,36,64,70,72,70,66,73,87,72,95,83,96,86,80,75,70,86,90,64,67,94,77,66,36,82
great,1688,3226,34,34,35,15,15,73.245,71.769,0,-0.4895,unknown,regular,74,33,61,69,69,67,63,70,84,69,92,80,93,83,77,73,67,83,87,61,64,91,74,63,40,79
starter,1689,3226,34,34,34,2,4,74.462,72.962,-41,-2.3474,unknown,regular,75,35,63,68,70,68,65,71,85,71,93,81,94,84,78,73,69,84,88,63,66,92,76,65,40,80
bench,1690,3226,34,34,8,0,0,73.586,72.038,-24,-1.1853,unknown,regular,74,33,62,69,70,68,64,71,85,69,93,80,94,83,76,73,67,82,87,61,65,92,74,63,39,79
low,1691,3226,35,35,12,1,1,72.523,70.923,-7,-0.7163,unknown,regular,73,30,62,69,70,68,63,71,83,69,91,79,92,81,75,72,66,81,85,60,64,90,73,62,37,78
medium,1692,3226,35,35,26,6,5,72.973,71.577,-24,-1.6243,unknown,regular,73,34,61,68,69,67,63,70,84,69,92,80,93,83,76,73,66,82,86,60,64,91,73,63,42,79
great,1693,3226,33,33,35,15,15,75.249,73.5,0,0.895,late_bloomer,regular,76,34,63,70,72,69,65,72,86,71,94,82,95,85,79,75,69,85,89,63,66,94,76,65,35,81
starter,1694,3226,35,35,34,2,4,72.994,71.423,-27,-1.9103,unknown,regular,74,33,61,68,70,67,63,70,83,69,91,80,91,82,77,73,67,83,87,61,64,90,74,63,37,79
bench,1695,3226,35,35,8,0,0,71.945,70.5,0,-0.3309,unknown,regular,72,30,60,68,68,66,62,69,83,68,91,79,92,82,75,71,65,81,85,60,63,90,73,62,40,78
low,1696,3226,35,35,12,1,1,70.885,69.462,0,-0.2169,unknown,regular,70,27,60,67,68,66,61,69,83,67,91,78,92,81,72,72,63,78,83,57,63,90,70,60,41,77
medium,1697,3226,35,35,26,6,5,72.399,71.038,-24,-1.0447,unknown,regular,73,34,60,68,69,66,62,69,83,68,91,79,92,82,76,72,66,82,86,60,63,91,73,62,42,78
great,1698,3226,34,34,35,15,15,73.862,72.308,-56,-3.3655,unknown,regular,75,35,62,68,70,68,64,71,84,70,92,80,93,83,78,73,68,84,87,62,65,91,75,64,38,80
starter,1699,3226,35,35,34,2,4,59.701,58.615,-24,-1.6046,decliner,regular,60,27,47,57,56,53,49,56,70,55,78,66,79,69,63,60,53,69,73,47,50,77,60,49,36,65
bench,1700,3226,34,34,8,0,0,73.352,71.923,-21,-0.8804,unknown,regular,74,34,61,68,69,67,64,70,84,69,92,80,93,83,77,73,67,83,87,62,64,91,74,64,41,79
starter,1701,3226,34,34,34,2,4,73.821,72.154,-24,-1.2511,unknown,regular,74,33,62,69,70,68,64,71,85,70,93,81,94,84,77,73,67,83,87,61,65,92,74,63,36,80
bench,1702,3226,34,34,8,0,0,71.657,70.154,0,-0.2427,unknown,regular,71,29,60,67,69,66,62,69,83,68,92,79,92,82,74,72,64,80,84,58,63,91,71,61,39,78
medium,1703,3226,34,34,26,6,5,74.083,72.423,-29,-1.9162,unknown,regular,75,33,62,69,71,68,64,71,84,70,92,81,93,84,78,74,68,84,88,62,65,92,75,64,36,80
great,1704,3226,35,35,35,15,15,71.85,70.462,-52,-3.1561,unknown,regular,73,34,60,66,68,66,62,69,82,68,89,79,90,81,76,71,66,82,86,60,63,88,73,62,40,78
bench,1705,3226,34,34,8,0,0,73.997,72.5,-3,-0.6151,unknown,regular,75,33,62,69,70,68,64,71,85,70,92,81,93,84,78,73,68,84,88,62,65,91,75,64,40,80
great,1706,3226,34,34,35,15,15,73.12,71.615,-3,-0.6067,unknown,regular,74,33,61,69,69,67,63,70,84,69,91,80,92,83,77,73,67,83,87,61,64,90,74,63,39,79
starter,1707,3226,35,35,34,2,4,73.275,71.769,-27,-1.8723,unknown,regular,74,34,61,68,70,68,63,70,85,70,91,80,91,83,77,73,67,83,87,61,65,90,74,63,39,79
bench,1708,3226,35,35,8,0,0,69.141,67.731,0,-0.149,unknown,regular,68,26,58,67,67,64,60,67,81,65,89,76,90,79,70,71,61,76,80,55,61,89,68,58,40,75
low,1709,3226,34,34,12,1,1,70.255,68.731,0,-0.285,unknown,regular,71,29,58,67,66,64,60,67,81,66,89,77,90,80,74,70,64,80,84,58,61,88,71,60,36,76
medium,1710,3226,35,35,26,6,5,72.485,71.038,-24,-1.3542,unknown,sharpie,73,33,59,64,66,64,63,70,84,69,92,80,93,83,78,73,68,84,86,60,61,91,73,62,39,79
great,1711,3226,34,34,35,15,15,74.106,72.577,-45,-2.6037,unknown,sharpie,75,35,62,68,70,68,64,71,85,70,93,81,94,84,77,72,68,83,88,63,65,92,75,65,39,80
starter,1712,3226,34,34,34,2,4,73.63,72.154,-14,-0.7826,unknown,regular,75,34,62,68,69,68,64,70,84,70,92,80,93,83,77,73,68,83,87,62,65,91,75,64,40,79
bench,1713,3226,35,35,8,0,0,73.312,71.923,-24,-1.1364,unknown,regular,74,35,61,68,69,67,63,70,84,69,92,80,93,83,77,73,67,83,87,61,64,92,74,63,42,79
low,1714,3226,34,34,12,1,1,74.849,73.385,-24,-1.4824,unknown,regular,75,35,63,69,71,69,65,72,86,71,94,82,95,85,78,74,68,84,88,62,66,93,75,65,42,81
great,1715,3226,34,34,35,15,15,74.543,72.962,-38,-2.1995,unknown,regular,76,34,63,68,70,69,65,71,85,71,93,81,94,84,79,73,69,84,88,63,66,92,76,65,38,80
starter,1716,3226,35,35,34,2,4,72.689,71.269,-24,-1.0804,regular,regular,73,34,61,68,69,67,62,70,84,68,92,79,93,82,76,72,66,82,86,60,64,91,73,62,41,78
bench,1717,3226,35,35,8,0,0,72.856,71.231,-24,-1.2842,unknown,regular,73,33,61,68,69,67,63,70,84,69,92,80,93,83,76,72,66,82,86,60,64,91,73,62,36,79
medium,1718,3226,35,35,26,6,5,72.057,70.654,-49,-2.9568,unknown,regular,73,34,60,66,68,66,62,69,83,68,90,79,91,82,76,71,66,82,86,60,63,89,73,62,40,78
starter,1719,3226,34,34,34,2,4,74.284,72.577,-37,-2.2595,unknown,regular,75,34,63,68,70,69,65,72,85,71,93,81,94,84,78,73,68,83,87,62,66,92,75,64,35,80
bench,1720,3226,35,35,8,0,0,72.856,71.346,-24,-1.2548,unknown,regular,73,33,61,68,69,67,63,70,84,69,92,80,93,83,76,72,66,82,86,60,64,91,73,62,39,79
low,1721,3226,34,34,12,1,1,69.925,68.346,0,-0.3188,unknown,regular,70,29,58,68,67,64,59,67,81,65,89,76,90,79,73,71,63,79,83,57,61,89,70,59,35,75
medium,1722,3226,35,35,26,6,5,72.591,71.0,-7,-0.6986,unknown,regular,73,31,62,68,70,68,63,71,83,69,91,78,92,82,76,72,66,82,84,60,65,90,73,62,37,78
great,1723,3226,35,35,35,15,15,71.133,69.577,-65,-3.7816,unknown,sharpie,73,34,59,66,67,65,62,68,81,68,89,77,90,80,72,76,64,78,84,60,62,88,72,62,36,76
starter,1724,3226,35,35,34,2,4,72.961,71.462,-24,-1.724,unknown,regular,74,34,61,68,69,67,63,70,84,69,91,80,92,83,76,73,66,82,86,61,64,90,74,63,39,79
low,1725,3226,35,35,12,1,1,71.945,70.462,0,-0.3275,unknown,regular,72,30,60,68,68,66,62,69,83,68,91,79,92,82,75,71,65,81,85,60,63,90,73,62,39,78
medium,1726,3226,34,34,26,6,5,73.322,71.615,-24,-0.9782,unknown,regular,73,32,62,69,70,68,63,71,85,69,93,80,94,83,76,73,66,82,86,60,65,92,73,63,35,79
low,1727,3226,35,35,12,1,1,72.343,70.808,-11,-0.7646,unknown,regular,73,31,62,67,69,68,63,69,83,69,91,78,92,81,76,72,66,81,84,60,65,90,73,63,38,77
medium,1728,3226,34,34,26,6,5,74.62,73.154,-37,-2.2101,unknown,regular,76,35,63,68,70,69,65,72,85,71,93,81,94,84,79,73,69,84,88,63,66,92,76,65,41,80
great,1729,3226,35,35,35,15,15,73.164,71.654,-29,-1.989,unknown,regular,74,33,62,68,70,68,64,71,83,69,91,79,92,83,77,73,67,83,86,61,65,90,74,63,39,78
bench,1730,3226,34,34,8,0,0,72.23,70.923,0,-0.3033,unknown,sharpie,73,30,56,62,64,62,63,70,84,69,92,80,93,83,80,75,70,86,85,60,59,92,73,62,42,79
low,1731,3226,35,35,12,1,1,71.726,70.038,-4,-0.5466,unknown,genetic_freak,71,28,64,68,70,68,62,70,84,68,92,79,92,82,72,67,62,78,84,58,66,91,71,61,35,78
medium,1732,3226,34,34,26,6,5,70.463,68.923,0,-0.3105,unknown,regular,71,30,58,68,67,64,60,67,81,66,89,77,90,80,74,71,64,80,84,58,61,89,71,60,36,76
starter,1733,3226,35,35,34,2,4,72.178,70.692,-50,-2.8652,unknown,regular,73,34,60,66,68,66,62,69,83,68,91,79,92,82,76,71,66,82,86,61,63,89,73,62,38,78
bench,1734,3226,35,35,8,0,0,72.368,70.923,-17,-0.8177,unknown,regular,72,33,62,67,68,67,64,69,83,67,91,79,92,81,75,72,67,81,85,61,65,90,73,63,40,77
low,1735,3226,35,35,12,1,1,73.155,71.731,-24,-1.3881,unknown,regular,74,34,61,68,69,67,63,70,84,69,92,80,93,83,77,72,67,83,86,61,64,91,74,63,41,79
great,1736,3226,35,35,35,15,15,72.58,70.962,-24,-1.1828,unknown,regular,73,33,61,68,69,67,62,70,84,68,92,79,93,82,75,72,66,81,86,60,64,91,73,62,36,78
starter,1737,3226,35,35,34,2,4,71.877,70.346,0,-0.4874,unknown,regular,72,31,60,69,69,66,62,69,83,67,91,78,92,81,75,72,65,81,85,59,63,91,72,61,38,77
bench,1738,3226,34,34,8,0,0,73.01,71.5,0,-0.4244,unknown,regular,74,32,61,68,69,67,63,70,84,69,92,80,93,83,76,72,66,82,87,61,64,91,74,63,39,79
medium,1739,3226,35,35,26,6,5,72.18,70.538,-23,-0.9747,unknown,regular,72,32,60,68,69,66,62,69,83,68,91,79,92,82,75,72,66,81,85,61,63,91,72,62,35,78
starter,1740,3226,35,35,34,2,4,72.585,71.077,-10,-0.7423,regular,regular,73,32,62,68,70,68,63,71,83,69,91,78,92,81,76,72,66,82,84,60,65,90,73,63,39,77
bench,1741,3226,35,35,8,0,0,66.426,65.077,-8,-0.7937,decliner,regular,68,26,56,61,64,62,58,65,75,64,83,72,84,74,71,64,61,76,77,56,59,82,69,58,36,71
low,1742,3226,35,35,12,1,1,73.608,72.154,0,-0.3992,unknown,regular,73,31,62,69,70,68,64,71,85,70,93,81,94,84,76,74,66,82,86,61,65,92,74,63,42,80
great,1743,3226,34,34,35,15,15,73.655,72.231,-61,-3.708,unknown,regular,75,35,62,67,69,68,64,71,84,70,92,80,93,83,78,72,68,83,87,62,65,91,75,64,41,79
starter,1744,3226,35,35,34,2,4,72.891,71.423,-24,-1.3457,unknown,regular,73,34,61,68,69,67,63,70,84,69,92,80,93,83,76,72,66,82,86,60,64,91,73,62,40,79
low,1745,3226,34,34,12,1,1,71.414,69.808,0,-0.4584,unknown,regular,71,30,60,68,68,66,61,69,83,67,91,78,92,81,74,72,64,80,84,58,63,91,71,60,36,77
great,1746,3226,34,34,35,15,15,74.022,72.423,-52,-3.0283,unknown,regular,75,35,62,68,70,68,64,71,85,70,92,81,93,84,78,73,68,84,88,62,65,91,75,64,37,80
starter,1747,3226,35,35,34,2,4,72.99,71.462,-27,-1.8679,unknown,regular,74,34,61,68,69,67,63,70,84,69,90,80,91,83,77,73,67,82,87,61,64,90,74,63,38,79
bench,1748,3226,34,34,8,0,0,72.685,71.038,-10,-0.7167,unknown,jokester,73,30,62,68,70,68,63,71,84,69,92,79,93,82,75,72,66,81,85,60,64,91,73,62,36,78
low,1749,3226,35,35,12,1,1,72.447,70.808,-8,-0.7374,unknown,regular,73,30,62,69,70,68,63,71,83,69,91,78,92,81,75,72,66,81,84,60,65,90,73,62,36,77
great,1750,3226,35,35,35,15,15,72.401,70.962,-2,-0.4886,unknown,sharpie,73,32,58,65,66,64,62,70,84,68,92,79,93,82,80,73,70,84,86,60,61,91,73,62,39,78
starter,1751,3226,35,35,34,2,4,73.429,72.0,-9,-0.7114,unknown,regular,75,33,62,69,70,68,64,71,83,70,91,79,92,82,78,72,68,84,86,62,65,90,75,64,41,78
bench,1752,3226,34,34,8,0,0,68.654,67.154,0,-0.1437,unknown,regular,68,24,58,65,66,64,59,67,81,65,89,76,90,78,70,70,60,76,80,55,60,88,68,58,37,74
low,1753,3226,35,35,12,1,1,72.07,70.577,-24,-0.9958,unknown,regular,72,32,60,68,69,66,62,69,83,68,92,79,92,82,75,72,65,81,85,59,63,91,72,61,39,78
great,1754,3226,35,35,35,15,15,71.85,70.5,-54,-3.3063,unknown,regular,73,34,60,66,68,66,62,69,82,68,89,79,90,81,76,71,66,82,86,60,63,88,73,62,41,78
low,1755,3226,35,35,12,1,1,72.285,70.654,-7,-0.7007,unknown,regular,73,30,61,69,70,67,63,70,82,69,91,78,91,81,75,73,65,81,84,60,64,90,73,62,36,79
great,1756,3226,34,34,35,15,15,73.786,72.269,0,-0.5164,unknown,regular,74,32,62,69,70,68,64,71,85,70,93,81,94,84,77,73,67,83,87,61,65,92,74,63,40,80
low,1757,3226,34,34,12,1,1,72.911,71.346,-19,-0.8654,unknown,regular,73,32,62,68,69,67,64,70,84,69,92,80,93,83,75,73,66,81,85,61,64,91,73,63,38,79
medium,1758,3226,34,34,26,6,5,74.185,72.538,-48,-2.8349,unknown,regular,75,35,62,68,70,68,64,71,85,70,93,81,94,84,78,73,68,84,88,63,65,92,75,64,36,80
great,1759,3226,35,35,35,15,15,73.245,71.769,0,-0.4798,unknown,regular,74,33,61,69,69,67,63,70,84,69,92,80,93,83,77,73,67,83,87,61,64,91,74,63,40,79
starter,1760,3226,35,35,34,2,4,72.971,71.538,-37,-2.282,unknown,regular,74,34,62,66,68,67,64,70,83,70,91,79,92,82,77,71,68,82,86,62,65,90,75,64,40,78
bench,1761,3226,35,35,8,0,0,72.621,71.115,-24,-1.1847,unknown,regular,73,33,61,68,69,67,63,70,84,68,92,79,93,82,75,72,66,81,86,60,64,91,73,62,39,78
great,1762,3226,34,34,35,15,15,75.249,73.5,0,0.8664,late_bloomer,regular,76,34,63,70,72,69,65,72,86,71,94,82,95,85,79,75,69,85,89,63,66,94,76,65,35,81
great,1763,3226,35,35,35,15,15,71.691,70.231,-54,-3.3446,unknown,regular,73,34,60,66,68,66,62,69,81,68,89,78,90,80,76,71,66,82,85,60,63,88,73,62,38,78
bench,1764,3226,35,35,8,0,0,72.502,71.115,-21,-0.8831,unknown,regular,73,34,60,67,68,66,63,69,83,68,91,79,92,82,76,72,67,82,86,62,63,90,73,64,41,78
starter,1765,3226,35,35,34,2,4,72.856,71.231,-24,-1.2545,unknown,regular,73,33,61,68,69,67,63,70,84,69,92,80,93,83,76,72,66,82,86,60,64,91,73,62,36,79
bench,1766,3226,35,35,8,0,0,71.657,70.154,0,-0.2421,unknown,regular,71,29,60,67,69,66,62,69,83,68,92,79,92,82,74,72,64,80,84,58,63,91,71,61,39,78
medium,1767,3226,35,35,26,6,5,72.916,71.308,-29,-1.924,unknown,regular,74,32,61,68,70,67,63,70,82,69,90,80,91,83,77,73,67,83,87,61,64,90,74,63,36,79
bench,1768,3226,35,35,8,0,0,73.871,72.385,-3,-0.6146,unknown,regular,75,33,62,69,70,68,64,71,85,70,91,81,92,84,78,73,68,84,88,62,65,90,75,64,40,80
great,1769,3226,35,35,35,15,15,73.036,71.538,-2,-0.6036,unknown,regular,74,33,61,69,69,67,63,70,84,69,90,80,92,83,77,73,67,83,87,61,64,89,74,63,39,79
low,1770,3226,35,35,12,1,1,70.255,68.731,0,-0.2869,unknown,regular,71,29,58,67,66,64,60,67,81,66,89,77,90,80,74,70,64,80,84,58,61,88,71,60,36,76
great,1771,3226,35,35,35,15,15,72.546,71.077,-39,-2.4195,unknown,sharpie,74,34,61,67,69,67,63,69,83,68,91,79,92,82,75,70,66,81,86,62,64,90,74,64,39,78
starter,1772,3226,35,35,34,2,4,73.18,71.731,-11,-0.7579,unknown,regular,75,34,62,67,69,68,64,70,83,70,91,79,92,82,77,72,68,82,86,62,65,90,75,64,40,78
low,1773,3226,35,35,12,1,1,73.885,72.462,-24,-1.4705,unknown,regular,74,35,62,68,70,68,64,71,85,70,93,81,94,84,77,73,67,83,87,61,65,92,74,64,42,80
great,1774,3226,35,35,35,15,15,73.219,71.692,-33,-2.087,unknown,regular,75,33,62,67,69,68,64,70,83,70,91,79,92,82,78,72,68,83,86,62,65,90,75,64,38,78
starter,1775,3226,35,35,34,2,4,72.751,71.115,-38,-2.3139,unknown,regular,74,33,62,66,68,68,64,70,83,70,91,79,92,82,77,71,67,81,85,61,65,90,74,63,35,78
low,1776,3226,35,35,12,1,1,69.925,68.346,0,-0.3197,unknown,regular,70,29,58,68,67,64,59,67,81,65,89,76,90,79,73,71,63,79,83,57,61,89,70,59,35,75
medium,1777,3226,35,35,26,6,5,72.357,70.692,-24,-1.0218,unknown,regular,72,32,61,68,69,67,62,70,84,68,92,79,93,82,75,72,65,81,85,59,64,91,72,62,35,78
medium,1778,3226,35,35,26,6,5,73.296,71.885,-33,-2.1512,unknown,regular,75,34,62,67,69,68,64,71,83,70,91,79,92,82,78,72,68,83,86,62,65,90,75,64,41,78
bench,1779,3226,35,35,8,0,0,72.23,70.923,0,-0.3042,unknown,sharpie,73,30,56,62,64,62,63,70,84,69,92,80,93,83,80,75,70,86,85,60,59,92,73,62,42,79
medium,1780,3226,35,35,26,6,5,70.463,68.923,0,-0.2882,unknown,regular,71,30,58,68,67,64,60,67,81,66,89,77,90,80,74,71,64,80,84,58,61,89,71,60,36,76
bench,1781,3226,35,35,8,0,0,73.01,71.5,0,-0.4277,unknown,regular,74,32,61,68,69,67,63,70,84,69,92,80,93,83,76,72,66,82,87,61,64,91,74,63,39,79
great,1782,3226,35,35,35,15,15,71.0,69.692,-66,-4.0287,unknown,regular,72,34,60,64,66,66,62,68,81,67,88,77,90,80,75,69,66,80,84,60,63,88,73,62,41,76
low,1783,3226,35,35,12,1,1,71.414,69.808,0,-0.4572,unknown,regular,71,30,60,68,68,66,61,69,83,67,91,78,92,81,74,72,64,80,84,58,63,91,71,60,36,77
great,1784,3226,35,35,35,15,15,71.89,70.385,-53,-3.1338,unknown,regular,73,34,60,66,68,66,62,69,82,68,89,79,90,82,76,71,66,82,86,60,63,88,73,62,37,78
bench,1785,3226,35,35,8,0,0,72.438,70.808,-6,-0.717,unknown,jokester,73,30,62,68,70,68,63,71,83,69,91,78,92,81,75,72,66,81,85,60,64,90,73,62,36,78
bench,1786,3226,35,35,8,0,0,68.654,67.154,0,-0.1436,unknown,regular,68,24,58,65,66,64,59,67,81,65,89,76,90,78,70,70,60,76,80,55,60,88,68,58,37,74
great,1787,3226,35,35,35,15,15,73.786,72.269,0,-0.5432,unknown,regular,74,32,62,69,70,68,64,71,85,70,93,81,94,84,77,73,67,83,87,61,65,92,74,63,40,80
low,1788,3226,35,35,12,1,1,72.184,70.654,-18,-0.8592,unknown,regular,72,32,62,67,68,66,64,69,83,68,91,79,92,82,74,72,66,80,84,61,64,90,72,63,38,78
medium,1789,3226,35,35,26,6,5,72.179,70.615,-50,-2.9121,unknown,regular,73,34,60,66,68,66,62,69,83,68,91,79,91,82,76,71,66,82,86,61,63,90,73,62,36,78
great,1790,3226,35,35,35,15,15,75.249,73.5,0,0.8343,late_bloomer,regular,76,34,63,70,72,69,65,72,86,71,94,82,95,85,79,75,69,85,89,63,66,94,76,65,35,81
